Repository,Input Type,Output Type,Normalization Needed
activity_feed,Domain,Finding,Yes
ad_agent,Domain,Finding,Yes
agent_1,Domain,Finding,Yes
agent_trace,Domain,Finding,Yes
agent_trace_test,Domain,Finding,Yes
app_3,Domain,Finding,Yes
attach,Domain,Finding,Yes
attach_test,Domain,Finding,Yes
audit,Domain,Finding,Yes
audit-logger,Domain,Finding,Yes
audit-session,Domain,Finding,Yes
base-agent,Domain,Finding,Yes
base_1,Domain,Finding,Yes
base_tool,Domain,Finding,Yes
batch_task,Domain,Finding,Yes
batch_task_manager,Domain,Finding,Yes
batch_task_mcp,Domain,Finding,Yes
beacongo,Domain,Finding,Yes
bug,Domain,Finding,Yes
BurpExtender,Domain,Finding,Yes
BurpExtender1,Domain,Finding,Yes
c2_hitl_bridge,Domain,Finding,Yes
CLAUDE,Domain,Finding,Yes
claude_reasoning_roundtrip,Domain,Finding,Yes
claude_reasoning_roundtrip_test,Domain,Finding,Yes
cleanup-rollback,Domain,Finding,Yes
client,Domain,Finding,Yes
cmdi-agent,Domain,Finding,Yes
config,URL,Technology,Yes
config_3,Domain,Finding,Yes
content,Domain,Finding,Yes
controller,Domain,Finding,Yes
corpus,Domain,Finding,Yes
cost,Domain,Finding,Yes
createdFiles,Domain,Finding,Yes
CTF,Domain,Finding,Yes
cyberstrikeai-burp-extension-100,Domain,Finding,Yes
CyberStrikeAIClientConfig,Domain,Finding,Yes
CyberStrikeAITabTestRun,Domain,Finding,Yes
CyberStrikeAITabTestRunCellRenderer,Domain,Finding,Yes
dashboard,Domain,Finding,Yes
default,Domain,Finding,Yes
default_1,Domain,Finding,Yes
dependency_graph,Domain,Finding,Yes
detector,Domain,Finding,Yes
development,Domain,Finding,Yes
eino_checkpoint,Domain,Finding,Yes
eino_execute_monitor,Domain,Finding,Yes
eino_execute_streaming_wrap,Domain,Finding,Yes
eino_exit_fallback_test,Domain,Finding,Yes
eino_filesystem_tool_monitor,Domain,Finding,Yes
eino_input_telemetry,Domain,Finding,Yes
eino_middleware,Domain,Finding,Yes
eino_middleware_test,Domain,Finding,Yes
eino_model_facing_trace,Domain,Finding,Yes
eino_model_rewrite_pipeline,Domain,Finding,Yes
eino_orchestration,Domain,Finding,Yes
eino_resume_segment,Domain,Finding,Yes
eino_single_agent,Domain,Finding,Yes
eino_skills,Domain,Finding,Yes
eino_sse_sanitizer,Domain,Finding,Yes
eino_sse_sanitizer_test,Domain,Finding,Yes
eino_summarize,Domain,Finding,Yes
eino_summarize_test,Domain,Finding,Yes
engagement-planning,Domain,Finding,Yes
EQBSL-Primer,Domain,Finding,Yes
events,Domain,Finding,Yes
events_1,Domain,Finding,Yes
EvidenceCommand,Domain,Finding,Yes
eyewitness,Domain,Finding,Yes
feature,Domain,Finding,Yes
feature_2,Domain,Finding,Yes
formatting,Domain,Finding,Yes
frontmatter,Domain,Finding,Yes
generate-totp,Domain,Finding,Yes
git-manager,Domain,Finding,Yes
ground-truth-agent,Domain,Finding,Yes
group,Domain,Finding,Yes
hitl_context,Domain,Finding,Yes
hitl_middleware,Domain,Finding,Yes
holder,Domain,Finding,Yes
HttpMessageFormatter,Domain,Finding,Yes
impact-exfiltration,Domain,Finding,Yes
index,Domain,Finding,Yes
index_12,Domain,Finding,Yes
index_3,Domain,Finding,Yes
index_4,Domain,Finding,Yes
index_9,Domain,Finding,Yes
install_preferences,Domain,Finding,Yes
interrupt,Domain,Finding,Yes
lateral-movement,Domain,Finding,Yes
layout,Domain,Finding,Yes
listener_tcp,Domain,Finding,Yes
log-stream,Domain,Finding,Yes
logger,Domain,Finding,Yes
logger_1,Domain,Finding,Yes
login-instructions,Domain,Finding,Yes
login-instructions_1,Domain,Finding,Yes
logo,Domain,Finding,Yes
main_12,Domain,Finding,Yes
main_3,Domain,Finding,Yes
main_8,Domain,Finding,Yes
markdown_orchestrator_test,Domain,Finding,Yes
mcp_pent_claude_agent,Domain,Finding,Yes
mcp_tools,Domain,Finding,Yes
memory,Domain,Finding,Yes
metrics,Domain,Finding,Yes
models,Domain,Finding,Yes
model_manager,Domain,Finding,Yes
multi_agent_prepare,Domain,Finding,Yes
navigator,Domain,Finding,Yes
normalize_streaming_delta_test,Domain,Finding,Yes
normalize_streaming_eof_test,Domain,Finding,Yes
opsec-evasion,Domain,Finding,Yes
orchestratortest,Domain,Finding,Yes
orchestrator_instruction,Domain,Finding,Yes
orphan_tool_pruner_middleware_test,Domain,Finding,Yes
otel,Domain,Finding,Yes
package-lock_1,Domain,Finding,Yes
package_2,Domain,Finding,Yes
package_4,Domain,Finding,Yes
paths_1,Domain,Finding,Yes
payload_builder,Domain,Finding,Yes
PentestGPT_design,Domain,Finding,Yes
persistence-maintenance,Domain,Finding,Yes
plan_execute_executor,Domain,Finding,Yes
plan_execute_steps_cap,Domain,Finding,Yes
plan_execute_steps_cap_test,Domain,Finding,Yes
plan_execute_text,Domain,Finding,Yes
plan_execute_text_test,Domain,Finding,Yes
plugin_3,Domain,Finding,Yes
plugin_center,Domain,Finding,Yes
pnpm-workspace,Domain,Finding,Yes
portscan-all-tcp-ports,Domain,Finding,Yes
portscan-top-100-udp-ports,Domain,Finding,Yes
pre-commit-config,Domain,Finding,Yes
pre-recon-code_3,Domain,Finding,Yes
privilege-escalation,Domain,Finding,Yes
production,Domain,Finding,Yes
progress-manager,Domain,Finding,Yes
prompt-manager,Domain,Finding,Yes
prompts,Domain,Finding,Yes
prompt_select,Domain,Finding,Yes
README_14,Domain,Finding,Yes
README_34,Domain,Finding,Yes
README_35,Domain,Finding,Yes
README_40,Domain,Finding,Yes
reasoning_trace,Domain,Finding,Yes
reasoning_trace_test,Domain,Finding,Yes
reconftw_prox_deploy,Domain,Finding,Yes
recon_3,Domain,Finding,Yes
registry_4,Domain,Finding,Yes
registry_8,Domain,Finding,Yes
registry_bridge,Domain,Finding,Yes
remediation-agent,Domain,Finding,Yes
report-output-provider,Domain,Finding,Yes
reporting-remediation,Domain,Finding,Yes
report_agent,Domain,Finding,Yes
result,Domain,Finding,Yes
role,Domain,Finding,Yes
router,Domain,Finding,Yes
runner_reasoning_history_test,Domain,Finding,Yes
run_context,Domain,Finding,Yes
save-deliverable,Domain,Finding,Yes
service_1,Domain,Finding,Yes
settings_3,Domain,Finding,Yes
settings_4,Domain,Finding,Yes
skills,Domain,Finding,Yes
splash,Domain,Finding,Yes
sse_stream,Domain,Finding,Yes
styles,Domain,Finding,Yes
summary-mapper,Domain,Finding,Yes
task_handler,Domain,Finding,Yes
task_manager,Domain,Finding,Yes
task_processor,Domain,Finding,Yes
task_tree_manager,Domain,Finding,Yes
test-multibar,Domain,Finding,Yes
test_async_prompt,Domain,Finding,Yes
test_backend_interface,Domain,Finding,Yes
test_base_agent_coverage,Domain,Finding,Yes
test_controller,Domain,Finding,Yes
test_cost_tracker,Domain,Finding,Yes
test_events,Domain,Finding,Yes
test_install_planner,Domain,Finding,Yes
test_integration,Domain,Finding,Yes
test_langfuse,Domain,Finding,Yes
test_mcp_auth_session_reuse,Domain,Finding,Yes
test_mcp_client_and_hitl,Domain,Finding,Yes
test_mcp_server,Domain,Finding,Yes
test_output_parser,Domain,Finding,Yes
test_playbook,Domain,Finding,Yes
test_stage2_integration,Domain,Finding,Yes
test_trigger_system,Domain,Finding,Yes
test_web_agent_set_auth,Domain,Finding,Yes
tmux_manager,Domain,Finding,Yes
tool_error_middleware,Domain,Finding,Yes
tool_error_middleware_test,Domain,Finding,Yes
tool_invoke_notify,Domain,Finding,Yes
tracer,Domain,Finding,Yes
trigger_system,Domain,Finding,Yes
truncate_test,Domain,Finding,Yes
tsdownconfig,Domain,Finding,Yes
tui,Domain,Finding,Yes
types_7,Domain,Finding,Yes
utils,Domain,Finding,Yes
validate,Domain,Finding,Yes
validate-authentication,Domain,Finding,Yes
validation-harness,Domain,Finding,Yes
vulnerability-triage,Domain,Finding,Yes
Web,Domain,Finding,Yes
webshell_context,URL,Technology,Yes
webshell_context_test,URL,Technology,Yes
webshell_probe,URL,Technology,Yes
wechat,Domain,Finding,Yes
wireless_agent,Domain,Finding,Yes
workflow-logger,Domain,Finding,Yes
workflow_engine,Domain,Finding,Yes
_14,Domain,Finding,Yes
_rules_1,Domain,Finding,Yes
_target_1,Domain,Finding,Yes
__init___109,Domain,Finding,Yes
__init___11,Domain,Finding,Yes
__init___141,Domain,Finding,Yes
__init___144,Domain,Finding,Yes
__init___17,Domain,Finding,Yes
__init___202,Domain,Finding,Yes
__init___211,Domain,Finding,Yes
__init___29,Domain,Finding,Yes
__init___31,Domain,Finding,Yes
__init___50,Domain,Finding,Yes
__init___52,Domain,Finding,Yes
__init___6,Domain,Finding,Yes
__init___70,Domain,Finding,Yes
activities,Domain,Finding,Yes
agent-execution,Domain,Finding,Yes
agents,Domain,Finding,Yes
agent_runner,Domain,Finding,Yes
agent_test,Domain,Finding,Yes
anthropic_agent,Domain,Finding,Yes
anthropic_official,Domain,Finding,Yes
api,Domain,Finding,Yes
api-discoverer-agent,Domain,Finding,Yes
api-discovery,Domain,Finding,Yes
api-discoverytest,Domain,Finding,Yes
api-docs,Domain,Finding,Yes
api-schema-analyzer,Domain,Finding,Yes
apitest,Domain,Finding,Yes
api_authentication,Domain,Finding,Yes
api_pipeline,Domain,Finding,Yes
app,Domain,Finding,Yes
app_2,Domain,Finding,Yes
app_config,Domain,Finding,Yes
asvs-mapper,Domain,Finding,Yes
async_prompt,Domain,Finding,Yes
attackchain,Domain,Finding,Yes
audit_1,Domain,Finding,Yes
aup_consent,Domain,Finding,Yes
auth,Domain,Finding,Yes
auth_analyzer,Domain,Finding,Yes
auth_cache,Domain,Finding,Yes
backend,Domain,Finding,Yes
banner_analyzer,Domain,Finding,Yes
billing-detection,Domain,Finding,Yes
build,Domain,Finding,Yes
build-mvn,Domain,Finding,Yes
burp_client,Domain,Finding,Yes
burp_commands,Domain,Finding,Yes
business-logic-agent,Domain,Finding,Yes
c2_lifecycle,Domain,Finding,Yes
c2_tools,Domain,Finding,Yes
captcha_replay,Domain,Finding,Yes
chain,Domain,Finding,Yes
chat-files,Domain,Finding,Yes
chatgpt,Domain,Finding,Yes
chatgpt_api,Domain,Finding,Yes
chatgpt_config_sample,Domain,Finding,Yes
chat_config,Domain,Finding,Yes
checkpoint,Domain,Finding,Yes
checkpoint-manager,Domain,Finding,Yes
citations,Domain,Finding,Yes
clair,Domain,Finding,Yes
claude_bridge,Domain,Finding,Yes
CODE_OF_CONDUCT,Domain,Finding,Yes
config-loader,Domain,Finding,Yes
config_2,URL,Technology,Yes
config_5,Domain,Finding,Yes
config_6,Domain,Finding,Yes
conftest,Domain,Finding,Yes
constants,Domain,Finding,Yes
content_fingerprint,Domain,Finding,Yes
CONTRIBUTING_2,Domain,Finding,Yes
CONTRIBUTING_3,Domain,Finding,Yes
CONTRIBUTING_4,Domain,Finding,Yes
conversation,Domain,Finding,Yes
cors-probe-agent,Domain,Finding,Yes
cors_reflection,Domain,Finding,Yes
cortex,Domain,Finding,Yes
coupon_forging,Domain,Finding,Yes
credential_detector,Domain,Finding,Yes
cve_db,Domain,Finding,Yes
cve_poc_primitives,Domain,Finding,Yes
cvss-calculator,Domain,Finding,Yes
CyberStrikeAIClient,Domain,Finding,Yes
CyberStrikeAIClientAgentMode,Domain,Finding,Yes
dark-matter,Domain,Finding,Yes
dark-mattertest,Domain,Finding,Yes
dashboard_2,Domain,Finding,Yes
DATA-PRIVACY,Domain,Finding,Yes
datasrcs,Domain,Finding,Yes
debug,Domain,Finding,Yes
DECISION,Domain,Finding,Yes
deepseek,Domain,Finding,Yes
deepseek_api,Domain,Finding,Yes
default_single_system_prompt,Domain,Finding,Yes
DEPLOYMENT,Domain,Finding,Yes
deserialization,Domain,Finding,Yes
documentation-agent,Domain,Finding,Yes
doc_3,Domain,Finding,Yes
DPA,Domain,Finding,Yes
eino,Domain,Finding,Yes
eino_single_runner,Domain,Finding,Yes
eino_test,Domain,Finding,Yes
eino_transient_retry,Domain,Finding,Yes
eino_transient_retry_test,Domain,Finding,Yes
embedding,Domain,Finding,Yes
endpoint_classifier,Domain,Finding,Yes
engineapi_test,Domain,Finding,Yes
envexpand_test,Domain,Finding,Yes
env_2,Domain,Finding,Yes
env_4,Domain,Finding,Yes
error-handling,Domain,Finding,Yes
ErrorPatternAnalyzertest,Domain,Finding,Yes
errors,Domain,Finding,Yes
evidence,Domain,Finding,Yes
executor_2,Domain,Finding,Yes
exploit-authz_1,Domain,Finding,Yes
exploit-authz_3,Domain,Finding,Yes
express-scaffold,Domain,Finding,Yes
external_mcp_test,Domain,Finding,Yes
extract_cookie,Domain,Finding,Yes
facebook,Domain,Finding,Yes
feature-collector,Domain,Finding,Yes
forced_error,Domain,Finding,Yes
frontend-i18n,Domain,Finding,Yes
gemini,Domain,Finding,Yes
gemini_api,Domain,Finding,Yes
getting-started,Domain,Finding,Yes
gpt4all_api,Domain,Finding,Yes
graphql,Domain,Finding,Yes
graphql-scanner,Domain,Finding,Yes
graphql_introspection,Domain,Finding,Yes
graphql_tool,Domain,Finding,Yes
hackertarget,Domain,Finding,Yes
harness,Domain,Finding,Yes
hidden_discovery,Domain,Finding,Yes
hitl,Domain,Finding,Yes
host_header_reset_poisoning,Domain,Finding,Yes
HTTPMethodAnalyzertest,Domain,Finding,Yes
http_extractor,Domain,Finding,Yes
idor_authenticated,Domain,Finding,Yes
idor_authz_differential,Domain,Finding,Yes
indexer,Domain,Finding,Yes
index_1,Domain,Finding,Yes
index_13,Domain,Finding,Yes
index_17,Domain,Finding,Yes
inference,Domain,Finding,Yes
inferencetest,Domain,Finding,Yes
install-git-hooks,Domain,Finding,Yes
INSTALL_2,Domain,Finding,Yes
jina,Domain,Finding,Yes
js-analysis,Domain,Finding,Yes
juiceshop,Domain,Finding,Yes
jwt_jku_x5u_ssrf,Domain,Finding,Yes
knowledge,Domain,Finding,Yes
knowledgejs,Domain,Finding,Yes
knowledge_base,Domain,Finding,Yes
langfuse,Domain,Finding,Yes
lark,Domain,Finding,Yes
ldap_injection,Domain,Finding,Yes
legacy,Domain,Finding,Yes
LICENSE,Domain,Finding,Yes
LICENSE_1,Domain,Finding,Yes
LICENSE_10,Domain,Finding,Yes
LICENSE_12,Domain,Finding,Yes
LICENSE_13,Domain,Finding,Yes
LICENSE_2,Domain,Finding,Yes
LICENSE_4,Domain,Finding,Yes
LICENSE_6,Domain,Finding,Yes
LICENSE_7,Domain,Finding,Yes
LICENSE_9,Domain,Finding,Yes
llm,Domain,Finding,Yes
llm-analysis,Domain,Finding,Yes
llm-client,Domain,Finding,Yes
llm-clienttest,Domain,Finding,Yes
llm-clienttest_1,Domain,Finding,Yes
llm-client_1,Domain,Finding,Yes
llm_api,Domain,Finding,Yes
loader_1,Domain,Finding,Yes
LOCAL-SETUP,Domain,Finding,Yes
main_4,Domain,Finding,Yes
main_5,Domain,Finding,Yes
manager_2,Domain,Finding,Yes
markdown,Domain,Finding,Yes
MarkdownRenderer,Domain,Finding,Yes
markdown_agents,Domain,Finding,Yes
masscan,Domain,Finding,Yes
masscan_2,Domain,Finding,Yes
mass_assignment,Domain,Finding,Yes
mcp_client,Domain,Finding,Yes
mcp_manager,Domain,Finding,Yes
mcp_setup,Domain,Finding,Yes
memory_compressor,Domain,Finding,Yes
message-handlers,Domain,Finding,Yes
metrics-tracker,Domain,Finding,Yes
models_1,Domain,Finding,Yes
models_5,Domain,Finding,Yes
module_import,Domain,Finding,Yes
monitor,Domain,Finding,Yes
multi_agent,Domain,Finding,Yes
MULTI_AGENT_EINO,Domain,Finding,Yes
nikto_tool,Domain,Finding,Yes
nmap-irc,Domain,Finding,Yes
notifications,Domain,Finding,Yes
no_nested_task,Domain,Finding,Yes
ollama_api,Domain,Finding,Yes
openai,Domain,Finding,Yes
openapi,URL,Technology,Yes
openapi-discovery-agent,Domain,Finding,Yes
openapi_i18n,Domain,Finding,Yes
openapi_parser,Domain,Finding,Yes
open_ai,Domain,Finding,Yes
oracle-patator,Domain,Finding,Yes
orchestrator-plan-execute,Domain,Finding,Yes
orchestrator-supervisor,Domain,Finding,Yes
orphan_tool_pruner_middleware,Domain,Finding,Yes
osrframework,Domain,Finding,Yes
package_1,Domain,Finding,Yes
package_5,Domain,Finding,Yes
parameter_mapper,Domain,Finding,Yes
password_reset_weak,Domain,Finding,Yes
path_traversal,Domain,Finding,Yes
penetration,Domain,Finding,Yes
pentest-ai,Domain,Finding,Yes
pentest_agent,Domain,Finding,Yes
pentest_gpt,Domain,Finding,Yes
pentest_gpt_rebuilt,Domain,Finding,Yes
pent_claude_agent_config,Domain,Finding,Yes
perplexity,Domain,Finding,Yes
persistencetest,Domain,Finding,Yes
playwright-config-writer,Domain,Finding,Yes
plugin_loader_1,Domain,Finding,Yes
poc_agent,Domain,Finding,Yes
pom,Domain,Finding,Yes
postman_parser,Domain,Finding,Yes
pre-recon-code_2,Domain,Finding,Yes
privilege_escalation_patch,Domain,Finding,Yes
project_manager,Domain,Finding,Yes
prototype_pollution,Domain,Finding,Yes
pyproject,Domain,Finding,Yes
quake_search,Domain,Finding,Yes
queue,Domain,Finding,Yes
race_condition,Domain,Finding,Yes
reactive-verifier,Domain,Finding,Yes
READMEzh-CN,Domain,Finding,Yes
README_10,Domain,Finding,Yes
README_11,Domain,Finding,Yes
README_13,Domain,Finding,Yes
README_15,Domain,Finding,Yes
README_32,Domain,Finding,Yes
README_33,Domain,Finding,Yes
README_38,Domain,Finding,Yes
README_50,Domain,Finding,Yes
README_54,Domain,Finding,Yes
README_55,Domain,Finding,Yes
README_CN_3,Domain,Finding,Yes
recon,Domain,Finding,Yes
reconx_engine,Domain,Finding,Yes
REFERENCE,Domain,Finding,Yes
reflected_xss,Domain,Finding,Yes
registry,Domain,Finding,Yes
release-pypi,Domain,Finding,Yes
replay,Domain,Finding,Yes
report-snippet,Domain,Finding,Yes
report_18,Domain,Finding,Yes
report_injector,Domain,Finding,Yes
report_injector_1,Domain,Finding,Yes
requirements_6,Domain,Finding,Yes
reset_juice_shop,Domain,Finding,Yes
retrieval_postprocess,Domain,Finding,Yes
retry,Domain,Finding,Yes
review,Domain,Finding,Yes
robot,Domain,Finding,Yes
robot_en,Domain,Finding,Yes
roles,Domain,Finding,Yes
route_correlator,Domain,Finding,Yes
RunCommand,Domain,Finding,Yes
runner,Domain,Finding,Yes
saml_xsw,Domain,Finding,Yes
sandbox,Domain,Finding,Yes
sanitize,Domain,Finding,Yes
schedulertest,Domain,Finding,Yes
scheduler_2,Domain,Finding,Yes
schema-gen-agent,Domain,Finding,Yes
scope,Domain,Finding,Yes
search,Domain,Finding,Yes
SecurityHeaderAnalyzertest,Domain,Finding,Yes
server,Domain,Finding,Yes
service,Domain,Finding,Yes
services_commands,Domain,Finding,Yes
service_intelligence_view,Domain,Finding,Yes
settings,Domain,Finding,Yes
shared,Domain,Finding,Yes
sherlock,Domain,Finding,Yes
shodan_api,Domain,Finding,Yes
shodan_apicpython-313,Domain,Finding,Yes
shodan_search,Domain,Finding,Yes
sitemap-agent,Domain,Finding,Yes
SKILL,Domain,Finding,Yes
SKILL_11,Domain,Finding,Yes
SKILL_13,Domain,Finding,Yes
SKILL_3,Domain,Finding,Yes
SKILL_7,Domain,Finding,Yes
SKILL_9,Domain,Finding,Yes
source-gen-agent,Domain,Finding,Yes
ssti_polyglot,Domain,Finding,Yes
status,Domain,Finding,Yes
stored_xss,Domain,Finding,Yes
style,Domain,Finding,Yes
sub_agent_context,Domain,Finding,Yes
sub_agent_context_test,Domain,Finding,Yes
SUMMARY,Domain,Finding,Yes
swagger_2,Domain,Finding,Yes
swagger_parser,Domain,Finding,Yes
tasks,Domain,Finding,Yes
telemetry,Domain,Finding,Yes
terminal,Domain,Finding,Yes
test-cortex-integration,Domain,Finding,Yes
test-gen-agent,Domain,Finding,Yes
testLogin,Domain,Finding,Yes
test_agent_loop,Domain,Finding,Yes
test_agent_mode_cli,Domain,Finding,Yes
test_anthropic_agent,Domain,Finding,Yes
test_auth_profiles,Domain,Finding,Yes
test_auth_profile_cli,Domain,Finding,Yes
test_auth_runner,Domain,Finding,Yes
test_benchmarks_scoring_common,Domain,Finding,Yes
test_browser_agent,Domain,Finding,Yes
test_chain,Domain,Finding,Yes
test_chain_quality,Domain,Finding,Yes
test_config,Domain,Finding,Yes
test_connection,Domain,Finding,Yes
test_handler_web_probes,URL,Technology,Yes
test_langfuse_1,Domain,Finding,Yes
test_legacy_probe_migration,Domain,Finding,Yes
test_llm,Domain,Finding,Yes
test_llm_e2e_smoke,Domain,Finding,Yes
test_mcp_action_surface,Domain,Finding,Yes
test_new_high_roi_probes,Domain,Finding,Yes
test_probe_cors_reflection,Domain,Finding,Yes
test_probe_coupon_forging,Domain,Finding,Yes
test_probe_cve_poc,Domain,Finding,Yes
test_probe_deserialization,Domain,Finding,Yes
test_probe_dom_xss,Domain,Finding,Yes
test_probe_file_upload_validation,Domain,Finding,Yes
test_probe_forced_error,Domain,Finding,Yes
test_probe_graphql_introspection,Domain,Finding,Yes
test_probe_hidden_discovery,Domain,Finding,Yes
test_probe_host_header_reset_poisoning,Domain,Finding,Yes
test_probe_idor_authenticated,Domain,Finding,Yes
test_probe_idor_authz_differential,Domain,Finding,Yes
test_probe_idor_sequential,Domain,Finding,Yes
test_probe_ldap_injection,Domain,Finding,Yes
test_probe_mass_assignment,Domain,Finding,Yes
test_probe_path_traversal,Domain,Finding,Yes
test_probe_primitives,Domain,Finding,Yes
test_probe_prototype_pollution,Domain,Finding,Yes
test_probe_race_condition,Domain,Finding,Yes
test_probe_reflected_xss,Domain,Finding,Yes
test_probe_registry,Domain,Finding,Yes
test_probe_ssti_stored,Domain,Finding,Yes
test_probe_stored_xss,Domain,Finding,Yes
test_probe_web3,URL,Technology,Yes
test_probe_web_cache_deception,URL,Technology,Yes
test_probe_xxe_upload,Domain,Finding,Yes
test_providers,Domain,Finding,Yes
test_registry_bridge,Domain,Finding,Yes
test_scope,Domain,Finding,Yes
test_spa_probes,Domain,Finding,Yes
test_specialist_agents_coverage,Domain,Finding,Yes
test_stage1,Domain,Finding,Yes
test_tracing_and_telemetry,Domain,Finding,Yes
test_working_memory,Domain,Finding,Yes
tracing,Domain,Finding,Yes
traffic_parser,Domain,Finding,Yes
train-filternet,Domain,Finding,Yes
train-simple,Domain,Finding,Yes
TROUBLESHOOTING,Domain,Finding,Yes
truncate,Domain,Finding,Yes
trusted_header_bypass,Domain,Finding,Yes
types,Domain,Finding,Yes
unauthed-decision-log,Domain,Finding,Yes
upgrade,Domain,Finding,Yes
urlscan,Domain,Finding,Yes
utils_2,Domain,Finding,Yes
vuln-auth_3,Domain,Finding,Yes
vuln-ssrf_3,Domain,Finding,Yes
vulnerability,Domain,Finding,Yes
wayback,Domain,Finding,Yes
waybackurls,Domain,Finding,Yes
web3_probe,URL,Technology,Yes
webshell,URL,Technology,Yes
web_intelligence_view,URL,Technology,Yes
web_parser,URL,Technology,Yes
web_probes,URL,Technology,Yes
wechat-robot,Domain,Finding,Yes
wechat_robot,Domain,Finding,Yes
wordlist,Domain,Finding,Yes
workflow-errors,Domain,Finding,Yes
workflows,Domain,Finding,Yes
workflow_engine_1,Domain,Finding,Yes
wpscan,Domain,Finding,Yes
writer,Domain,Finding,Yes
xxe_upload,Domain,Finding,Yes
zap,Domain,Finding,Yes
__init___112,Domain,Finding,Yes
__init___115,Domain,Finding,Yes
__init___116,Domain,Finding,Yes
__init___142,Domain,Finding,Yes
__init___146,Domain,Finding,Yes
__init___153,Domain,Finding,Yes
__init___203,Domain,Finding,Yes
__init___22,Domain,Finding,Yes
__init___34,Domain,Finding,Yes
__init___64,Domain,Finding,Yes
builtin-tools,Domain,Finding,Yes
CyberStrikeAIClientStreamListener,Domain,Finding,Yes
CyberStrikeAITab1,Domain,Finding,Yes
CyberStrikeAITabDotIcon,Domain,Finding,Yes
headers_inject,Domain,Finding,Yes
hexstrike-ai-mcp,Domain,Finding,Yes
main,Domain,Finding,Yes
mcp,Domain,Finding,Yes
mcp_tools_test,Domain,Finding,Yes
monitor_1,Domain,Finding,Yes
options,Domain,Finding,Yes
README_6,Domain,Finding,Yes
SimpleJson,Domain,Finding,Yes
sse_keepalive,Domain,Finding,Yes
SslTrustAll1,Domain,Finding,Yes
SslTrustAllTimeoutSslSocketFactory,Domain,Finding,Yes
test_file_transfer,Domain,Finding,Yes
test_handlers_misc,Domain,Finding,Yes
__init___38,Domain,Finding,Yes
__init___55,Domain,Finding,Yes
__main__,Domain,Finding,Yes
404StarLinkLogo,Domain,Finding,Yes
agent-management,Domain,Finding,Yes
agents-for,Domain,Finding,Yes
ai_analysis,Domain,Finding,Yes
alterations,Domain,Finding,Yes
announcements,Domain,Finding,Yes
AUP,Domain,Finding,Yes
auth_profiles,Domain,Finding,Yes
aws,Domain,Finding,Yes
aws_recon,Domain,Finding,Yes
aws_sm,Domain,Finding,Yes
azure,Domain,Finding,Yes
azure_recon,Domain,Finding,Yes
banner_2,Domain,Finding,Yes
benchmark_runner,Domain,Finding,Yes
bizlogic-hunter,Domain,Finding,Yes
bucket_correlator,Domain,Finding,Yes
bug_report,URL,Technology,Yes
ccr-config-template,Domain,Finding,Yes
chat,Domain,Finding,Yes
chatgpt_config_curl,Domain,Finding,Yes
ChatGPT_key,Domain,Finding,Yes
checkov,Domain,Finding,Yes
ci_1,Domain,Finding,Yes
ci_cd_cloud,Domain,Finding,Yes
ci_cd_cloud_mapper,Domain,Finding,Yes
claude-executor,Domain,Finding,Yes
CLAUDE_2,Domain,Finding,Yes
CLAUDE_3,Domain,Finding,Yes
clear,Domain,Finding,Yes
cli,Domain,Finding,Yes
cloud-security,Domain,Finding,Yes
cloudfront_mapper,Domain,Finding,Yes
cloudmapper,Domain,Finding,Yes
cloud_agent,Domain,Finding,Yes
cloud_attack_surface,Domain,Finding,Yes
cloud_enum,Domain,Finding,Yes
cloud_fingerprint,Domain,Finding,Yes
cloud_models,Domain,Finding,Yes
cloud_pipeline,Domain,Finding,Yes
cloud_storage,Domain,Finding,Yes
conftest_2,Domain,Finding,Yes
container-breakout,Domain,Finding,Yes
CUSTOMIZATION,Domain,Finding,Yes
CyberStrikeAITab,Domain,Finding,Yes
dec-2025,Domain,Finding,Yes
demo,URL,Technology,Yes
demo_1,Domain,Finding,Yes
dependabot_3,Domain,Finding,Yes
devcontainer,Domain,Finding,Yes
DISCLAIMER,Domain,Finding,Yes
docker,Domain,Finding,Yes
docker-compose,Domain,Finding,Yes
docker-compose_1,Domain,Finding,Yes
docker-compose_2,Domain,Finding,Yes
docker-compose_3,Domain,Finding,Yes
Dockerfile_4,Domain,Finding,Yes
Dockerfile_7,Domain,Finding,Yes
Dockerfile_9,Domain,Finding,Yes
docker_2,Domain,Finding,Yes
docker_manager,Domain,Finding,Yes
docker_nightly,Domain,Finding,Yes
docker_registry_analyzer,Domain,Finding,Yes
domains,Domain,Finding,Yes
embedder,Domain,Finding,Yes
engagement-planner,Domain,Finding,Yes
entrypoint,Domain,Finding,Yes
env,Domain,Finding,Yes
env_3,Domain,Finding,Yes
example-stig-finding,Domain,Finding,Yes
executor_test,Domain,Finding,Yes
exploit-auth,Domain,Finding,Yes
exploit-authz,Domain,Finding,Yes
exploit-authz_2,Domain,Finding,Yes
exploit-auth_2,Domain,Finding,Yes
exploit-injection,Domain,Finding,Yes
exploit-xss,Domain,Finding,Yes
exploit-xss_2,Domain,Finding,Yes
export_menu,Domain,Finding,Yes
factory,Domain,Finding,Yes
fill-legal,Domain,Finding,Yes
fingerprinter,Domain,Finding,Yes
fingerprintertest,Domain,Finding,Yes
fix-workspace-permissions,Domain,Finding,Yes
gcp,Domain,Finding,Yes
gcp_recon,Domain,Finding,Yes
github-banner,Domain,Finding,Yes
gitleaks,Domain,Finding,Yes
go_2,URL,Technology,Yes
graphw00f,Domain,Finding,Yes
hexstrike-logo,Domain,Finding,Yes
home,Domain,Finding,Yes
index_5,Domain,Finding,Yes
javascript,Domain,Finding,Yes
js-harvester-agent,Domain,Finding,Yes
kube-bench,Domain,Finding,Yes
kube-hunter,Domain,Finding,Yes
kubernetes,Domain,Finding,Yes
launch-config,Domain,Finding,Yes
leaksapi-banner,Domain,Finding,Yes
leaksapi-logo,Domain,Finding,Yes
LICENSE_5,Domain,Finding,Yes
litellm_provider,Domain,Finding,Yes
logo_3,Domain,Finding,Yes
main_13,Domain,Finding,Yes
main_menu,Domain,Finding,Yes
Makefile,Domain,Finding,Yes
mindmap_obsidian,Domain,Finding,Yes
misconfig-detector,Domain,Finding,Yes
misconfigtest,Domain,Finding,Yes
mobile-pentester,Domain,Finding,Yes
mode,Domain,Finding,Yes
orchestrator,Domain,Finding,Yes
outputs,Domain,Finding,Yes
package_3,Domain,Finding,Yes
pacu,Domain,Finding,Yes
pentestgpt_executor,Domain,Finding,Yes
PentestGPT_Hackable2,Domain,Finding,Yes
plugins,Domain,Finding,Yes
pnpm-lock,Domain,Finding,Yes
poc-validator,Domain,Finding,Yes
pre-recon-code,Domain,Finding,Yes
privesc-advisor,Domain,Finding,Yes
privesc_agent,Domain,Finding,Yes
prowler,Domain,Finding,Yes
pyproject_3,Domain,Finding,Yes
quick-start,Domain,Finding,Yes
README_21,Domain,Finding,Yes
README_22,Domain,Finding,Yes
README_28,Domain,Finding,Yes
README_29,Domain,Finding,Yes
README_30,Domain,Finding,Yes
reconcloud,Domain,Finding,Yes
reconx,Domain,Finding,Yes
release-beta,Domain,Finding,Yes
release_1,Domain,Finding,Yes
requirements_7,Domain,Finding,Yes
resolver,Domain,Finding,Yes
results,Domain,Finding,Yes
role-management,Domain,Finding,Yes
rollback,Domain,Finding,Yes
rsecloud,Domain,Finding,Yes
s3scanner,Domain,Finding,Yes
s3_scanner,Domain,Finding,Yes
sarif,Domain,Finding,Yes
scan_pipeline,Domain,Finding,Yes
scan_running,Domain,Finding,Yes
scout-suite,Domain,Finding,Yes
Screenshot2,Domain,Finding,Yes
Screenshot3,Domain,Finding,Yes
Screenshot4,Domain,Finding,Yes
secret-scanner-agent,Domain,Finding,Yes
secure_credential,Domain,Finding,Yes
security,Domain,Finding,Yes
SECURITY_3,Domain,Finding,Yes
selection_agent,Domain,Finding,Yes
server_mcp_pentest_18,Domain,Finding,Yes
service_analyzer,Domain,Finding,Yes
service_correlator_1,Domain,Finding,Yes
settings_2,Domain,Finding,Yes
setup,Domain,Finding,Yes
setup_1,Domain,Finding,Yes
shannon-banner,Domain,Finding,Yes
SHANNON-PRO_1,Domain,Finding,Yes
shannon-report-capital-api,Domain,Finding,Yes
shannon-screen,Domain,Finding,Yes
shodan,Domain,Finding,Yes
six2dez_reconftw-stars-history,Domain,Finding,Yes
SKILL_1,Domain,Finding,Yes
SKILL_14,Domain,Finding,Yes
SKILL_16,Domain,Finding,Yes
SKILL_17,Domain,Finding,Yes
SKILL_4,Domain,Finding,Yes
social-engineer,Domain,Finding,Yes
sponsor-wechat-alipay-qr,Domain,Finding,Yes
ssrf_cloud_metadata,Domain,Finding,Yes
ssrf_payloads,Domain,Finding,Yes
stop,Domain,Finding,Yes
tch,Domain,Finding,Yes
tcp_beacon_server,Domain,Finding,Yes
teardown,Domain,Finding,Yes
techdetect,Domain,Finding,Yes
terraform-reconFTW,Domain,Finding,Yes
test_ad_agent_e2e_smoke,Domain,Finding,Yes
test_agents,Domain,Finding,Yes
test_benchmark_cli,Domain,Finding,Yes
test_chain_context_discriminator,Domain,Finding,Yes
test_cli_menu,Domain,Finding,Yes
test_cloud_agent_e2e_smoke,Domain,Finding,Yes
test_container_health,Domain,Finding,Yes
test_docker_build,Domain,Finding,Yes
test_flag_detection,Domain,Finding,Yes
test_litellm_provider,Domain,Finding,Yes
test_misc_coverage_2,Domain,Finding,Yes
test_probe_ssrf_cloud_metadata,Domain,Finding,Yes
test_providers_and_small_agents,Domain,Finding,Yes
test_selection_agent,Domain,Finding,Yes
trufflehog,Domain,Finding,Yes
type_confusion,Domain,Finding,Yes
uninstall,Domain,Finding,Yes
USAGE,Domain,Finding,Yes
usage_input,Domain,Finding,Yes
usage_output,Domain,Finding,Yes
usage_server1,Domain,Finding,Yes
usage_server2,Domain,Finding,Yes
variables,Domain,Finding,Yes
vectorDB,Domain,Finding,Yes
vuln-auth,Domain,Finding,Yes
vuln-authz,Domain,Finding,Yes
vuln-authz_2,Domain,Finding,Yes
vuln-auth_2,Domain,Finding,Yes
vuln-injection,Domain,Finding,Yes
vuln-injection_2,Domain,Finding,Yes
vuln-xss,Domain,Finding,Yes
vuln-xss_2,Domain,Finding,Yes
vulnerability-management,Domain,Finding,Yes
waf-detector-agent,Domain,Finding,Yes
wafw00f,Domain,Finding,Yes
web-console,URL,Technology,Yes
wechat-group-cyberstrikeai-qr,Domain,Finding,Yes
workflow_center,Domain,Finding,Yes
workspaces,Domain,Finding,Yes
zh-CN,Domain,Finding,Yes
_10,Domain,Finding,Yes
__init___119,Domain,Finding,Yes
__init___26,Domain,Finding,Yes
__init___78,Domain,Finding,Yes
osint,Domain,Finding,Yes
test_osint_domain_info_msftrecon,Domain,Finding,Yes
whois,Domain,Finding,Yes
common,Domain,Finding,Yes
hashpump,Domain,Finding,Yes
libc-database,Domain,Finding,Yes
linpeas,Domain,Finding,Yes
one-gadget,Domain,Finding,Yes
output_parser,Domain,Finding,Yes
pwninit,Domain,Finding,Yes
README_31,Domain,Finding,Yes
score_juiceshop,Domain,Finding,Yes
steghide,Domain,Finding,Yes
test_session,Domain,Finding,Yes
zsteg,Domain,Finding,Yes
__init___219,Domain,Finding,Yes
AGENT-GUIDE,Domain,Finding,Yes
agent_mode_controller,Domain,Finding,Yes
attackchain_1,Domain,Finding,Yes
balanced-active-scan,Domain,Finding,Yes
BigQueryInjection,Domain,Finding,Yes
cache,Domain,Finding,Yes
CassandraInjection,Domain,Finding,Yes
checkpoint-provider,Domain,Finding,Yes
concurrency,Domain,Finding,Yes
container,Domain,Finding,Yes
context,Domain,Finding,Yes
conversation_1,Domain,Finding,Yes
cve_mapper,Domain,Finding,Yes
cvss,Domain,Finding,Yes
database,Domain,Finding,Yes
DB2Injection,Domain,Finding,Yes
db_1,Domain,Finding,Yes
db_test,Domain,Finding,Yes
deliverables,Domain,Finding,Yes
detection_agent,Domain,Finding,Yes
eino_adk_run_loop,Domain,Finding,Yes
eino_meta_test,Domain,Finding,Yes
eino_retriever_adapter,Domain,Finding,Yes
eino_retrieve_chain,Domain,Finding,Yes
eino_sqlite_indexer,Domain,Finding,Yes
endpoint-prober,Domain,Finding,Yes
ErrorPatternAnalyzer,Domain,Finding,Yes
exploit-auth_1,Domain,Finding,Yes
exploit-auth_3,Domain,Finding,Yes
exploit-injection_1,Domain,Finding,Yes
exploit-injection_3,Domain,Finding,Yes
exploit-ssrf_1,Domain,Finding,Yes
exploit-ssrf_3,Domain,Finding,Yes
exploit-xss_1,Domain,Finding,Yes
exploit-xss_3,Domain,Finding,Yes
exploitation-checker,Domain,Finding,Yes
export,Domain,Finding,Yes
export-metrics,Domain,Finding,Yes
finalizers,Domain,Finding,Yes
findings,URL,Technology,Yes
FINDINGS-DB,Domain,Finding,Yes
findings-provider,Domain,Finding,Yes
findings-renderer,Domain,Finding,Yes
generators,Domain,Finding,Yes
gowitness,Domain,Finding,Yes
Hackable2_3,Domain,Finding,Yes
handoff,Domain,Finding,Yes
index_pipeline,Domain,Finding,Yes
Kioptrix_level_1,Domain,Finding,Yes
listener_http_test,Domain,Finding,Yes
manager,Domain,Finding,Yes
manager_start_test,Domain,Finding,Yes
menu_system,Domain,Finding,Yes
metasploit,Domain,Finding,Yes
metasploit_aux,Domain,Finding,Yes
metatron,Domain,Finding,Yes
migrate,Domain,Finding,Yes
net-recon-agent,Domain,Finding,Yes
nikto,Domain,Finding,Yes
nmap-distccd,Domain,Finding,Yes
nmap_2,Domain,Finding,Yes
notification,Domain,Finding,Yes
output-formatter,Domain,Finding,Yes
output-formatters,Domain,Finding,Yes
payloads,Domain,Finding,Yes
pentestTarget,Domain,Finding,Yes
pipeline,Domain,Finding,Yes
primitives,Domain,Finding,Yes
prompt_class,Domain,Finding,Yes
pwntools,Domain,Finding,Yes
query-execution-result,Domain,Finding,Yes
queue-schemas,Domain,Finding,Yes
queue-validation,Domain,Finding,Yes
report-executive,Domain,Finding,Yes
report-executive_3,Domain,Finding,Yes
report-generator,Domain,Finding,Yes
reporting,Domain,Finding,Yes
requester,Domain,Finding,Yes
requestercpython-313,Domain,Finding,Yes
retriever,Domain,Finding,Yes
schema,Domain,Finding,Yes
schema_migrate,Domain,Finding,Yes
session-manager,Domain,Finding,Yes
settings-writer,Domain,Finding,Yes
SKILL_10,Domain,Finding,Yes
SKILL_15,Domain,Finding,Yes
SKILL_21,Domain,Finding,Yes
target,Domain,Finding,Yes
task,Domain,Finding,Yes
test_aup_consent,Domain,Finding,Yes
test_benchmark_registry,Domain,Finding,Yes
test_chain_dedup,Domain,Finding,Yes
test_chain_validation,Domain,Finding,Yes
test_cve_db,Domain,Finding,Yes
test_cvss,Domain,Finding,Yes
test_diff,Domain,Finding,Yes
test_findings,Domain,Finding,Yes
test_findings_db_reaper,Domain,Finding,Yes
test_findings_db_reconciler,Domain,Finding,Yes
test_handler_finalizers,Domain,Finding,Yes
test_intensity_safe,Domain,Finding,Yes
test_orchestrator,Domain,Finding,Yes
test_probe_cookie_prefix_bypass,Domain,Finding,Yes
test_probe_jwt_jku_x5u_ssrf,Domain,Finding,Yes
test_probe_nextjs_rsc_rce,Domain,Finding,Yes
test_probe_saml_xsw,Domain,Finding,Yes
test_probe_sqli_login_bypass,Domain,Finding,Yes
test_sarif,Domain,Finding,Yes
test_webhooks,URL,Technology,Yes
tls-analyzer,Domain,Finding,Yes
TOKEN-OPTIMIZATION,Domain,Finding,Yes
tool,Domain,Finding,Yes
types_5,Domain,Finding,Yes
vuln-authz_3,Domain,Finding,Yes
vuln-injection_3,Domain,Finding,Yes
vuln-mapper,Domain,Finding,Yes
vuln-mappertest,Domain,Finding,Yes
vuln-ssrf_1,Domain,Finding,Yes
vuln-xss_1,Domain,Finding,Yes
vuln-xss_3,Domain,Finding,Yes
worker,URL,Technology,Yes
working_memory,Domain,Finding,Yes
xsser,Domain,Finding,Yes
_exploit-scope,Domain,Finding,Yes
_exploit-scope_1,Domain,Finding,Yes
_vuln-scope,Domain,Finding,Yes
_vuln-scope_1,Domain,Finding,Yes
active,Domain,Finding,Yes
active_test,Domain,Finding,Yes
auth_manager,Domain,Finding,Yes
basic_scan,Domain,Finding,Yes
beacon_host,Domain,Finding,Yes
brute,Domain,Finding,Yes
bruteforce-ftp,Domain,Finding,Yes
bruteforce-http,Domain,Finding,Yes
bruteforce-rdp,Domain,Finding,Yes
bruteforce-smb,Domain,Finding,Yes
bruteforce-ssh,Domain,Finding,Yes
brute_test,Domain,Finding,Yes
cgo_specific,Domain,Finding,Yes
check-env,Domain,Finding,Yes
client_2,Domain,Finding,Yes
client_sdk,Domain,Finding,Yes
codeclimate,Domain,Finding,Yes
config_4,Domain,Finding,Yes
curl-known-security,Domain,Finding,Yes
curl-robots,Domain,Finding,Yes
CyberStrikeAIClient1,Domain,Finding,Yes
datasrcs_test,Domain,Finding,Yes
deepsource,Domain,Finding,Yes
dependabot_2,Domain,Finding,Yes
eino_retrieve_chain_test,Domain,Finding,Yes
entrypoint_1,Domain,Finding,Yes
enum4linux,Domain,Finding,Yes
envexpand,Domain,Finding,Yes
env_1,Domain,Finding,Yes
error,Domain,Finding,Yes
eslintconfig,Domain,Finding,Yes
execute-python-script,Domain,Finding,Yes
external_manager,Domain,Finding,Yes
external_manager_test,Domain,Finding,Yes
external_mcp,Domain,Finding,Yes
falco,Domain,Finding,Yes
get-arch,Domain,Finding,Yes
goreleaser,URL,Technology,Yes
index_14,Domain,Finding,Yes
index_7,Domain,Finding,Yes
install-python-package,Domain,Finding,Yes
issue_importer,Domain,Finding,Yes
jaeles,Domain,Finding,Yes
ldap-search,Domain,Finding,Yes
lint,Domain,Finding,Yes
loggercpython-313,Domain,Finding,Yes
logger_2,Domain,Finding,Yes
lookup-sid,Domain,Finding,Yes
main_14,Domain,Finding,Yes
main_15,Domain,Finding,Yes
main_server_http_redirect,Domain,Finding,Yes
main_server_http_redirect_test,Domain,Finding,Yes
mcp_reverse_shell,Domain,Finding,Yes
meta,Domain,Finding,Yes
nbtscan,Domain,Finding,Yes
nmap-finger,Domain,Finding,Yes
nmap-kerberos,Domain,Finding,Yes
nmap-msrpc,Domain,Finding,Yes
nmap-nntp,Domain,Finding,Yes
nmap-redis,Domain,Finding,Yes
nmap-rmi,Domain,Finding,Yes
nmap-sip,Domain,Finding,Yes
nmap-ssh,Domain,Finding,Yes
nmap-telnet,Domain,Finding,Yes
nmap-tftp,Domain,Finding,Yes
nmap_tool_1,Domain,Finding,Yes
onesixtyone,Domain,Finding,Yes
oracle-odat,Domain,Finding,Yes
oracle-scanner,Domain,Finding,Yes
oracle-tnscmd,Domain,Finding,Yes
parallel_scans,Domain,Finding,Yes
paths,Domain,Finding,Yes
portscan-top-tcp-ports,Domain,Finding,Yes
pre-commit-config_1,Domain,Finding,Yes
process_registry,Domain,Finding,Yes
pyproject_5,Domain,Finding,Yes
README_CN,Domain,Finding,Yes
README_CN_2,Domain,Finding,Yes
reconFTW,Domain,Finding,Yes
redirect-host-discovery,Domain,Finding,Yes
redis-cli,Domain,Finding,Yes
registry_2,Domain,Finding,Yes
release,URL,Technology,Yes
requirements_14,Domain,Finding,Yes
requirements_15,Domain,Finding,Yes
requirements_5,Domain,Finding,Yes
resiliencetest,Domain,Finding,Yes
resolvers_test,Domain,Finding,Yes
resources,Domain,Finding,Yes
retrieval_postprocess_test,Domain,Finding,Yes
rigid,Domain,Finding,Yes
rigid_test,Domain,Finding,Yes
rpcclient,Domain,Finding,Yes
rpcdump,Domain,Finding,Yes
rsync-list-files,Domain,Finding,Yes
run,Domain,Finding,Yes
run-shannon-blackbox,Domain,Finding,Yes
run_all,Domain,Finding,Yes
run_bench,Domain,Finding,Yes
rustscan,Domain,Finding,Yes
rustscan_tool,Domain,Finding,Yes
server_https_bootstrap,Domain,Finding,Yes
shannon,Domain,Finding,Yes
showmount,Domain,Finding,Yes
sipvicious,Domain,Finding,Yes
sleep,Domain,Finding,Yes
smb-vuln,Domain,Finding,Yes
smbclient,Domain,Finding,Yes
smbmap,Domain,Finding,Yes
snmpwalk,Domain,Finding,Yes
SslTrustAll,Domain,Finding,Yes
subprocess_mixin,Domain,Finding,Yes
subprocess_runner,Domain,Finding,Yes
terminal_ws_unix,Domain,Finding,Yes
terrascan,Domain,Finding,Yes
test_cli_vps_count,Domain,Finding,Yes
test_ensure_webs_all,URL,Technology,Yes
test_exec_context,Domain,Finding,Yes
test_injection,Domain,Finding,Yes
test_mcp_setup,Domain,Finding,Yes
test_permutation_wordlist_select,Domain,Finding,Yes
test_process_registry,Domain,Finding,Yes
test_profile_migration,Domain,Finding,Yes
test_resolver_env,Domain,Finding,Yes
test_secure_credential,Domain,Finding,Yes
test_target_expander,Domain,Finding,Yes
test_tracing_coverage,Domain,Finding,Yes
test_verbosity,Domain,Finding,Yes
trivy,Domain,Finding,Yes
tsconfig,Domain,Finding,Yes
tsconfigbase,Domain,Finding,Yes
tsconfig_1,Domain,Finding,Yes
turbo,Domain,Finding,Yes
webhooks,URL,Technology,Yes
whatweb,URL,Technology,Yes
winrm-detection,Domain,Finding,Yes
wordlist_test,Domain,Finding,Yes
_13,Domain,Finding,Yes
__init___201,Domain,Finding,Yes
__init___205,Domain,Finding,Yes
__init___51,Domain,Finding,Yes
activity-logger,Domain,Finding,Yes
activity-logger_1,Domain,Finding,Yes
bloodhound,Domain,Finding,Yes
domain-profiler,Domain,Finding,Yes
error-formatter,Domain,Finding,Yes
feature_request,Domain,Finding,Yes
file-io,Domain,Finding,Yes
file-operations,Domain,Finding,Yes
glob,Domain,Finding,Yes
input-validator,Domain,Finding,Yes
junit_xml,Domain,Finding,Yes
Keygraph_Button,Domain,Finding,Yes
metrics_1,Domain,Finding,Yes
progress-indicator,Domain,Finding,Yes
totp-validator,Domain,Finding,Yes
__init___207,Domain,Finding,Yes
ARCHITECTURE_2,Domain,Finding,Yes
bucket_exposure_engine,Domain,Finding,Yes
codeql,Domain,Finding,Yes
codeql-analysis,Domain,Finding,Yes
conversation_manager,Domain,Finding,Yes
dep-auto-merge,Domain,Finding,Yes
eino_meta,Domain,Finding,Yes
execution-runner,Domain,Finding,Yes
functional,Domain,Finding,Yes
gosum,Domain,Finding,Yes
health-monitor,Domain,Finding,Yes
index_2,Domain,Finding,Yes
meta-cognition,Domain,Finding,Yes
naabu,IP,Port,Yes
queue-validator,Domain,Finding,Yes
README_25,Domain,Finding,Yes
README_9,Domain,Finding,Yes
recorder,Domain,Finding,Yes
release-binary,Domain,Finding,Yes
release-test,Domain,Finding,Yes
rustscan_2,Domain,Finding,Yes
tests,Domain,Finding,Yes
update,Domain,Finding,Yes
vulnerability_1,Domain,Finding,Yes
__init___147,Domain,Finding,Yes
__init___224,Domain,Finding,Yes
__init___231,Domain,Finding,Yes
__init___57,Domain,Finding,Yes
auth_1,Domain,Finding,Yes
backfill-arch-data,Domain,Finding,Yes
conftest_1,Domain,Finding,Yes
contacts,Domain,Finding,Yes
COOKIES,Domain,Finding,Yes
credential_tester_agent,Domain,Finding,Yes
crtsh,Domain,Finding,Yes
email-osint-agent,Domain,Finding,Yes
environment,Domain,Finding,Yes
holehe,Domain,Finding,Yes
intel-collection,Domain,Finding,Yes
metadata,Domain,Finding,Yes
osint-collector,Domain,Finding,Yes
parsers_1,Domain,Finding,Yes
phoneinfoga,Domain,Finding,Yes
privacy_detect,Domain,Finding,Yes
sdk,Domain,Finding,Yes
smtp-user-enum,Domain,Finding,Yes
social_engineer_agent,Domain,Finding,Yes
splash-screen,Domain,Finding,Yes
test_probe_password_reset_weak,Domain,Finding,Yes
validation,Domain,Finding,Yes
vulnscan,Domain,Finding,Yes
whois_tool,Domain,Finding,Yes
_safety,Domain,Finding,Yes
__init___125,Domain,Finding,Yes
__init___128,Domain,Finding,Yes
arbiter,Domain,Finding,Yes
auth_2,Domain,Finding,Yes
debug-world-model,Domain,Finding,Yes
dotdotpwn,Domain,Finding,Yes
exposure_prioritizer,Domain,Finding,Yes
fingerprint_correlator,Domain,Finding,Yes
index_15,Domain,Finding,Yes
index_16,Domain,Finding,Yes
lint_python,Domain,Finding,Yes
main_7,Domain,Finding,Yes
model-registry,Domain,Finding,Yes
netexec,Domain,Finding,Yes
package,Domain,Finding,Yes
plugin_loader,Domain,Finding,Yes
portscan-guess-tcp-ports,Domain,Finding,Yes
README_12,Domain,Finding,Yes
registry_3,Domain,Finding,Yes
releaserc,Domain,Finding,Yes
renderers,Domain,Finding,Yes
test_plugin_loader,Domain,Finding,Yes
tools_commands,Domain,Finding,Yes
tooltipcpython-313,Domain,Finding,Yes
validatorcpython-313,Domain,Finding,Yes
volatility3,Domain,Finding,Yes
whatweb_2,URL,Technology,Yes
__init__cpython-313,Domain,Finding,Yes
__init__cpython-313_1,Domain,Finding,Yes
__init___212,Domain,Finding,Yes
__init___213,Domain,Finding,Yes
__init___214,Domain,Finding,Yes
__init___215,Domain,Finding,Yes
__init___216,Domain,Finding,Yes
__init___217,Domain,Finding,Yes
__init___28,Domain,Finding,Yes
__init___43,Domain,Finding,Yes
__init___58,Domain,Finding,Yes
__init___71,Domain,Finding,Yes
2dd29513_findings,Domain,Finding,Yes
2dd29513_run_B_safe,Domain,Finding,Yes
acquifinder,Domain,Finding,Yes
active-crawl,URL,Technology,Yes
active_recon,Domain,Finding,Yes
active_scanning,Domain,Finding,Yes
ad-attacker,Domain,Finding,Yes
adapter,Domain,Finding,Yes
addr,Domain,Finding,Yes
agent,Domain,Finding,Yes
AGENTS,Domain,Finding,Yes
AGENTS_1,Domain,Finding,Yes
agent_3,Domain,Finding,Yes
agent_loop,Domain,Finding,Yes
alerts,Domain,Finding,Yes
alerts_1,Domain,Finding,Yes
alienvault,Domain,Finding,Yes
alterx,Domain,Finding,Yes
amass,Domain,Finding,Yes
amass_2,Domain,Finding,Yes
analyze_repos,Domain,Finding,Yes
anomaly_detector,Domain,Finding,Yes
anomaly_engine,Domain,Finding,Yes
anthropic,Domain,Finding,Yes
anubis,Domain,Finding,Yes
apex,Domain,Finding,Yes
api-security,URL,Technology,Yes
api_attack_surface,Domain,Finding,Yes
api_fingerprint,Domain,Finding,Yes
api_models,Domain,Finding,Yes
api_path_discovery,Domain,Finding,Yes
api_security_agent,Domain,Finding,Yes
api_surface_mapper,URL,Technology,Yes
apply_triage_labels,URL,Technology,Yes
aquatone,Domain,Finding,Yes
architect-infer-agent,Domain,Finding,Yes
ARCHITECTURE,Domain,Finding,Yes
ARCHITECTURE_1,Domain,Finding,Yes
arjun_tool,URL,Technology,Yes
artifact-manifest,Domain,Finding,Yes
asn,Domain,Finding,Yes
asncache,Domain,Finding,Yes
asnmap,Domain,Finding,Yes
asn_intel,Domain,Finding,Yes
assetfinder,Domain,Finding,Yes
assets,Domain,Finding,Yes
assets_test,Domain,Finding,Yes
asset_classifier,Domain,Finding,Yes
asset_decode,Domain,Finding,Yes
asset_secrets_scan,Domain,Finding,Yes
assoc,Domain,Finding,Yes
attack-chain,Domain,Finding,Yes
attack-planner,Domain,Finding,Yes
attack-surface-enumeration,Domain,Finding,Yes
attack_surface_mapper,Domain,Finding,Yes
attack_surface_mapping,Domain,Finding,Yes
auth-flow-analyzer,Domain,Finding,Yes
authed-findings,Domain,Finding,Yes
authed-stderr,Domain,Finding,Yes
authenticated_scan,Domain,Finding,Yes
auth_handler,Domain,Finding,Yes
auth_session,Domain,Finding,Yes
autnum,Domain,Finding,Yes
autsys,Domain,Finding,Yes
autsys_1,Domain,Finding,Yes
axiom,Domain,Finding,Yes
backlog,Domain,Finding,Yes
backlog_1,Domain,Finding,Yes
backlog_test,Domain,Finding,Yes
banner,Domain,Finding,Yes
banners,Domain,Finding,Yes
banner_3,Domain,Finding,Yes
banner_url,Domain,Finding,Yes
base,Domain,Finding,Yes
base_3,Domain,Finding,Yes
base_5,URL,Technology,Yes
benchmark_juice_shop,URL,Technology,Yes
bevigil,Domain,Finding,Yes
bigbountyrecon,Domain,Finding,Yes
binaryedge,Domain,Finding,Yes
bing,Domain,Finding,Yes
blackbox-config-agent,Domain,Finding,Yes
blackbox-context,Domain,Finding,Yes
blacklist_test,Domain,Finding,Yes
book,Domain,Finding,Yes
browser-crawler-agent,Domain,Finding,Yes
browser_agent,Domain,Finding,Yes
bufferover,Domain,Finding,Yes
bufferoverrun,Domain,Finding,Yes
bug-bounty,Domain,Finding,Yes
bug_2,Domain,Finding,Yes
bug_report_2,Domain,Finding,Yes
bug_report_3,Domain,Finding,Yes
build-test,Domain,Finding,Yes
builder,Domain,Finding,Yes
builtwith,Domain,Finding,Yes
burp_suite,Domain,Finding,Yes
business_logic_fuzz,URL,Technology,Yes
c1ae665a_findings,Domain,Finding,Yes
c1ae665a_run_A_default,Domain,Finding,Yes
c2-operator,Domain,Finding,Yes
c2_1,Domain,Finding,Yes
c99,Domain,Finding,Yes
capability_map,Domain,Finding,Yes
categories,Domain,Finding,Yes
censys,Domain,Finding,Yes
censys_test,Domain,Finding,Yes
certspotter,Domain,Finding,Yes
certspotter_2,Domain,Finding,Yes
chain_agent,Domain,Finding,Yes
CHANGELOG,Domain,Finding,Yes
CHANGELOG_121,Domain,Finding,Yes
CHANGELOG_122,Domain,Finding,Yes
CHANGELOG_123,Domain,Finding,Yes
CHANGELOG_13,Domain,Finding,Yes
CHANGELOG_14,Domain,Finding,Yes
CHANGELOG_15,Domain,Finding,Yes
CHANGELOG_16,Domain,Finding,Yes
CHANGELOG_17,Domain,Finding,Yes
CHANGELOG_18,Domain,Finding,Yes
CHANGELOG_181,Domain,Finding,Yes
CHANGELOG_182,Domain,Finding,Yes
CHANGELOG_19,Domain,Finding,Yes
CHANGELOG_2,Domain,Finding,Yes
CHANGELOG_20,Domain,Finding,Yes
CHANGELOG_3,Domain,Finding,Yes
chaos,Domain,Finding,Yes
chaos_2,Domain,Finding,Yes
chat_uploads,URL,Technology,Yes
check_artifacts,Domain,Finding,Yes
check_artifacts_all,Domain,Finding,Yes
chinaz,Domain,Finding,Yes
chunk_eino,Domain,Finding,Yes
ci-cd,URL,Technology,Yes
cicd-redteam,URL,Technology,Yes
claims,Domain,Finding,Yes
CLAUDE_4,Domain,Finding,Yes
client_1,Domain,Finding,Yes
client_4,Domain,Finding,Yes
clitest,Domain,Finding,Yes
cli_1,Domain,Finding,Yes
cli_2,Domain,Finding,Yes
cli_3,Domain,Finding,Yes
cli_4,Domain,Finding,Yes
cli_5,Domain,Finding,Yes
cname,Domain,Finding,Yes
codecov,Domain,Finding,Yes
commoncrawl,URL,Technology,Yes
common_2,Domain,Finding,Yes
company_enrich,Domain,Finding,Yes
company_rounds,Domain,Finding,Yes
company_search,Domain,Finding,Yes
compare_baseline,Domain,Finding,Yes
compliance,URL,Technology,Yes
confidence_engine,Domain,Finding,Yes
config-parser,Domain,Finding,Yes
config-schema,Domain,Finding,Yes
config-schema_1,Domain,Finding,Yes
configtest,Domain,Finding,Yes
configure_mcp,Domain,Finding,Yes
config_1,Domain,Finding,Yes
config_test,Domain,Finding,Yes
const,URL,Technology,Yes
constants_1,URL,Technology,Yes
contact,Domain,Finding,Yes
container-api,Domain,Finding,Yes
content-discovery-agent,Domain,Finding,Yes
content_discovery,Domain,Finding,Yes
context_analyzer,Domain,Finding,Yes
contracts,Domain,Finding,Yes
CONTRIBUTING,Domain,Finding,Yes
CONTRIBUTING_5,Domain,Finding,Yes
cookie_prefix_bypass,Domain,Finding,Yes
core,Domain,Finding,Yes
correlation_engine,Domain,Finding,Yes
COVERAGE,Domain,Finding,Yes
COVERAGE_1,Domain,Finding,Yes
crawler,URL,Technology,Yes
crawler-agent,Domain,Finding,Yes
crawlercpython-313,URL,Technology,Yes
crawler_1,URL,Technology,Yes
crawler_2,URL,Technology,Yes
crawler_3,URL,Technology,Yes
credential-tester,Domain,Finding,Yes
credentialed-scans,Domain,Finding,Yes
crlfuzz,URL,Technology,Yes
crtsh_1,Domain,Finding,Yes
crtsh_3,Domain,Finding,Yes
csp_extractor,Domain,Finding,Yes
ctf-solver,Domain,Finding,Yes
curl,Domain,Finding,Yes
dalfox,Domain,Finding,Yes
dashboard_1,Domain,Finding,Yes
data-flow-mapper,Domain,Finding,Yes
database_1,Domain,Finding,Yes
datasources,Domain,Finding,Yes
DeathNote_1,Domain,Finding,Yes
decision_engine,Domain,Finding,Yes
decision_engine_1,Domain,Finding,Yes
dedup,Domain,Finding,Yes
deduplicator,Domain,Finding,Yes
DEPENDENCIES,Domain,Finding,Yes
DESIGN-FEATURES,Domain,Finding,Yes
detection-engineer,Domain,Finding,Yes
detection_engine,Domain,Finding,Yes
diff,Domain,Finding,Yes
digitalyama,Domain,Finding,Yes
digitorus,Domain,Finding,Yes
ding,Domain,Finding,Yes
dirbrute,Domain,Finding,Yes
dirbuster,URL,Technology,Yes
dirbuster_2,URL,Technology,Yes
directories,Domain,Finding,Yes
dirsearch,Domain,Finding,Yes
dirsearch_2,URL,Technology,Yes
dirsearch_tool,URL,Technology,Yes
DISCLAIMER_2,Domain,Finding,Yes
dispatch,Domain,Finding,Yes
dispatcher,Domain,Finding,Yes
dns,Domain,Finding,Yes
dns-reverse-lookup,Domain,Finding,Yes
dns-zone-transfer,Domain,Finding,Yes
dnsdb,Domain,Finding,Yes
dnsdumpster,Domain,Finding,Yes
dnsenum,Domain,Finding,Yes
dnsenum_tool,Domain,Finding,Yes
dnshistory,Domain,Finding,Yes
dnslog,Domain,Finding,Yes
dnsrecon,Domain,Finding,Yes
dnsrecon-subdomain-bruteforce,Domain,Finding,Yes
dnsrecon_tool,Domain,Finding,Yes
dnsrepo,Domain,Finding,Yes
dnsrepo_2,Domain,Finding,Yes
dnsx,Domain,Finding,Yes
dnsx_tool,Domain,Finding,Yes
dns_extractor,Domain,Finding,Yes
dns_intelligence,Domain,Finding,Yes
dns_pipeline,Domain,Finding,Yes
dns_test,Domain,Finding,Yes
dns_tool,Domain,Finding,Yes
doc,Domain,Finding,Yes
Dockerfile,Domain,Finding,Yes
Dockerfile_1,Domain,Finding,Yes
Dockerfile_10,Domain,Finding,Yes
Dockerfile_11,Domain,Finding,Yes
Dockerfile_2,Domain,Finding,Yes
Dockerfile_5,Domain,Finding,Yes
Dockerfile_6,URL,Technology,Yes
Dockerfile_8,Domain,Finding,Yes
dockerhub-push,Domain,Finding,Yes
docs,Domain,Finding,Yes
docs_1,Domain,Finding,Yes
doctor,Domain,Finding,Yes
doc_1,Domain,Finding,Yes
doc_2,Domain,Finding,Yes
domainsproject,Domain,Finding,Yes
domain_record,Domain,Finding,Yes
dom_xss,Domain,Finding,Yes
dot,Domain,Finding,Yes
dot_test,Domain,Finding,Yes
driftnet,Domain,Finding,Yes
duckduckgo,Domain,Finding,Yes
efd01c52_findings,URL,Technology,Yes
efd01c52_llm_coordinated_run,URL,Technology,Yes
efd01c52_probe_runs,Domain,Finding,Yes
eino_tool_name_injection,URL,Technology,Yes
email,Domain,Finding,Yes
employees,Domain,Finding,Yes
en-US,Domain,Finding,Yes
engine,Domain,Finding,Yes
engineapi,Domain,Finding,Yes
engine_1,Domain,Finding,Yes
enhanced-report,URL,Technology,Yes
enumerate,Domain,Finding,Yes
enumerate_test,Domain,Finding,Yes
epistemic-reasoning,Domain,Finding,Yes
evaluator,Domain,Finding,Yes
EVIDENCE,Domain,Finding,Yes
evidence-graph,Domain,Finding,Yes
evidence-normalizers,Domain,Finding,Yes
example-blackbox-config,Domain,Finding,Yes
example-config,Domain,Finding,Yes
example-config_1,Domain,Finding,Yes
example-detection-rule,Domain,Finding,Yes
example-engagement-plan,Domain,Finding,Yes
example-nmap-analysis,Domain,Finding,Yes
example-report-excerpt,URL,Technology,Yes
example_sqlmap,URL,Technology,Yes
example_sqlmap_1,URL,Technology,Yes
execution,Domain,Finding,Yes
execution-log,Domain,Finding,Yes
execution_view,Domain,Finding,Yes
executor,URL,Technology,Yes
executor_helpers,Domain,Finding,Yes
exif_metadata,Domain,Finding,Yes
explanation_engine,Domain,Finding,Yes
exploit-chainer,Domain,Finding,Yes
exploit-guide,Domain,Finding,Yes
exploit-ssrf,Domain,Finding,Yes
exploit-ssrf_2,Domain,Finding,Yes
exporter,Domain,Finding,Yes
exposure_classifier,Domain,Finding,Yes
external-recon,Domain,Finding,Yes
extractor,Domain,Finding,Yes
false_positive_filter,Domain,Finding,Yes
fastapi-scaffold,Domain,Finding,Yes
feature_request_3,Domain,Finding,Yes
feroxbuster,URL,Technology,Yes
ffuf,URL,Technology,Yes
ffuf_2,Domain,Finding,Yes
ffuf_tool,URL,Technology,Yes
fierce,Domain,Finding,Yes
fierce_tool,Domain,Finding,Yes
file,Domain,Finding,Yes
files,Domain,Finding,Yes
file_upload_validation,Domain,Finding,Yes
filter,Domain,Finding,Yes
filternet-bayes,Domain,Finding,Yes
find,Domain,Finding,Yes
findings_1,URL,Technology,Yes
findings_db,Domain,Finding,Yes
findomain,Domain,Finding,Yes
findsubdomains,Domain,Finding,Yes
fingerprinting,Domain,Finding,Yes
fingerprints,Domain,Finding,Yes
fofa,Domain,Finding,Yes
fofa_2,Domain,Finding,Yes
fofa_search,Domain,Finding,Yes
forensics-analyst,Domain,Finding,Yes
fork-philosophy,Domain,Finding,Yes
fping_tool,Domain,Finding,Yes
fqdn,Domain,Finding,Yes
fqdn_endpoint,Domain,Finding,Yes
fqdn_lookup,Domain,Finding,Yes
fullhunt,Domain,Finding,Yes
full_v0,Domain,Finding,Yes
full_v1,Domain,Finding,Yes
full_v2,Domain,Finding,Yes
FUNDING_1,Domain,Finding,Yes
fuzzy,Domain,Finding,Yes
fuzz_wordlist,Domain,Finding,Yes
gau,Domain,Finding,Yes
gau_2,Domain,Finding,Yes
generator,URL,Technology,Yes
generatorcpython-313,Domain,Finding,Yes
gexf,Domain,Finding,Yes
gexf_test,Domain,Finding,Yes
ghost-traffic,URL,Technology,Yes
ghost-traffictest,URL,Technology,Yes
gitbook,Domain,Finding,Yes
github,Domain,Finding,Yes
github_subdomains,Domain,Finding,Yes
gitlab,Domain,Finding,Yes
gleif,Domain,Finding,Yes
gleif_1,Domain,Finding,Yes
global,Domain,Finding,Yes
gobuster,Domain,Finding,Yes
gobuster_2,Domain,Finding,Yes
gobuster_tool,Domain,Finding,Yes
goreleaser_1,Domain,Finding,Yes
gospider,Domain,Finding,Yes
go_1,Domain,Finding,Yes
go_4,Domain,Finding,Yes
graph,Domain,Finding,Yes
graphdb,Domain,Finding,Yes
graphdb_test,Domain,Finding,Yes
graphql_scan,Domain,Finding,Yes
grepapp,Domain,Finding,Yes
ground-truth-validator,Domain,Finding,Yes
guided,Domain,Finding,Yes
guided_recon,Domain,Finding,Yes
guided_recon_1,Domain,Finding,Yes
guided_recon_121,Domain,Finding,Yes
guided_recon_122,Domain,Finding,Yes
guided_view,Domain,Finding,Yes
hackertarget_1,Domain,Finding,Yes
hackertarget_3,Domain,Finding,Yes
hakrawler,Domain,Finding,Yes
hakrawler_tool,Domain,Finding,Yes
handlers,Domain,Finding,Yes
headers,Domain,Finding,Yes
header_checker,Domain,Finding,Yes
hexstrike_mcp,Domain,Finding,Yes
hexstrike_server,Domain,Finding,Yes
HTB_challenge_Template,URL,Technology,Yes
http,Domain,Finding,Yes
http-framework-test,Domain,Finding,Yes
httpbinorg__20260515_233823,Domain,Finding,Yes
httpx,URL,Technology,Yes
httpx_tool,Domain,Finding,Yes
http_clients,Domain,Finding,Yes
http_headers,Domain,Finding,Yes
http_test,Domain,Finding,Yes
hudsonrock,Domain,Finding,Yes
hunterio,Domain,Finding,Yes
i18n,Domain,Finding,Yes
idor_sequential,Domain,Finding,Yes
index_10,URL,Technology,Yes
index_11,Domain,Finding,Yes
index_6,Domain,Finding,Yes
index_8,Domain,Finding,Yes
index_pipeline_test,Domain,Finding,Yes
info-collect,Domain,Finding,Yes
infrastructure_view,Domain,Finding,Yes
ini,Domain,Finding,Yes
initialize,Domain,Finding,Yes
inputFiles,Domain,Finding,Yes
install,Domain,Finding,Yes
installation,Domain,Finding,Yes
install_1,URL,Technology,Yes
install_4,Domain,Finding,Yes
install_planner,URL,Technology,Yes
install_wizard,Domain,Finding,Yes
integration,Domain,Finding,Yes
intelligence_concepts,Domain,Finding,Yes
intelligence_pipeline,Domain,Finding,Yes
intelx,Domain,Finding,Yes
interactive,Domain,Finding,Yes
introduction,Domain,Finding,Yes
ipaddr,Domain,Finding,Yes
ipaddr_endpoint,Domain,Finding,Yes
ipnet,Domain,Finding,Yes
ipverse,Domain,Finding,Yes
ip_netblock,Domain,Finding,Yes
issue-report,Domain,Finding,Yes
jarm,Domain,Finding,Yes
jsluice_patterns,Domain,Finding,Yes
js_analyzer,Domain,Finding,Yes
juice-shop,Domain,Finding,Yes
katana,Domain,Finding,Yes
katana_2,Domain,Finding,Yes
katana_tool,Domain,Finding,Yes
kiterunner,Domain,Finding,Yes
kiterunner_tool,Domain,Finding,Yes
knowledge-base,Domain,Finding,Yes
knowledge_base_1,Domain,Finding,Yes
known_fqdn,Domain,Finding,Yes
kubernetes_analyzer,Domain,Finding,Yes
leaked_credentials,Domain,Finding,Yes
leakix,Domain,Finding,Yes
leakix_2,Domain,Finding,Yes
learning_mode,Domain,Finding,Yes
ledger,Domain,Finding,Yes
LegacyPentestRunner,Domain,Finding,Yes
lei_record,Domain,Finding,Yes
lfi_wordlist,Domain,Finding,Yes
library,URL,Technology,Yes
LICENSE_14,Domain,Finding,Yes
LICENSE_3,Domain,Finding,Yes
linkedin,Domain,Finding,Yes
listener,Domain,Finding,Yes
listener_http,Domain,Finding,Yes
listener_websocket,URL,Technology,Yes
live_capture,Domain,Finding,Yes
llm-analyzer,Domain,Finding,Yes
llm-app-redteam,URL,Technology,Yes
llm-redteam,Domain,Finding,Yes
llm_analysis,Domain,Finding,Yes
load,Domain,Finding,Yes
local-source-generator,Domain,Finding,Yes
location,Domain,Finding,Yes
locations,Domain,Finding,Yes
location_1,Domain,Finding,Yes
log,Domain,Finding,Yes
logo_1,Domain,Finding,Yes
logs,Domain,Finding,Yes
main_1,Domain,Finding,Yes
main_10,Domain,Finding,Yes
main_11,Domain,Finding,Yes
main_17,Domain,Finding,Yes
main_18,Domain,Finding,Yes
main_2,Domain,Finding,Yes
main_6,Domain,Finding,Yes
main_9,Domain,Finding,Yes
main_server_tls,Domain,Finding,Yes
Makefile_2,Domain,Finding,Yes
Makefile_3,Domain,Finding,Yes
malicious,Domain,Finding,Yes
maltego,Domain,Finding,Yes
malware-analyst,Domain,Finding,Yes
manager_1,Domain,Finding,Yes
mapcidr,Domain,Finding,Yes
mapping,URL,Technology,Yes
markers,Domain,Finding,Yes
marketplace,Domain,Finding,Yes
massdns,Domain,Finding,Yes
massdns_tool,Domain,Finding,Yes
match,Domain,Finding,Yes
mcp-management,Domain,Finding,Yes
mcp-stdio2,Domain,Finding,Yes
menu,Domain,Finding,Yes
merklemap,Domain,Finding,Yes
metasploit-agent,Domain,Finding,Yes
methodology_engine,Domain,Finding,Yes
mobile_agent,Domain,Finding,Yes
mock_pipelinetest,URL,Technology,Yes
ModelCommand,Domain,Finding,Yes
models_2,Domain,Finding,Yes
modes,Domain,Finding,Yes
MODS,Domain,Finding,Yes
MSSQLInjection,Domain,Finding,Yes
naabu_tool,Domain,Finding,Yes
namelist,Domain,Finding,Yes
netblock,Domain,Finding,Yes
netblock_1,Domain,Finding,Yes
netdiscover_tool,Domain,Finding,Yes
netlas,Domain,Finding,Yes
network-recon,Domain,Finding,Yes
networks,Domain,Finding,Yes
network_discovery,Domain,Finding,Yes
nextjs_rsc_rce,Domain,Finding,Yes
next_step_predictor,Domain,Finding,Yes
nikto_2,Domain,Finding,Yes
nmap-ajp,URL,Technology,Yes
nmap-cassandra,URL,Technology,Yes
nmap-cups,URL,Technology,Yes
nmap-dns,Domain,Finding,Yes
nmap-ftp,URL,Technology,Yes
nmap-http,URL,Technology,Yes
nmap-imap,URL,Technology,Yes
nmap-ldap,URL,Technology,Yes
nmap-mongodb,URL,Technology,Yes
nmap-mountd,URL,Technology,Yes
nmap-mssql,URL,Technology,Yes
nmap-multicast-dns,Domain,Finding,Yes
nmap-mysql,URL,Technology,Yes
nmap-nfs,URL,Technology,Yes
nmap-ntp,URL,Technology,Yes
nmap-oracle,URL,Technology,Yes
nmap-pop3,URL,Technology,Yes
nmap-rdp,URL,Technology,Yes
nmap-rsync,URL,Technology,Yes
nmap-smb,URL,Technology,Yes
nmap-smtp,URL,Technology,Yes
nmap-snmp,URL,Technology,Yes
nmap-vnc,URL,Technology,Yes
normalization,Domain,Finding,Yes
nosql_fuzz,Domain,Finding,Yes
notify,Domain,Finding,Yes
nuclei,URL,Technology,Yes
nuclei-agent,Domain,Finding,Yes
nuclei-template-sha,URL,Technology,Yes
nuclei_2,Domain,Finding,Yes
nuclei_tool,Domain,Finding,Yes
oauth_pkce_downgrade,Domain,Finding,Yes
ollama,Domain,Finding,Yes
onyphe,Domain,Finding,Yes
operations_center,Domain,Finding,Yes
opsec-anonymizer,Domain,Finding,Yes
options_2,Domain,Finding,Yes
OracleSQLInjection,Domain,Finding,Yes
org,Domain,Finding,Yes
orgs,Domain,Finding,Yes
org_1,Domain,Finding,Yes
org_lei,Domain,Finding,Yes
outputter,Domain,Finding,Yes
package-lock,Domain,Finding,Yes
parallel,Domain,Finding,Yes
parameter_discovery,URL,Technology,Yes
paramspider,Domain,Finding,Yes
parse,Domain,Finding,Yes
parsers,Domain,Finding,Yes
parser_mixin,Domain,Finding,Yes
parse_test,Domain,Finding,Yes
passive,Domain,Finding,Yes
passivetotal,Domain,Finding,Yes
passive_recon,Domain,Finding,Yes
payload-crafter,Domain,Finding,Yes
pcap_parser,Domain,Finding,Yes
pentest-mcp-server,Domain,Finding,Yes
PentestGPT-720WebShareName,URL,Technology,Yes
pentestGPT_HTB_phonebook_failed,Domain,Finding,Yes
pentestGPT_log_HTB_Precious,URL,Technology,Yes
pentesting,URL,Technology,Yes
permutations_list,Domain,Finding,Yes
permutations_list_short,Domain,Finding,Yes
phishing-operator,Domain,Finding,Yes
pipelines,Domain,Finding,Yes
pipeline_engine,Domain,Finding,Yes
planner,Domain,Finding,Yes
playbook,URL,Technology,Yes
plugin,Domain,Finding,Yes
plugin_1,Domain,Finding,Yes
plugin_10,Domain,Finding,Yes
plugin_11,Domain,Finding,Yes
plugin_12,URL,Technology,Yes
plugin_2,Domain,Finding,Yes
plugin_4,Domain,Finding,Yes
plugin_5,Domain,Finding,Yes
plugin_6,Domain,Finding,Yes
plugin_7,Domain,Finding,Yes
plugin_8,Domain,Finding,Yes
plugin_manager,Domain,Finding,Yes
portscan,Domain,Finding,Yes
port_prioritizer,Domain,Finding,Yes
PostgreSQLInjection,Domain,Finding,Yes
pre-recon,Domain,Finding,Yes
preflight,Domain,Finding,Yes
preflight-check,Domain,Finding,Yes
print,Domain,Finding,Yes
PRIVACY,Domain,Finding,Yes
probes,URL,Technology,Yes
process,Domain,Finding,Yes
profundis,Domain,Finding,Yes
prompt_class_v1,URL,Technology,Yes
prompt_class_v2,URL,Technology,Yes
prospeo,Domain,Finding,Yes
protocol_detector,Domain,Finding,Yes
proxy_controller,Domain,Finding,Yes
pseudo-source-builder,Domain,Finding,Yes
ptt_reasoning,URL,Technology,Yes
pugrecon,Domain,Finding,Yes
PULL_REQUEST_TEMPLATE,Domain,Finding,Yes
PULL_REQUEST_TEMPLATE_2,Domain,Finding,Yes
puredns,Domain,Finding,Yes
puredns_tool,Domain,Finding,Yes
pure_go,Domain,Finding,Yes
pyproject_2,Domain,Finding,Yes
pyproject_4,URL,Technology,Yes
pyshark_engine,Domain,Finding,Yes
pythonorg_headers_20241216_000049,Domain,Finding,Yes
pythonorg_subdomains_20241215_235829,Domain,Finding,Yes
quake,Domain,Finding,Yes
quick_action_bar,Domain,Finding,Yes
radare2,Domain,Finding,Yes
ranger,Domain,Finding,Yes
rapiddns,Domain,Finding,Yes
rapiddns_2,Domain,Finding,Yes
ratelimit_test,Domain,Finding,Yes
rdap,Domain,Finding,Yes
README,Domain,Finding,Yes
README_1,Domain,Finding,Yes
README_16,URL,Technology,Yes
README_17,Domain,Finding,Yes
README_18,Domain,Finding,Yes
README_2,Domain,Finding,Yes
README_20,Domain,Finding,Yes
README_23,URL,Technology,Yes
README_24,Domain,Finding,Yes
README_26,URL,Technology,Yes
README_27,Domain,Finding,Yes
README_3,Domain,Finding,Yes
README_36,URL,Technology,Yes
README_39,Domain,Finding,Yes
README_4,Domain,Finding,Yes
README_41,Domain,Finding,Yes
README_42,Domain,Finding,Yes
README_43,Domain,Finding,Yes
README_44,Domain,Finding,Yes
README_45,Domain,Finding,Yes
README_47,Domain,Finding,Yes
README_48,Domain,Finding,Yes
README_49,Domain,Finding,Yes
README_5,Domain,Finding,Yes
README_51,Domain,Finding,Yes
README_52,Domain,Finding,Yes
README_53,Domain,Finding,Yes
README_57,Domain,Finding,Yes
README_58,Domain,Finding,Yes
README_7,URL,Technology,Yes
README_8,Domain,Finding,Yes
README_CN_1,Domain,Finding,Yes
README_EN,URL,Technology,Yes
realdemo,URL,Technology,Yes
realdemo-paced,URL,Technology,Yes
recommend,Domain,Finding,Yes
recommendation_engine,Domain,Finding,Yes
recommendation_engine_1,Domain,Finding,Yes
recon-advisor,Domain,Finding,Yes
reconeer,Domain,Finding,Yes
reconftw,Domain,Finding,Yes
reconftw_1,Domain,Finding,Yes
reconftw_full,Domain,Finding,Yes
reconftw_quick,URL,Technology,Yes
reconftw_stealth,Domain,Finding,Yes
recon_2,Domain,Finding,Yes
recon_agent,Domain,Finding,Yes
recon_strategy,Domain,Finding,Yes
redhuntlabs,Domain,Finding,Yes
registry_1,Domain,Finding,Yes
registry_121,Domain,Finding,Yes
registry_122,Domain,Finding,Yes
registry_123,Domain,Finding,Yes
registry_181,Domain,Finding,Yes
registry_182,Domain,Finding,Yes
registry_5,Domain,Finding,Yes
registry_test,Domain,Finding,Yes
reg_records,Domain,Finding,Yes
related,Domain,Finding,Yes
relationship_graph,Domain,Finding,Yes
relationship_mapper,Domain,Finding,Yes
renderer,Domain,Finding,Yes
replay_engine,URL,Technology,Yes
report-executive_1,Domain,Finding,Yes
report-executive_2,Domain,Finding,Yes
reporter,Domain,Finding,Yes
reporthtml,Domain,Finding,Yes
reporting-cherrytree,Domain,Finding,Yes
reporting-markdown,Domain,Finding,Yes
report_121,Domain,Finding,Yes
report_14,Domain,Finding,Yes
report_15,Domain,Finding,Yes
report_16,Domain,Finding,Yes
report_17,Domain,Finding,Yes
report_generator,Domain,Finding,Yes
report_injector_2,Domain,Finding,Yes
requirements,Domain,Finding,Yes
requirements_11,Domain,Finding,Yes
requirements_12,Domain,Finding,Yes
requirements_16,Domain,Finding,Yes
requirements_2,Domain,Finding,Yes
requirements_3,Domain,Finding,Yes
requirements_8,Domain,Finding,Yes
requirements_9,URL,Technology,Yes
resilience,Domain,Finding,Yes
resolve,Domain,Finding,Yes
resolvers,Domain,Finding,Yes
resolvers_1,Domain,Finding,Yes
resolver_manager,Domain,Finding,Yes
resource_availability,Domain,Finding,Yes
responder,Domain,Finding,Yes
response_headers,URL,Technology,Yes
RESPONSIBLE_DISCLOSURE,Domain,Finding,Yes
rest_api,Domain,Finding,Yes
reverse,Domain,Finding,Yes
reverse-engineer,Domain,Finding,Yes
riddler,Domain,Finding,Yes
risk_mapper,Domain,Finding,Yes
risk_scorer,Domain,Finding,Yes
risk_scoring,Domain,Finding,Yes
ROADMAP,URL,Technology,Yes
robtext,Domain,Finding,Yes
rollback-beta,Domain,Finding,Yes
runner_1,URL,Technology,Yes
runner_3,Domain,Finding,Yes
run_benchmarks,Domain,Finding,Yes
run_dvwa_engagement,Domain,Finding,Yes
run_dvwa_full,Domain,Finding,Yes
run_summary,Domain,Finding,Yes
run_summary_1,URL,Technology,Yes
run_tests,Domain,Finding,Yes
save_results,Domain,Finding,Yes
scan4all,Domain,Finding,Yes
scanners,Domain,Finding,Yes
scanner_5,Domain,Finding,Yes
scan_optimizer,Domain,Finding,Yes
scheduler,Domain,Finding,Yes
schemas,Domain,Finding,Yes
schemas_1,Domain,Finding,Yes
scope_1,Domain,Finding,Yes
scope_test,Domain,Finding,Yes
SCORE,Domain,Finding,Yes
SCORE_1,URL,Technology,Yes
SCORE_2,URL,Technology,Yes
Screenshot1,Domain,Finding,Yes
search_2,Domain,Finding,Yes
secretscfg,Domain,Finding,Yes
SECURITY,URL,Technology,Yes
security-header-analyzer,Domain,Finding,Yes
SecurityHeaderAnalyzer,Domain,Finding,Yes
securitytrails,Domain,Finding,Yes
securitytrails_2,Domain,Finding,Yes
SECURITY_2,URL,Technology,Yes
security_tools,URL,Technology,Yes
sensitive_detector,Domain,Finding,Yes
sensitive_domains,Domain,Finding,Yes
server_1,Domain,Finding,Yes
server_2,URL,Technology,Yes
server_3,URL,Technology,Yes
service_correlator,Domain,Finding,Yes
service_detection,Domain,Finding,Yes
service_learning,Domain,Finding,Yes
session,Domain,Finding,Yes
sessions,Domain,Finding,Yes
session_manager,Domain,Finding,Yes
settings_1,Domain,Finding,Yes
setup_2,Domain,Finding,Yes
severity_engine,URL,Technology,Yes
shadow-it,Domain,Finding,Yes
shadow-ittest,Domain,Finding,Yes
shannon-action,Domain,Finding,Yes
SHANNON-PRO,URL,Technology,Yes
shannon-report-crapi,Domain,Finding,Yes
shannon-report-juice-shop,Domain,Finding,Yes
shannon-scan,Domain,Finding,Yes
shannon-screen_1,Domain,Finding,Yes
shodan_recon_plugin,Domain,Finding,Yes
shuffledns,Domain,Finding,Yes
shuffledns_tool,Domain,Finding,Yes
sitedossier,Domain,Finding,Yes
sitedossier_2,Domain,Finding,Yes
SKILL_19,URL,Technology,Yes
SKILL_2,URL,Technology,Yes
SKILL_20,Domain,Finding,Yes
SKILL_22,Domain,Finding,Yes
SKILL_23,URL,Technology,Yes
SKILL_5,Domain,Finding,Yes
SKILL_6,Domain,Finding,Yes
SKILL_8,Domain,Finding,Yes
smart-scan,Domain,Finding,Yes
smart-scan-expanded-toolset,Domain,Finding,Yes
smart-scan-on-search,Domain,Finding,Yes
solution,URL,Technology,Yes
solved-challenges,URL,Technology,Yes
sources,Domain,Finding,Yes
sources_test,Domain,Finding,Yes
sources_wo_auth_test,Domain,Finding,Yes
sources_w_auth_test,Domain,Finding,Yes
spa_probes,URL,Technology,Yes
SPEC,URL,Technology,Yes
spiderfoot,Domain,Finding,Yes
spotter,Domain,Finding,Yes
sqli_fuzz,Domain,Finding,Yes
sqli_login_bypass,URL,Technology,Yes
SQLmap,Domain,Finding,Yes
sqlmap-agent,Domain,Finding,Yes
srv,Domain,Finding,Yes
ssh_manager,Domain,Finding,Yes
ssl,Domain,Finding,Yes
sslscan,Domain,Finding,Yes
ssl_checker,Domain,Finding,Yes
ssti_fuzz,Domain,Finding,Yes
ssti_stored,URL,Technology,Yes
stage121_catalog,Domain,Finding,Yes
stage121_web,URL,Technology,Yes
stage122_catalog,Domain,Finding,Yes
stage123_catalog,Domain,Finding,Yes
STAGE2,URL,Technology,Yes
start,Domain,Finding,Yes
stats,Domain,Finding,Yes
stderr,Domain,Finding,Yes
stderr_1,Domain,Finding,Yes
stdout,URL,Technology,Yes
stdout_1,URL,Technology,Yes
stealth_crawler,URL,Technology,Yes
stig-analyst,Domain,Finding,Yes
subdomain,Domain,Finding,Yes
subdomain-enumeration,Domain,Finding,Yes
subdomain-hunter-agent,Domain,Finding,Yes
subdomains,Domain,Finding,Yes
subdomainstxt,Domain,Finding,Yes
subdomains_1,Domain,Finding,Yes
subdomains_2,Domain,Finding,Yes
subdomains_v0,Domain,Finding,Yes
subdomains_v1,Domain,Finding,Yes
subdomains_v2,Domain,Finding,Yes
subfinder,Domain,Finding,Yes
subfinder-logo,Domain,Finding,Yes
subfinder-run,Domain,Finding,Yes
subfinder_2,Domain,Finding,Yes
sublist3r_tool,Domain,Finding,Yes
submd,Domain,Finding,Yes
SUBPROCESSORS,Domain,Finding,Yes
subs,Domain,Finding,Yes
suggestion_engine,Domain,Finding,Yes
support,Domain,Finding,Yes
support_test,Domain,Finding,Yes
surface_mapping,Domain,Finding,Yes
swagger,Domain,Finding,Yes
swarm-orchestrator,Domain,Finding,Yes
tag_engine,Domain,Finding,Yes
takeover_detector,Domain,Finding,Yes
target-model,Domain,Finding,Yes
targets,Domain,Finding,Yes
target_classifier,Domain,Finding,Yes
task-management,Domain,Finding,Yes
tech-fingerprinter-agent,Domain,Finding,Yes
tech_detection,Domain,Finding,Yes
templates,Domain,Finding,Yes
template_manager,Domain,Finding,Yes
TERMS,Domain,Finding,Yes
test-lsg-v2,Domain,Finding,Yes
test-suite,Domain,Finding,Yes
test1,Domain,Finding,Yes
test2,Domain,Finding,Yes
testssl,Domain,Finding,Yes
test_agents_parallel,Domain,Finding,Yes
test_api_security_e2e_smoke,URL,Technology,Yes
test_api_server,Domain,Finding,Yes
test_arjun_integration,Domain,Finding,Yes
test_authenticated_scan_coverage,Domain,Finding,Yes
test_auth_profiles_smoke,Domain,Finding,Yes
test_auth_scan_e2e_smoke,Domain,Finding,Yes
test_auth_session,Domain,Finding,Yes
test_auth_session_bearer_flow,Domain,Finding,Yes
test_browser_agent_e2e_smoke,Domain,Finding,Yes
test_browser_crawler,URL,Technology,Yes
test_cache,URL,Technology,Yes
test_checkpoint,Domain,Finding,Yes
test_ci_mode,Domain,Finding,Yes
test_cli,Domain,Finding,Yes
test_cli_auth_coverage,Domain,Finding,Yes
test_common,Domain,Finding,Yes
test_core,URL,Technology,Yes
test_csrf_auth_e2e_smoke,Domain,Finding,Yes
test_dashboard,Domain,Finding,Yes
test_dedup,URL,Technology,Yes
test_dns_resolver_auto,Domain,Finding,Yes
test_e2e_probes,Domain,Finding,Yes
test_engagement_lifecycle_e2e,Domain,Finding,Yes
test_evidence,URL,Technology,Yes
test_evidence_contract,Domain,Finding,Yes
test_exports,Domain,Finding,Yes
test_export_cli,Domain,Finding,Yes
test_full_flow,Domain,Finding,Yes
test_full_workflow,URL,Technology,Yes
test_handler_meta,Domain,Finding,Yes
test_hitl_coverage,Domain,Finding,Yes
test_install_preferences,URL,Technology,Yes
test_integration_dvwa,Domain,Finding,Yes
test_juiceshop_e2e_smoke,Domain,Finding,Yes
test_list_targets,Domain,Finding,Yes
test_llm_redteam,Domain,Finding,Yes
test_mcp_auth_profile,Domain,Finding,Yes
test_mcp_honeypot_e2e,URL,Technology,Yes
test_mcp_security_tools,URL,Technology,Yes
test_mcp_server_coverage,Domain,Finding,Yes
test_misc_coverage,URL,Technology,Yes
test_mobile_agent_e2e_smoke,Domain,Finding,Yes
test_monitor,Domain,Finding,Yes
test_monitor_mode,Domain,Finding,Yes
test_new_tool_integrations,Domain,Finding,Yes
test_observation_normalization,URL,Technology,Yes
test_os_execution,URL,Technology,Yes
test_parallel,Domain,Finding,Yes
test_payload_library,URL,Technology,Yes
test_perf_profile,URL,Technology,Yes
test_phase6,Domain,Finding,Yes
test_primitives_evidence_capture,Domain,Finding,Yes
test_probe_asset_secrets,Domain,Finding,Yes
test_probe_business_logic_fuzz,URL,Technology,Yes
test_probe_captcha_replay,Domain,Finding,Yes
test_probe_crawler,URL,Technology,Yes
test_probe_exif_metadata,Domain,Finding,Yes
test_probe_leaked_credentials,Domain,Finding,Yes
test_probe_nosql_fuzz,Domain,Finding,Yes
test_probe_oauth_pkce_downgrade,Domain,Finding,Yes
test_probe_response_headers,Domain,Finding,Yes
test_probe_sqli_fuzz,Domain,Finding,Yes
test_probe_ssti_fuzz,Domain,Finding,Yes
test_probe_ssti_polyglot,Domain,Finding,Yes
test_probe_xss_fuzz,Domain,Finding,Yes
test_registry_coverage,Domain,Finding,Yes
test_registry_extended,Domain,Finding,Yes
test_reporting,Domain,Finding,Yes
test_report_only,Domain,Finding,Yes
test_resolvers_external,Domain,Finding,Yes
test_resolvers_hardening,Domain,Finding,Yes
test_sanitize,Domain,Finding,Yes
test_scanners,Domain,Finding,Yes
test_severity_calibration,URL,Technology,Yes
test_shell_syntax,Domain,Finding,Yes
test_smoke,Domain,Finding,Yes
test_stage121_integration,Domain,Finding,Yes
test_stage122_integration,Domain,Finding,Yes
test_stage123_integration,Domain,Finding,Yes
test_stage13_orchestration,Domain,Finding,Yes
test_stage14_tui,Domain,Finding,Yes
test_stage15_plugins,Domain,Finding,Yes
test_stage181_burp,Domain,Finding,Yes
test_stage182_traffic,Domain,Finding,Yes
test_stage19_plugins,Domain,Finding,Yes
test_stage2,Domain,Finding,Yes
test_stage20_services,Domain,Finding,Yes
test_stealth_crawler,URL,Technology,Yes
test_subdomains_asn,Domain,Finding,Yes
test_subdomains_filtering,Domain,Finding,Yes
test_sub_tls_no_match,Domain,Finding,Yes
test_terminal_output_modes,Domain,Finding,Yes
test_tool_bridge,URL,Technology,Yes
test_tool_bridge_e2e,URL,Technology,Yes
test_tool_installer,URL,Technology,Yes
test_tool_installer_coverage,URL,Technology,Yes
test_tool_installer_extended,Domain,Finding,Yes
test_tool_result_persistence,URL,Technology,Yes
test_ui_snapshots,Domain,Finding,Yes
test_utils,Domain,Finding,Yes
test_validation,Domain,Finding,Yes
test_vps_count_cli,Domain,Finding,Yes
test_webprobe_full_formats,URL,Technology,Yes
test_web_agent_crawl_inject,Domain,Finding,Yes
THANKS,Domain,Finding,Yes
thc,Domain,Finding,Yes
theharvester,Domain,Finding,Yes
threat-modeler,Domain,Finding,Yes
threatbook,Domain,Finding,Yes
threatcrowd,Domain,Finding,Yes
threatcrowd_2,Domain,Finding,Yes
threatminer,Domain,Finding,Yes
throttle,Domain,Finding,Yes
TIER2-EXECUTION,Domain,Finding,Yes
TIMELINE,Domain,Finding,Yes
tlsx,Domain,Finding,Yes
tls_cert,Domain,Finding,Yes
tls_cert_1,Domain,Finding,Yes
tls_fingerprint,Domain,Finding,Yes
tool-checker,Domain,Finding,Yes
tool-responses,Domain,Finding,Yes
tool-runner,Domain,Finding,Yes
tools,Domain,Finding,Yes
tool_bridge,URL,Technology,Yes
tool_browser,Domain,Finding,Yes
tool_chains,Domain,Finding,Yes
tool_health,Domain,Finding,Yes
tool_installer,Domain,Finding,Yes
tool_lessons,Domain,Finding,Yes
tool_registry,Domain,Finding,Yes
tool_result,Domain,Finding,Yes
tool_schemas,Domain,Finding,Yes
tool_versions,Domain,Finding,Yes
traffic_commands,Domain,Finding,Yes
traffic_view,Domain,Finding,Yes
train-archnet,Domain,Finding,Yes
training-data-2025-12-24T03-29-17-267Z,Domain,Finding,Yes
training-data-2025-12-24T03-31-48-760Z,Domain,Finding,Yes
training-data-2025-12-24T04-13-25-236Z,Domain,Finding,Yes
training-data-2025-12-24T04-32-35-147Z,Domain,Finding,Yes
training-data-2025-12-24T04-43-48-405Z,Domain,Finding,Yes
transform,Domain,Finding,Yes
transform_test,Domain,Finding,Yes
transparentbanner,Domain,Finding,Yes
triage,Domain,Finding,Yes
triage-results,URL,Technology,Yes
triage-rubric,URL,Technology,Yes
triage-summary,URL,Technology,Yes
triage_sample,URL,Technology,Yes
tshark,Domain,Finding,Yes
tshark_engine,Domain,Finding,Yes
txt,Domain,Finding,Yes
txt_1,Domain,Finding,Yes
type,Domain,Finding,Yes
types_1,Domain,Finding,Yes
types_2,URL,Technology,Yes
types_6,Domain,Finding,Yes
types_9,Domain,Finding,Yes
unauthed-findings,Domain,Finding,Yes
unauthed-findings_1,Domain,Finding,Yes
url,Domain,Finding,Yes
urlscan_2,Domain,Finding,Yes
uv_1,Domain,Finding,Yes
validate_2,Domain,Finding,Yes
validator,URL,Technology,Yes
vars,URL,Technology,Yes
vault,Domain,Finding,Yes
version,URL,Technology,Yes
viewport,Domain,Finding,Yes
virtual-host-enumeration,Domain,Finding,Yes
virustotal,Domain,Finding,Yes
virustotal_1,Domain,Finding,Yes
virustotal_3,Domain,Finding,Yes
viz,Domain,Finding,Yes
vuln-hypothesizer,Domain,Finding,Yes
vuln-scanner,Domain,Finding,Yes
vuln-ssrf,Domain,Finding,Yes
vuln-ssrf_2,Domain,Finding,Yes
vulnerability_concepts,Domain,Finding,Yes
vuln_analysis,Domain,Finding,Yes
waybackarchive,Domain,Finding,Yes
waybackurls_2,Domain,Finding,Yes
wayback_1,Domain,Finding,Yes
waymore,Domain,Finding,Yes
web,URL,Technology,Yes
web-app-quick,URL,Technology,Yes
web-hunter,URL,Technology,Yes
webhook-reporter,URL,Technology,Yes
webshell-management,URL,Technology,Yes
websocket,URL,Technology,Yes
web_agent,Domain,Finding,Yes
web_assets,URL,Technology,Yes
web_cache_deception,URL,Technology,Yes
web_enum,URL,Technology,Yes
web_pipeline,URL,Technology,Yes
web_recon,URL,Technology,Yes
whoisxmlapi,Domain,Finding,Yes
whois_lookup,Domain,Finding,Yes
wildcard_detector,Domain,Finding,Yes
windvane,Domain,Finding,Yes
wireless-pentester,Domain,Finding,Yes
workflow_builder,Domain,Finding,Yes
workflow_definitions,Domain,Finding,Yes
workflow_planner,Domain,Finding,Yes
workflow_player,Domain,Finding,Yes
workflow_recorder,Domain,Finding,Yes
workflow_templates,Domain,Finding,Yes
workspaces_1,Domain,Finding,Yes
world-model,Domain,Finding,Yes
WorldModel,Domain,Finding,Yes
WorldModeltest,Domain,Finding,Yes
xbow-performance-comparison,Domain,Finding,Yes
xss,URL,Technology,Yes
xss-validator-agent,Domain,Finding,Yes
xss_fuzz,Domain,Finding,Yes
xss_scan,Domain,Finding,Yes
zetalytics,Domain,Finding,Yes
zoomeyeapi,Domain,Finding,Yes
zoomeye_search,Domain,Finding,Yes
_11,Domain,Finding,Yes
_12,Domain,Finding,Yes
_15,Domain,Finding,Yes
_scope-guard,Domain,Finding,Yes
__init___105,Domain,Finding,Yes
__init___106,Domain,Finding,Yes
__init___107,Domain,Finding,Yes
__init___117,Domain,Finding,Yes
__init___121,Domain,Finding,Yes
__init___122,Domain,Finding,Yes
__init___129,Domain,Finding,Yes
__init___135,URL,Technology,Yes
__init___148,Domain,Finding,Yes
__init___149,Domain,Finding,Yes
__init___156,Domain,Finding,Yes
__init___218,URL,Technology,Yes
__init___30,Domain,Finding,Yes
__init___33,Domain,Finding,Yes
__init___35,URL,Technology,Yes
__init___36,Domain,Finding,Yes
__init___37,Domain,Finding,Yes
__init___54,Domain,Finding,Yes
__main___1,Domain,Finding,Yes
vuln-authz_1,Domain,Finding,Yes
vuln-auth_1,Domain,Finding,Yes
vuln-injection_1,Domain,Finding,Yes
exploit,URL,Technology,Yes
exploit-injection_2,URL,Technology,Yes
vulns,URL,Technology,Yes
vuln_correlator,URL,Technology,Yes
vuln_pipeline,URL,Technology,Yes
vuln_scanner_agent,Domain,Finding,Yes
API,URL,Technology,Yes
INSTALL,URL,Technology,Yes
sqlmap,URL,Technology,Yes
summary,URL,Technology,Yes
