Repository,Tier
activity_feed,Tier 5
ad_agent,Tier 5
agent_1,Tier 5
agent_trace,Tier 5
agent_trace_test,Tier 5
app_3,Tier 5
attach,Tier 5
attach_test,Tier 5
audit,Tier 5
audit-logger,Tier 5
audit-session,Tier 5
base-agent,Tier 5
base_1,Tier 5
base_tool,Tier 5
batch_task,Tier 5
batch_task_manager,Tier 5
batch_task_mcp,Tier 5
beacongo,Tier 5
bug,Tier 5
BurpExtender,Tier 5
BurpExtender1,Tier 5
c2_hitl_bridge,Tier 5
CLAUDE,Tier 5
claude_reasoning_roundtrip,Tier 5
claude_reasoning_roundtrip_test,Tier 5
cleanup-rollback,Tier 5
client,Tier 5
cmdi-agent,Tier 5
config,Tier 5
config_3,Tier 5
content,Tier 5
controller,Tier 5
corpus,Tier 5
cost,Tier 5
createdFiles,Tier 5
CTF,Tier 5
cyberstrikeai-burp-extension-100,Tier 5
CyberStrikeAIClientConfig,Tier 5
CyberStrikeAITabTestRun,Tier 5
CyberStrikeAITabTestRunCellRenderer,Tier 5
dashboard,Tier 5
default,Tier 5
default_1,Tier 5
dependency_graph,Tier 5
detector,Tier 5
development,Tier 5
eino_checkpoint,Tier 5
eino_execute_monitor,Tier 5
eino_execute_streaming_wrap,Tier 5
eino_exit_fallback_test,Tier 5
eino_filesystem_tool_monitor,Tier 5
eino_input_telemetry,Tier 5
eino_middleware,Tier 5
eino_middleware_test,Tier 5
eino_model_facing_trace,Tier 5
eino_model_rewrite_pipeline,Tier 5
eino_orchestration,Tier 5
eino_resume_segment,Tier 5
eino_single_agent,Tier 5
eino_skills,Tier 5
eino_sse_sanitizer,Tier 5
eino_sse_sanitizer_test,Tier 5
eino_summarize,Tier 5
eino_summarize_test,Tier 5
engagement-planning,Tier 5
EQBSL-Primer,Tier 5
events,Tier 1
events_1,Tier 5
EvidenceCommand,Tier 5
eyewitness,Tier 5
feature,Tier 5
feature_2,Tier 5
formatting,Tier 5
frontmatter,Tier 5
generate-totp,Tier 5
git-manager,Tier 5
ground-truth-agent,Tier 5
group,Tier 5
hitl_context,Tier 5
hitl_middleware,Tier 5
holder,Tier 5
HttpMessageFormatter,Tier 5
impact-exfiltration,Tier 5
index,Tier 5
index_12,Tier 5
index_3,Tier 5
index_4,Tier 1
index_9,Tier 5
install_preferences,Tier 5
interrupt,Tier 5
lateral-movement,Tier 5
layout,Tier 5
listener_tcp,Tier 5
log-stream,Tier 5
logger,Tier 5
logger_1,Tier 5
login-instructions,Tier 5
login-instructions_1,Tier 5
logo,Tier 5
main_12,Tier 5
main_3,Tier 4
main_8,Tier 4
markdown_orchestrator_test,Tier 5
mcp_pent_claude_agent,Tier 5
mcp_tools,Tier 5
memory,Tier 5
metrics,Tier 5
models,Tier 1
model_manager,Tier 5
multi_agent_prepare,Tier 5
navigator,Tier 5
normalize_streaming_delta_test,Tier 5
normalize_streaming_eof_test,Tier 5
opsec-evasion,Tier 5
orchestratortest,Tier 5
orchestrator_instruction,Tier 5
orphan_tool_pruner_middleware_test,Tier 5
otel,Tier 5
package-lock_1,Tier 5
package_2,Tier 5
package_4,Tier 5
paths_1,Tier 5
payload_builder,Tier 5
PentestGPT_design,Tier 5
persistence-maintenance,Tier 5
plan_execute_executor,Tier 5
plan_execute_steps_cap,Tier 5
plan_execute_steps_cap_test,Tier 5
plan_execute_text,Tier 5
plan_execute_text_test,Tier 5
plugin_3,Tier 1
plugin_center,Tier 5
pnpm-workspace,Tier 5
portscan-all-tcp-ports,Tier 5
portscan-top-100-udp-ports,Tier 5
pre-commit-config,Tier 5
pre-recon-code_3,Tier 5
privilege-escalation,Tier 5
production,Tier 5
progress-manager,Tier 5
prompt-manager,Tier 5
prompts,Tier 1
prompt_select,Tier 5
README_14,Tier 5
README_34,Tier 5
README_35,Tier 5
README_40,Tier 5
reasoning_trace,Tier 5
reasoning_trace_test,Tier 5
reconftw_prox_deploy,Tier 5
recon_3,Tier 5
registry_4,Tier 5
registry_8,Tier 5
registry_bridge,Tier 5
remediation-agent,Tier 5
report-output-provider,Tier 5
reporting-remediation,Tier 5
report_agent,Tier 5
result,Tier 5
role,Tier 5
router,Tier 5
runner_reasoning_history_test,Tier 5
run_context,Tier 5
save-deliverable,Tier 5
service_1,Tier 5
settings_3,Tier 5
settings_4,Tier 5
skills,Tier 5
splash,Tier 5
sse_stream,Tier 5
styles,Tier 5
summary-mapper,Tier 5
task_handler,Tier 5
task_manager,Tier 5
task_processor,Tier 5
task_tree_manager,Tier 5
test-multibar,Tier 5
test_async_prompt,Tier 5
test_backend_interface,Tier 5
test_base_agent_coverage,Tier 5
test_controller,Tier 5
test_cost_tracker,Tier 5
test_events,Tier 5
test_install_planner,Tier 5
test_integration,Tier 5
test_langfuse,Tier 5
test_mcp_auth_session_reuse,Tier 5
test_mcp_client_and_hitl,Tier 5
test_mcp_server,Tier 5
test_output_parser,Tier 5
test_playbook,Tier 5
test_stage2_integration,Tier 5
test_trigger_system,Tier 5
test_web_agent_set_auth,Tier 5
tmux_manager,Tier 5
tool_error_middleware,Tier 5
tool_error_middleware_test,Tier 5
tool_invoke_notify,Tier 5
tracer,Tier 5
trigger_system,Tier 5
truncate_test,Tier 5
tsdownconfig,Tier 5
tui,Tier 5
types_7,Tier 5
utils,Tier 1
validate,Tier 5
validate-authentication,Tier 5
validation-harness,Tier 5
vulnerability-triage,Tier 5
Web,Tier 5
webshell_context,Tier 5
webshell_context_test,Tier 5
webshell_probe,Tier 5
wechat,Tier 5
wireless_agent,Tier 5
workflow-logger,Tier 5
workflow_engine,Tier 5
_14,Tier 5
_rules_1,Tier 5
_target_1,Tier 5
__init___109,Tier 5
__init___11,Tier 5
__init___141,Tier 5
__init___144,Tier 5
__init___17,Tier 5
__init___202,Tier 5
__init___211,Tier 5
__init___29,Tier 5
__init___31,Tier 5
__init___50,Tier 5
__init___52,Tier 5
__init___6,Tier 5
__init___70,Tier 5
activities,Tier 5
agent-execution,Tier 5
agents,Tier 4
agent_runner,Tier 5
agent_test,Tier 5
anthropic_agent,Tier 5
anthropic_official,Tier 5
api,Tier 5
api-discoverer-agent,Tier 5
api-discovery,Tier 5
api-discoverytest,Tier 5
api-docs,Tier 5
api-schema-analyzer,Tier 5
apitest,Tier 5
api_authentication,Tier 5
api_pipeline,Tier 5
app,Tier 1
app_2,Tier 5
app_config,Tier 5
asvs-mapper,Tier 5
async_prompt,Tier 5
attackchain,Tier 5
audit_1,Tier 5
aup_consent,Tier 5
auth,Tier 1
auth_analyzer,Tier 5
auth_cache,Tier 5
backend,Tier 5
banner_analyzer,Tier 5
billing-detection,Tier 5
build,Tier 5
build-mvn,Tier 5
burp_client,Tier 5
burp_commands,Tier 5
business-logic-agent,Tier 5
c2_lifecycle,Tier 5
c2_tools,Tier 5
captcha_replay,Tier 5
chain,Tier 5
chat-files,Tier 5
chatgpt,Tier 5
chatgpt_api,Tier 5
chatgpt_config_sample,Tier 5
chat_config,Tier 5
checkpoint,Tier 5
checkpoint-manager,Tier 5
citations,Tier 5
clair,Tier 5
claude_bridge,Tier 5
CODE_OF_CONDUCT,Tier 5
config-loader,Tier 5
config_2,Tier 2
config_5,Tier 5
config_6,Tier 5
conftest,Tier 5
constants,Tier 5
content_fingerprint,Tier 5
CONTRIBUTING_2,Tier 5
CONTRIBUTING_3,Tier 5
CONTRIBUTING_4,Tier 5
conversation,Tier 5
cors-probe-agent,Tier 5
cors_reflection,Tier 5
cortex,Tier 5
coupon_forging,Tier 5
credential_detector,Tier 5
cve_db,Tier 5
cve_poc_primitives,Tier 5
cvss-calculator,Tier 5
CyberStrikeAIClient,Tier 5
CyberStrikeAIClientAgentMode,Tier 5
dark-matter,Tier 5
dark-mattertest,Tier 5
dashboard_2,Tier 5
DATA-PRIVACY,Tier 5
datasrcs,Tier 5
debug,Tier 5
DECISION,Tier 5
deepseek,Tier 5
deepseek_api,Tier 5
default_single_system_prompt,Tier 5
DEPLOYMENT,Tier 5
deserialization,Tier 5
documentation-agent,Tier 5
doc_3,Tier 5
DPA,Tier 5
eino,Tier 5
eino_single_runner,Tier 5
eino_test,Tier 5
eino_transient_retry,Tier 5
eino_transient_retry_test,Tier 5
embedding,Tier 5
endpoint_classifier,Tier 5
engineapi_test,Tier 5
envexpand_test,Tier 5
env_2,Tier 5
env_4,Tier 5
error-handling,Tier 5
ErrorPatternAnalyzertest,Tier 5
errors,Tier 5
evidence,Tier 1
executor_2,Tier 5
exploit-authz_1,Tier 5
exploit-authz_3,Tier 5
express-scaffold,Tier 5
external_mcp_test,Tier 5
extract_cookie,Tier 5
facebook,Tier 5
feature-collector,Tier 5
forced_error,Tier 5
frontend-i18n,Tier 5
gemini,Tier 5
gemini_api,Tier 5
getting-started,Tier 5
gpt4all_api,Tier 5
graphql,Tier 5
graphql-scanner,Tier 5
graphql_introspection,Tier 5
graphql_tool,Tier 5
hackertarget,Tier 5
harness,Tier 5
hidden_discovery,Tier 5
hitl,Tier 5
host_header_reset_poisoning,Tier 5
HTTPMethodAnalyzertest,Tier 5
http_extractor,Tier 5
idor_authenticated,Tier 5
idor_authz_differential,Tier 5
indexer,Tier 5
index_1,Tier 5
index_13,Tier 5
index_17,Tier 5
inference,Tier 5
inferencetest,Tier 5
install-git-hooks,Tier 5
INSTALL_2,Tier 5
jina,Tier 5
js-analysis,Tier 5
juiceshop,Tier 5
jwt_jku_x5u_ssrf,Tier 5
knowledge,Tier 5
knowledgejs,Tier 5
knowledge_base,Tier 5
langfuse,Tier 5
lark,Tier 5
ldap_injection,Tier 5
legacy,Tier 5
LICENSE,Tier 5
LICENSE_1,Tier 5
LICENSE_10,Tier 5
LICENSE_12,Tier 5
LICENSE_13,Tier 5
LICENSE_2,Tier 5
LICENSE_4,Tier 5
LICENSE_6,Tier 5
LICENSE_7,Tier 5
LICENSE_9,Tier 5
llm,Tier 5
llm-analysis,Tier 5
llm-client,Tier 5
llm-clienttest,Tier 5
llm-clienttest_1,Tier 5
llm-client_1,Tier 5
llm_api,Tier 5
loader_1,Tier 5
LOCAL-SETUP,Tier 5
main_4,Tier 4
main_5,Tier 4
manager_2,Tier 5
markdown,Tier 5
MarkdownRenderer,Tier 5
markdown_agents,Tier 5
masscan,Tier 5
masscan_2,Tier 5
mass_assignment,Tier 5
mcp_client,Tier 5
mcp_manager,Tier 5
mcp_setup,Tier 5
memory_compressor,Tier 5
message-handlers,Tier 5
metrics-tracker,Tier 5
models_1,Tier 5
models_5,Tier 5
module_import,Tier 5
monitor,Tier 1
multi_agent,Tier 5
MULTI_AGENT_EINO,Tier 5
nikto_tool,Tier 5
nmap-irc,Tier 5
notifications,Tier 5
no_nested_task,Tier 5
ollama_api,Tier 5
openai,Tier 4
openapi,Tier 2
openapi-discovery-agent,Tier 5
openapi_i18n,Tier 5
openapi_parser,Tier 5
open_ai,Tier 5
oracle-patator,Tier 5
orchestrator-plan-execute,Tier 5
orchestrator-supervisor,Tier 5
orphan_tool_pruner_middleware,Tier 5
osrframework,Tier 5
package_1,Tier 5
package_5,Tier 5
parameter_mapper,Tier 5
password_reset_weak,Tier 5
path_traversal,Tier 5
penetration,Tier 5
pentest-ai,Tier 5
pentest_agent,Tier 5
pentest_gpt,Tier 5
pentest_gpt_rebuilt,Tier 5
pent_claude_agent_config,Tier 5
perplexity,Tier 5
persistencetest,Tier 5
playwright-config-writer,Tier 5
plugin_loader_1,Tier 5
poc_agent,Tier 5
pom,Tier 5
postman_parser,Tier 5
pre-recon-code_2,Tier 5
privilege_escalation_patch,Tier 5
project_manager,Tier 5
prototype_pollution,Tier 5
pyproject,Tier 5
quake_search,Tier 5
queue,Tier 5
race_condition,Tier 5
reactive-verifier,Tier 5
READMEzh-CN,Tier 5
README_10,Tier 5
README_11,Tier 5
README_13,Tier 5
README_15,Tier 5
README_32,Tier 5
README_33,Tier 5
README_38,Tier 5
README_50,Tier 5
README_54,Tier 5
README_55,Tier 5
README_CN_3,Tier 5
recon,Tier 5
reconx_engine,Tier 5
REFERENCE,Tier 5
reflected_xss,Tier 5
registry,Tier 1
release-pypi,Tier 5
replay,Tier 5
report-snippet,Tier 5
report_18,Tier 5
report_injector,Tier 5
report_injector_1,Tier 5
requirements_6,Tier 5
reset_juice_shop,Tier 5
retrieval_postprocess,Tier 5
retry,Tier 5
review,Tier 5
robot,Tier 5
robot_en,Tier 5
roles,Tier 5
route_correlator,Tier 5
RunCommand,Tier 5
runner,Tier 5
saml_xsw,Tier 5
sandbox,Tier 5
sanitize,Tier 5
schedulertest,Tier 5
scheduler_2,Tier 5
schema-gen-agent,Tier 5
scope,Tier 1
search,Tier 5
SecurityHeaderAnalyzertest,Tier 5
server,Tier 1
service,Tier 5
services_commands,Tier 5
service_intelligence_view,Tier 5
settings,Tier 5
shared,Tier 5
sherlock,Tier 5
shodan_api,Tier 5
shodan_apicpython-313,Tier 5
shodan_search,Tier 5
sitemap-agent,Tier 5
SKILL,Tier 5
SKILL_11,Tier 5
SKILL_13,Tier 5
SKILL_3,Tier 5
SKILL_7,Tier 5
SKILL_9,Tier 5
source-gen-agent,Tier 5
ssti_polyglot,Tier 5
status,Tier 5
stored_xss,Tier 5
style,Tier 5
sub_agent_context,Tier 5
sub_agent_context_test,Tier 5
SUMMARY,Tier 5
swagger_2,Tier 5
swagger_parser,Tier 5
tasks,Tier 5
telemetry,Tier 5
terminal,Tier 5
test-cortex-integration,Tier 5
test-gen-agent,Tier 5
testLogin,Tier 5
test_agent_loop,Tier 5
test_agent_mode_cli,Tier 5
test_anthropic_agent,Tier 5
test_auth_profiles,Tier 5
test_auth_profile_cli,Tier 5
test_auth_runner,Tier 5
test_benchmarks_scoring_common,Tier 5
test_browser_agent,Tier 5
test_chain,Tier 5
test_chain_quality,Tier 5
test_config,Tier 5
test_connection,Tier 5
test_handler_web_probes,Tier 5
test_langfuse_1,Tier 5
test_legacy_probe_migration,Tier 5
test_llm,Tier 5
test_llm_e2e_smoke,Tier 5
test_mcp_action_surface,Tier 5
test_new_high_roi_probes,Tier 5
test_probe_cors_reflection,Tier 5
test_probe_coupon_forging,Tier 5
test_probe_cve_poc,Tier 5
test_probe_deserialization,Tier 5
test_probe_dom_xss,Tier 5
test_probe_file_upload_validation,Tier 5
test_probe_forced_error,Tier 5
test_probe_graphql_introspection,Tier 5
test_probe_hidden_discovery,Tier 5
test_probe_host_header_reset_poisoning,Tier 5
test_probe_idor_authenticated,Tier 5
test_probe_idor_authz_differential,Tier 5
test_probe_idor_sequential,Tier 5
test_probe_ldap_injection,Tier 5
test_probe_mass_assignment,Tier 5
test_probe_path_traversal,Tier 5
test_probe_primitives,Tier 5
test_probe_prototype_pollution,Tier 5
test_probe_race_condition,Tier 5
test_probe_reflected_xss,Tier 5
test_probe_registry,Tier 5
test_probe_ssti_stored,Tier 5
test_probe_stored_xss,Tier 5
test_probe_web3,Tier 5
test_probe_web_cache_deception,Tier 5
test_probe_xxe_upload,Tier 5
test_providers,Tier 5
test_registry_bridge,Tier 5
test_scope,Tier 5
test_spa_probes,Tier 5
test_specialist_agents_coverage,Tier 5
test_stage1,Tier 5
test_tracing_and_telemetry,Tier 5
test_working_memory,Tier 5
tracing,Tier 5
traffic_parser,Tier 5
train-filternet,Tier 5
train-simple,Tier 5
TROUBLESHOOTING,Tier 5
truncate,Tier 5
trusted_header_bypass,Tier 5
types,Tier 5
unauthed-decision-log,Tier 5
upgrade,Tier 5
urlscan,Tier 5
utils_2,Tier 5
vuln-auth_3,Tier 5
vuln-ssrf_3,Tier 5
vulnerability,Tier 5
wayback,Tier 5
waybackurls,Tier 5
web3_probe,Tier 5
webshell,Tier 2
web_intelligence_view,Tier 5
web_parser,Tier 5
web_probes,Tier 5
wechat-robot,Tier 5
wechat_robot,Tier 5
wordlist,Tier 5
workflow-errors,Tier 5
workflows,Tier 5
workflow_engine_1,Tier 5
wpscan,Tier 5
writer,Tier 5
xxe_upload,Tier 5
zap,Tier 5
__init___112,Tier 5
__init___115,Tier 5
__init___116,Tier 5
__init___142,Tier 5
__init___146,Tier 5
__init___153,Tier 5
__init___203,Tier 5
__init___22,Tier 5
__init___34,Tier 5
__init___64,Tier 5
builtin-tools,Tier 5
CyberStrikeAIClientStreamListener,Tier 5
CyberStrikeAITab1,Tier 5
CyberStrikeAITabDotIcon,Tier 5
headers_inject,Tier 5
hexstrike-ai-mcp,Tier 5
main,Tier 4
mcp,Tier 5
mcp_tools_test,Tier 5
monitor_1,Tier 5
options,Tier 5
README_6,Tier 5
SimpleJson,Tier 5
sse_keepalive,Tier 5
SslTrustAll1,Tier 5
SslTrustAllTimeoutSslSocketFactory,Tier 5
test_file_transfer,Tier 5
test_handlers_misc,Tier 5
__init___38,Tier 5
__init___55,Tier 5
__main__,Tier 5
404StarLinkLogo,Tier 5
agent-management,Tier 5
agents-for,Tier 5
ai_analysis,Tier 5
alterations,Tier 1
announcements,Tier 5
AUP,Tier 5
auth_profiles,Tier 1
aws,Tier 5
aws_recon,Tier 1
aws_sm,Tier 1
azure,Tier 5
azure_recon,Tier 1
banner_2,Tier 5
benchmark_runner,Tier 1
bizlogic-hunter,Tier 5
bucket_correlator,Tier 1
bug_report,Tier 5
ccr-config-template,Tier 5
chat,Tier 1
chatgpt_config_curl,Tier 5
ChatGPT_key,Tier 5
checkov,Tier 5
ci_1,Tier 5
ci_cd_cloud,Tier 5
ci_cd_cloud_mapper,Tier 1
claude-executor,Tier 1
CLAUDE_2,Tier 5
CLAUDE_3,Tier 5
clear,Tier 5
cli,Tier 1
cloud-security,Tier 5
cloudfront_mapper,Tier 1
cloudmapper,Tier 5
cloud_agent,Tier 4
cloud_attack_surface,Tier 5
cloud_enum,Tier 5
cloud_fingerprint,Tier 1
cloud_models,Tier 1
cloud_pipeline,Tier 1
cloud_storage,Tier 5
conftest_2,Tier 1
container-breakout,Tier 5
CUSTOMIZATION,Tier 5
CyberStrikeAITab,Tier 5
dec-2025,Tier 5
demo,Tier 5
demo_1,Tier 5
dependabot_3,Tier 5
devcontainer,Tier 5
DISCLAIMER,Tier 5
docker,Tier 5
docker-compose,Tier 5
docker-compose_1,Tier 5
docker-compose_2,Tier 5
docker-compose_3,Tier 5
Dockerfile_4,Tier 5
Dockerfile_7,Tier 5
Dockerfile_9,Tier 5
docker_2,Tier 5
docker_manager,Tier 1
docker_nightly,Tier 5
docker_registry_analyzer,Tier 1
domains,Tier 4
embedder,Tier 1
engagement-planner,Tier 5
entrypoint,Tier 1
env,Tier 1
env_3,Tier 5
example-stig-finding,Tier 5
executor_test,Tier 1
exploit-auth,Tier 5
exploit-authz,Tier 5
exploit-authz_2,Tier 5
exploit-auth_2,Tier 5
exploit-injection,Tier 5
exploit-xss,Tier 5
exploit-xss_2,Tier 5
export_menu,Tier 5
factory,Tier 1
fill-legal,Tier 1
fingerprinter,Tier 1
fingerprintertest,Tier 1
fix-workspace-permissions,Tier 1
gcp,Tier 5
gcp_recon,Tier 1
github-banner,Tier 5
gitleaks,Tier 5
go_2,Tier 5
graphw00f,Tier 1
hexstrike-logo,Tier 5
home,Tier 1
index_5,Tier 1
javascript,Tier 5
js-harvester-agent,Tier 4
kube-bench,Tier 5
kube-hunter,Tier 5
kubernetes,Tier 5
launch-config,Tier 5
leaksapi-banner,Tier 5
leaksapi-logo,Tier 5
LICENSE_5,Tier 5
litellm_provider,Tier 1
logo_3,Tier 5
main_13,Tier 4
main_menu,Tier 5
Makefile,Tier 5
mindmap_obsidian,Tier 5
misconfig-detector,Tier 1
misconfigtest,Tier 1
mobile-pentester,Tier 5
mode,Tier 1
orchestrator,Tier 5
outputs,Tier 5
package_3,Tier 5
pacu,Tier 5
pentestgpt_executor,Tier 1
PentestGPT_Hackable2,Tier 5
plugins,Tier 1
pnpm-lock,Tier 5
poc-validator,Tier 5
pre-recon-code,Tier 5
privesc-advisor,Tier 5
privesc_agent,Tier 4
prowler,Tier 5
pyproject_3,Tier 5
quick-start,Tier 5
README_21,Tier 5
README_22,Tier 5
README_28,Tier 5
README_29,Tier 5
README_30,Tier 5
reconcloud,Tier 1
reconx,Tier 1
release-beta,Tier 5
release_1,Tier 5
requirements_7,Tier 5
resolver,Tier 1
results,Tier 5
role-management,Tier 5
rollback,Tier 5
rsecloud,Tier 1
s3scanner,Tier 2
s3_scanner,Tier 2
sarif,Tier 1
scan_pipeline,Tier 2
scan_running,Tier 5
scout-suite,Tier 5
Screenshot2,Tier 5
Screenshot3,Tier 5
Screenshot4,Tier 5
secret-scanner-agent,Tier 4
secure_credential,Tier 1
security,Tier 5
SECURITY_3,Tier 5
selection_agent,Tier 4
server_mcp_pentest_18,Tier 5
service_analyzer,Tier 1
service_correlator_1,Tier 1
settings_2,Tier 5
setup,Tier 3
setup_1,Tier 3
shannon-banner,Tier 5
SHANNON-PRO_1,Tier 5
shannon-report-capital-api,Tier 5
shannon-screen,Tier 5
shodan,Tier 1
six2dez_reconftw-stars-history,Tier 5
SKILL_1,Tier 5
SKILL_14,Tier 5
SKILL_16,Tier 5
SKILL_17,Tier 5
SKILL_4,Tier 5
social-engineer,Tier 5
sponsor-wechat-alipay-qr,Tier 5
ssrf_cloud_metadata,Tier 1
ssrf_payloads,Tier 5
stop,Tier 1
tch,Tier 5
tcp_beacon_server,Tier 1
teardown,Tier 1
techdetect,Tier 1
terraform-reconFTW,Tier 5
test_ad_agent_e2e_smoke,Tier 4
test_agents,Tier 4
test_benchmark_cli,Tier 1
test_chain_context_discriminator,Tier 4
test_cli_menu,Tier 1
test_cloud_agent_e2e_smoke,Tier 4
test_container_health,Tier 4
test_docker_build,Tier 1
test_flag_detection,Tier 1
test_litellm_provider,Tier 1
test_misc_coverage_2,Tier 1
test_probe_ssrf_cloud_metadata,Tier 1
test_providers_and_small_agents,Tier 4
test_selection_agent,Tier 4
trufflehog,Tier 1
type_confusion,Tier 1
uninstall,Tier 1
USAGE,Tier 5
usage_input,Tier 5
usage_output,Tier 5
usage_server1,Tier 5
usage_server2,Tier 5
variables,Tier 5
vectorDB,Tier 1
vuln-auth,Tier 5
vuln-authz,Tier 5
vuln-authz_2,Tier 5
vuln-auth_2,Tier 5
vuln-injection,Tier 5
vuln-injection_2,Tier 5
vuln-xss,Tier 5
vuln-xss_2,Tier 5
vulnerability-management,Tier 5
waf-detector-agent,Tier 4
wafw00f,Tier 1
web-console,Tier 5
wechat-group-cyberstrikeai-qr,Tier 5
workflow_center,Tier 1
workspaces,Tier 1
zh-CN,Tier 5
_10,Tier 5
__init___119,Tier 1
__init___26,Tier 1
__init___78,Tier 1
osint,Tier 5
test_osint_domain_info_msftrecon,Tier 5
whois,Tier 5
common,Tier 5
hashpump,Tier 5
libc-database,Tier 5
linpeas,Tier 5
one-gadget,Tier 5
output_parser,Tier 5
pwninit,Tier 5
README_31,Tier 5
score_juiceshop,Tier 5
steghide,Tier 5
test_session,Tier 5
zsteg,Tier 5
__init___219,Tier 5
AGENT-GUIDE,Tier 5
agent_mode_controller,Tier 5
attackchain_1,Tier 5
balanced-active-scan,Tier 5
BigQueryInjection,Tier 5
cache,Tier 5
CassandraInjection,Tier 5
checkpoint-provider,Tier 5
concurrency,Tier 5
container,Tier 5
context,Tier 5
conversation_1,Tier 5
cve_mapper,Tier 5
cvss,Tier 5
database,Tier 5
DB2Injection,Tier 5
db_1,Tier 5
db_test,Tier 5
deliverables,Tier 5
detection_agent,Tier 5
eino_adk_run_loop,Tier 5
eino_meta_test,Tier 5
eino_retriever_adapter,Tier 5
eino_retrieve_chain,Tier 5
eino_sqlite_indexer,Tier 5
endpoint-prober,Tier 5
ErrorPatternAnalyzer,Tier 5
exploit-auth_1,Tier 5
exploit-auth_3,Tier 5
exploit-injection_1,Tier 5
exploit-injection_3,Tier 5
exploit-ssrf_1,Tier 5
exploit-ssrf_3,Tier 5
exploit-xss_1,Tier 5
exploit-xss_3,Tier 5
exploitation-checker,Tier 5
export,Tier 5
export-metrics,Tier 5
finalizers,Tier 5
findings,Tier 5
FINDINGS-DB,Tier 5
findings-provider,Tier 5
findings-renderer,Tier 5
generators,Tier 5
gowitness,Tier 5
Hackable2_3,Tier 5
handoff,Tier 5
index_pipeline,Tier 5
Kioptrix_level_1,Tier 5
listener_http_test,Tier 5
manager,Tier 5
manager_start_test,Tier 5
menu_system,Tier 5
metasploit,Tier 5
metasploit_aux,Tier 5
metatron,Tier 5
migrate,Tier 5
net-recon-agent,Tier 5
nikto,Tier 5
nmap-distccd,Tier 5
nmap_2,Tier 5
notification,Tier 5
output-formatter,Tier 5
output-formatters,Tier 5
payloads,Tier 5
pentestTarget,Tier 5
pipeline,Tier 5
primitives,Tier 5
prompt_class,Tier 5
pwntools,Tier 5
query-execution-result,Tier 5
queue-schemas,Tier 5
queue-validation,Tier 5
report-executive,Tier 5
report-executive_3,Tier 5
report-generator,Tier 5
reporting,Tier 1
requester,Tier 5
requestercpython-313,Tier 5
retriever,Tier 5
schema,Tier 5
schema_migrate,Tier 5
session-manager,Tier 5
settings-writer,Tier 5
SKILL_10,Tier 5
SKILL_15,Tier 5
SKILL_21,Tier 5
target,Tier 5
task,Tier 5
test_aup_consent,Tier 5
test_benchmark_registry,Tier 5
test_chain_dedup,Tier 5
test_chain_validation,Tier 5
test_cve_db,Tier 5
test_cvss,Tier 5
test_diff,Tier 5
test_findings,Tier 5
test_findings_db_reaper,Tier 5
test_findings_db_reconciler,Tier 5
test_handler_finalizers,Tier 5
test_intensity_safe,Tier 5
test_orchestrator,Tier 5
test_probe_cookie_prefix_bypass,Tier 5
test_probe_jwt_jku_x5u_ssrf,Tier 5
test_probe_nextjs_rsc_rce,Tier 5
test_probe_saml_xsw,Tier 5
test_probe_sqli_login_bypass,Tier 5
test_sarif,Tier 5
test_webhooks,Tier 5
tls-analyzer,Tier 5
TOKEN-OPTIMIZATION,Tier 5
tool,Tier 5
types_5,Tier 5
vuln-authz_3,Tier 5
vuln-injection_3,Tier 5
vuln-mapper,Tier 5
vuln-mappertest,Tier 5
vuln-ssrf_1,Tier 5
vuln-xss_1,Tier 5
vuln-xss_3,Tier 5
worker,Tier 2
working_memory,Tier 5
xsser,Tier 5
_exploit-scope,Tier 5
_exploit-scope_1,Tier 5
_vuln-scope,Tier 5
_vuln-scope_1,Tier 5
active,Tier 5
active_test,Tier 5
auth_manager,Tier 5
basic_scan,Tier 5
beacon_host,Tier 5
brute,Tier 5
bruteforce-ftp,Tier 5
bruteforce-http,Tier 5
bruteforce-rdp,Tier 5
bruteforce-smb,Tier 5
bruteforce-ssh,Tier 5
brute_test,Tier 5
cgo_specific,Tier 5
check-env,Tier 5
client_2,Tier 5
client_sdk,Tier 5
codeclimate,Tier 5
config_4,Tier 1
curl-known-security,Tier 5
curl-robots,Tier 5
CyberStrikeAIClient1,Tier 5
datasrcs_test,Tier 5
deepsource,Tier 5
dependabot_2,Tier 5
eino_retrieve_chain_test,Tier 5
entrypoint_1,Tier 5
enum4linux,Tier 5
envexpand,Tier 5
env_1,Tier 5
error,Tier 5
eslintconfig,Tier 5
execute-python-script,Tier 5
external_manager,Tier 5
external_manager_test,Tier 5
external_mcp,Tier 5
falco,Tier 5
get-arch,Tier 5
goreleaser,Tier 5
index_14,Tier 5
index_7,Tier 5
install-python-package,Tier 5
issue_importer,Tier 5
jaeles,Tier 5
ldap-search,Tier 5
lint,Tier 5
loggercpython-313,Tier 5
logger_2,Tier 5
lookup-sid,Tier 5
main_14,Tier 5
main_15,Tier 5
main_server_http_redirect,Tier 5
main_server_http_redirect_test,Tier 5
mcp_reverse_shell,Tier 5
meta,Tier 1
nbtscan,Tier 5
nmap-finger,Tier 5
nmap-kerberos,Tier 5
nmap-msrpc,Tier 5
nmap-nntp,Tier 5
nmap-redis,Tier 5
nmap-rmi,Tier 5
nmap-sip,Tier 5
nmap-ssh,Tier 5
nmap-telnet,Tier 5
nmap-tftp,Tier 5
nmap_tool_1,Tier 5
onesixtyone,Tier 5
oracle-odat,Tier 5
oracle-scanner,Tier 5
oracle-tnscmd,Tier 5
parallel_scans,Tier 5
paths,Tier 5
portscan-top-tcp-ports,Tier 5
pre-commit-config_1,Tier 5
process_registry,Tier 5
pyproject_5,Tier 5
README_CN,Tier 5
README_CN_2,Tier 5
reconFTW,Tier 5
redirect-host-discovery,Tier 5
redis-cli,Tier 5
registry_2,Tier 5
release,Tier 5
requirements_14,Tier 5
requirements_15,Tier 5
requirements_5,Tier 5
resiliencetest,Tier 5
resolvers_test,Tier 5
resources,Tier 5
retrieval_postprocess_test,Tier 5
rigid,Tier 5
rigid_test,Tier 5
rpcclient,Tier 5
rpcdump,Tier 5
rsync-list-files,Tier 5
run,Tier 5
run-shannon-blackbox,Tier 5
run_all,Tier 5
run_bench,Tier 5
rustscan,Tier 5
rustscan_tool,Tier 5
server_https_bootstrap,Tier 5
shannon,Tier 5
showmount,Tier 5
sipvicious,Tier 5
sleep,Tier 5
smb-vuln,Tier 5
smbclient,Tier 5
smbmap,Tier 5
snmpwalk,Tier 5
SslTrustAll,Tier 5
subprocess_mixin,Tier 5
subprocess_runner,Tier 5
terminal_ws_unix,Tier 5
terrascan,Tier 5
test_cli_vps_count,Tier 5
test_ensure_webs_all,Tier 5
test_exec_context,Tier 5
test_injection,Tier 5
test_mcp_setup,Tier 5
test_permutation_wordlist_select,Tier 5
test_process_registry,Tier 5
test_profile_migration,Tier 5
test_resolver_env,Tier 5
test_secure_credential,Tier 5
test_target_expander,Tier 5
test_tracing_coverage,Tier 5
test_verbosity,Tier 5
trivy,Tier 5
tsconfig,Tier 5
tsconfigbase,Tier 5
tsconfig_1,Tier 5
turbo,Tier 5
webhooks,Tier 5
whatweb,Tier 5
winrm-detection,Tier 5
wordlist_test,Tier 5
_13,Tier 5
__init___201,Tier 5
__init___205,Tier 5
__init___51,Tier 5
activity-logger,Tier 5
activity-logger_1,Tier 5
bloodhound,Tier 5
domain-profiler,Tier 5
error-formatter,Tier 5
feature_request,Tier 5
file-io,Tier 5
file-operations,Tier 5
glob,Tier 5
input-validator,Tier 5
junit_xml,Tier 5
Keygraph_Button,Tier 5
metrics_1,Tier 5
progress-indicator,Tier 5
totp-validator,Tier 5
__init___207,Tier 5
ARCHITECTURE_2,Tier 5
bucket_exposure_engine,Tier 5
codeql,Tier 5
codeql-analysis,Tier 5
conversation_manager,Tier 5
dep-auto-merge,Tier 5
eino_meta,Tier 5
execution-runner,Tier 5
functional,Tier 5
gosum,Tier 5
health-monitor,Tier 5
index_2,Tier 1
meta-cognition,Tier 5
naabu,Tier 5
queue-validator,Tier 5
README_25,Tier 5
README_9,Tier 5
recorder,Tier 5
release-binary,Tier 5
release-test,Tier 5
rustscan_2,Tier 5
tests,Tier 5
update,Tier 5
vulnerability_1,Tier 5
__init___147,Tier 5
__init___224,Tier 5
__init___231,Tier 5
__init___57,Tier 5
auth_1,Tier 3
backfill-arch-data,Tier 5
conftest_1,Tier 3
contacts,Tier 5
COOKIES,Tier 5
credential_tester_agent,Tier 4
crtsh,Tier 1
email-osint-agent,Tier 4
environment,Tier 3
holehe,Tier 3
intel-collection,Tier 5
metadata,Tier 1
osint-collector,Tier 5
parsers_1,Tier 3
phoneinfoga,Tier 3
privacy_detect,Tier 3
sdk,Tier 3
smtp-user-enum,Tier 3
social_engineer_agent,Tier 4
splash-screen,Tier 3
test_probe_password_reset_weak,Tier 3
validation,Tier 3
vulnscan,Tier 2
whois_tool,Tier 3
_safety,Tier 3
__init___125,Tier 3
__init___128,Tier 3
arbiter,Tier 5
auth_2,Tier 5
debug-world-model,Tier 5
dotdotpwn,Tier 5
exposure_prioritizer,Tier 5
fingerprint_correlator,Tier 5
index_15,Tier 5
index_16,Tier 5
lint_python,Tier 5
main_7,Tier 4
model-registry,Tier 5
netexec,Tier 5
package,Tier 5
plugin_loader,Tier 5
portscan-guess-tcp-ports,Tier 5
README_12,Tier 5
registry_3,Tier 5
releaserc,Tier 5
renderers,Tier 5
test_plugin_loader,Tier 5
tools_commands,Tier 5
tooltipcpython-313,Tier 5
validatorcpython-313,Tier 5
volatility3,Tier 5
whatweb_2,Tier 5
__init__cpython-313,Tier 5
__init__cpython-313_1,Tier 5
__init___212,Tier 5
__init___213,Tier 5
__init___214,Tier 5
__init___215,Tier 5
__init___216,Tier 5
__init___217,Tier 5
__init___28,Tier 5
__init___43,Tier 5
__init___58,Tier 5
__init___71,Tier 5
2dd29513_findings,Tier 5
2dd29513_run_B_safe,Tier 5
acquifinder,Tier 5
active-crawl,Tier 2
active_recon,Tier 5
active_scanning,Tier 5
ad-attacker,Tier 5
adapter,Tier 1
addr,Tier 1
agent,Tier 4
AGENTS,Tier 5
AGENTS_1,Tier 5
agent_3,Tier 4
agent_loop,Tier 4
alerts,Tier 5
alerts_1,Tier 5
alienvault,Tier 1
alterx,Tier 1
amass,Tier 1
amass_2,Tier 5
analyze_repos,Tier 1
anomaly_detector,Tier 1
anomaly_engine,Tier 1
anthropic,Tier 1
anubis,Tier 1
apex,Tier 1
api-security,Tier 5
api_attack_surface,Tier 5
api_fingerprint,Tier 1
api_models,Tier 1
api_path_discovery,Tier 1
api_security_agent,Tier 4
api_surface_mapper,Tier 2
apply_triage_labels,Tier 2
aquatone,Tier 1
architect-infer-agent,Tier 4
ARCHITECTURE,Tier 5
ARCHITECTURE_1,Tier 5
arjun_tool,Tier 2
artifact-manifest,Tier 1
asn,Tier 5
asncache,Tier 1
asnmap,Tier 1
asn_intel,Tier 5
assetfinder,Tier 1
assets,Tier 1
assets_test,Tier 1
asset_classifier,Tier 1
asset_decode,Tier 1
asset_secrets_scan,Tier 2
assoc,Tier 1
attack-chain,Tier 5
attack-planner,Tier 5
attack-surface-enumeration,Tier 5
attack_surface_mapper,Tier 1
attack_surface_mapping,Tier 5
auth-flow-analyzer,Tier 1
authed-findings,Tier 5
authed-stderr,Tier 5
authenticated_scan,Tier 2
auth_handler,Tier 1
auth_session,Tier 1
autnum,Tier 1
autsys,Tier 1
autsys_1,Tier 1
axiom,Tier 1
backlog,Tier 1
backlog_1,Tier 1
backlog_test,Tier 1
banner,Tier 1
banners,Tier 1
banner_3,Tier 5
banner_url,Tier 1
base,Tier 1
base_3,Tier 1
base_5,Tier 2
benchmark_juice_shop,Tier 2
bevigil,Tier 1
bigbountyrecon,Tier 5
binaryedge,Tier 1
bing,Tier 1
blackbox-config-agent,Tier 4
blackbox-context,Tier 5
blacklist_test,Tier 1
book,Tier 5
browser-crawler-agent,Tier 4
browser_agent,Tier 4
bufferover,Tier 1
bufferoverrun,Tier 1
bug-bounty,Tier 5
bug_2,Tier 5
bug_report_2,Tier 5
bug_report_3,Tier 5
build-test,Tier 5
builder,Tier 1
builtwith,Tier 1
burp_suite,Tier 5
business_logic_fuzz,Tier 2
c1ae665a_findings,Tier 5
c1ae665a_run_A_default,Tier 5
c2-operator,Tier 5
c2_1,Tier 1
c99,Tier 1
capability_map,Tier 1
categories,Tier 1
censys,Tier 1
censys_test,Tier 1
certspotter,Tier 1
certspotter_2,Tier 1
chain_agent,Tier 4
CHANGELOG,Tier 5
CHANGELOG_121,Tier 5
CHANGELOG_122,Tier 5
CHANGELOG_123,Tier 5
CHANGELOG_13,Tier 5
CHANGELOG_14,Tier 5
CHANGELOG_15,Tier 5
CHANGELOG_16,Tier 5
CHANGELOG_17,Tier 5
CHANGELOG_18,Tier 5
CHANGELOG_181,Tier 5
CHANGELOG_182,Tier 5
CHANGELOG_19,Tier 5
CHANGELOG_2,Tier 5
CHANGELOG_20,Tier 5
CHANGELOG_3,Tier 5
chaos,Tier 1
chaos_2,Tier 1
chat_uploads,Tier 2
check_artifacts,Tier 2
check_artifacts_all,Tier 2
chinaz,Tier 1
chunk_eino,Tier 1
ci-cd,Tier 5
cicd-redteam,Tier 5
claims,Tier 4
CLAUDE_4,Tier 5
client_1,Tier 1
client_4,Tier 1
clitest,Tier 1
cli_1,Tier 1
cli_2,Tier 1
cli_3,Tier 1
cli_4,Tier 1
cli_5,Tier 1
cname,Tier 1
codecov,Tier 5
commoncrawl,Tier 2
common_2,Tier 1
company_enrich,Tier 1
company_rounds,Tier 1
company_search,Tier 1
compare_baseline,Tier 1
compliance,Tier 2
confidence_engine,Tier 1
config-parser,Tier 1
config-schema,Tier 5
config-schema_1,Tier 5
configtest,Tier 1
configure_mcp,Tier 1
config_1,Tier 1
config_test,Tier 1
const,Tier 2
constants_1,Tier 2
contact,Tier 1
container-api,Tier 5
content-discovery-agent,Tier 4
content_discovery,Tier 5
context_analyzer,Tier 1
contracts,Tier 1
CONTRIBUTING,Tier 5
CONTRIBUTING_5,Tier 5
cookie_prefix_bypass,Tier 1
core,Tier 1
correlation_engine,Tier 1
COVERAGE,Tier 5
COVERAGE_1,Tier 5
crawler,Tier 2
crawler-agent,Tier 4
crawlercpython-313,Tier 5
crawler_1,Tier 2
crawler_2,Tier 2
crawler_3,Tier 2
credential-tester,Tier 5
credentialed-scans,Tier 5
crlfuzz,Tier 2
crtsh_1,Tier 1
crtsh_3,Tier 1
csp_extractor,Tier 5
ctf-solver,Tier 5
curl,Tier 1
dalfox,Tier 5
dashboard_1,Tier 1
data-flow-mapper,Tier 1
database_1,Tier 1
datasources,Tier 5
DeathNote_1,Tier 5
decision_engine,Tier 1
decision_engine_1,Tier 1
dedup,Tier 1
deduplicator,Tier 1
DEPENDENCIES,Tier 5
DESIGN-FEATURES,Tier 5
detection-engineer,Tier 5
detection_engine,Tier 1
diff,Tier 1
digitalyama,Tier 1
digitorus,Tier 1
ding,Tier 1
dirbrute,Tier 1
dirbuster,Tier 2
dirbuster_2,Tier 2
directories,Tier 5
dirsearch,Tier 5
dirsearch_2,Tier 5
dirsearch_tool,Tier 2
DISCLAIMER_2,Tier 5
dispatch,Tier 1
dispatcher,Tier 1
dns,Tier 1
dns-reverse-lookup,Tier 1
dns-zone-transfer,Tier 1
dnsdb,Tier 1
dnsdumpster,Tier 1
dnsenum,Tier 1
dnsenum_tool,Tier 1
dnshistory,Tier 1
dnslog,Tier 5
dnsrecon,Tier 1
dnsrecon-subdomain-bruteforce,Tier 4
dnsrecon_tool,Tier 1
dnsrepo,Tier 1
dnsrepo_2,Tier 1
dnsx,Tier 5
dnsx_tool,Tier 1
dns_extractor,Tier 1
dns_intelligence,Tier 5
dns_pipeline,Tier 1
dns_test,Tier 1
dns_tool,Tier 1
doc,Tier 1
Dockerfile,Tier 5
Dockerfile_1,Tier 5
Dockerfile_10,Tier 5
Dockerfile_11,Tier 5
Dockerfile_2,Tier 5
Dockerfile_5,Tier 5
Dockerfile_6,Tier 5
Dockerfile_8,Tier 5
dockerhub-push,Tier 5
docs,Tier 5
docs_1,Tier 1
doctor,Tier 1
doc_1,Tier 1
doc_2,Tier 1
domainsproject,Tier 4
domain_record,Tier 4
dom_xss,Tier 1
dot,Tier 1
dot_test,Tier 1
driftnet,Tier 1
duckduckgo,Tier 1
efd01c52_findings,Tier 5
efd01c52_llm_coordinated_run,Tier 5
efd01c52_probe_runs,Tier 5
eino_tool_name_injection,Tier 2
email,Tier 4
employees,Tier 1
en-US,Tier 5
engine,Tier 1
engineapi,Tier 1
engine_1,Tier 1
enhanced-report,Tier 2
enumerate,Tier 1
enumerate_test,Tier 1
epistemic-reasoning,Tier 5
evaluator,Tier 1
EVIDENCE,Tier 5
evidence-graph,Tier 1
evidence-normalizers,Tier 1
example-blackbox-config,Tier 5
example-config,Tier 5
example-config_1,Tier 5
example-detection-rule,Tier 5
example-engagement-plan,Tier 5
example-nmap-analysis,Tier 5
example-report-excerpt,Tier 5
example_sqlmap,Tier 2
example_sqlmap_1,Tier 2
execution,Tier 1
execution-log,Tier 5
execution_view,Tier 1
executor,Tier 2
executor_helpers,Tier 1
exif_metadata,Tier 1
explanation_engine,Tier 1
exploit-chainer,Tier 5
exploit-guide,Tier 5
exploit-ssrf,Tier 5
exploit-ssrf_2,Tier 5
exporter,Tier 1
exposure_classifier,Tier 1
external-recon,Tier 5
extractor,Tier 1
false_positive_filter,Tier 1
fastapi-scaffold,Tier 1
feature_request_3,Tier 5
feroxbuster,Tier 2
ffuf,Tier 5
ffuf_2,Tier 5
ffuf_tool,Tier 2
fierce,Tier 5
fierce_tool,Tier 1
file,Tier 1
files,Tier 1
file_upload_validation,Tier 1
filter,Tier 1
filternet-bayes,Tier 5
find,Tier 1
findings_1,Tier 5
findings_db,Tier 1
findomain,Tier 4
findsubdomains,Tier 4
fingerprinting,Tier 1
fingerprints,Tier 1
fofa,Tier 1
fofa_2,Tier 1
fofa_search,Tier 5
forensics-analyst,Tier 5
fork-philosophy,Tier 5
fping_tool,Tier 1
fqdn,Tier 1
fqdn_endpoint,Tier 1
fqdn_lookup,Tier 1
fullhunt,Tier 1
full_v0,Tier 5
full_v1,Tier 5
full_v2,Tier 5
FUNDING_1,Tier 5
fuzzy,Tier 1
fuzz_wordlist,Tier 5
gau,Tier 1
gau_2,Tier 5
generator,Tier 2
generatorcpython-313,Tier 5
gexf,Tier 1
gexf_test,Tier 1
ghost-traffic,Tier 2
ghost-traffictest,Tier 2
gitbook,Tier 5
github,Tier 1
github_subdomains,Tier 4
gitlab,Tier 1
gleif,Tier 1
gleif_1,Tier 1
global,Tier 5
gobuster,Tier 5
gobuster_2,Tier 5
gobuster_tool,Tier 1
goreleaser_1,Tier 5
gospider,Tier 1
go_1,Tier 5
go_4,Tier 5
graph,Tier 1
graphdb,Tier 1
graphdb_test,Tier 1
graphql_scan,Tier 5
grepapp,Tier 1
ground-truth-validator,Tier 1
guided,Tier 1
guided_recon,Tier 1
guided_recon_1,Tier 1
guided_recon_121,Tier 1
guided_recon_122,Tier 1
guided_view,Tier 1
hackertarget_1,Tier 1
hackertarget_3,Tier 1
hakrawler,Tier 5
hakrawler_tool,Tier 1
handlers,Tier 1
headers,Tier 1
header_checker,Tier 2
hexstrike_mcp,Tier 1
hexstrike_server,Tier 1
HTB_challenge_Template,Tier 5
http,Tier 1
http-framework-test,Tier 5
httpbinorg__20260515_233823,Tier 5
httpx,Tier 5
httpx_tool,Tier 1
http_clients,Tier 1
http_headers,Tier 5
http_test,Tier 1
hudsonrock,Tier 1
hunterio,Tier 1
i18n,Tier 1
idor_sequential,Tier 1
index_10,Tier 2
index_11,Tier 1
index_6,Tier 1
index_8,Tier 1
index_pipeline_test,Tier 1
info-collect,Tier 1
infrastructure_view,Tier 1
ini,Tier 1
initialize,Tier 1
inputFiles,Tier 5
install,Tier 1
installation,Tier 5
install_1,Tier 2
install_4,Tier 1
install_planner,Tier 2
install_wizard,Tier 1
integration,Tier 1
intelligence_concepts,Tier 5
intelligence_pipeline,Tier 1
intelx,Tier 1
interactive,Tier 1
introduction,Tier 5
ipaddr,Tier 1
ipaddr_endpoint,Tier 1
ipnet,Tier 1
ipverse,Tier 1
ip_netblock,Tier 1
issue-report,Tier 5
jarm,Tier 1
jsluice_patterns,Tier 5
js_analyzer,Tier 1
juice-shop,Tier 5
katana,Tier 5
katana_2,Tier 5
katana_tool,Tier 1
kiterunner,Tier 1
kiterunner_tool,Tier 1
knowledge-base,Tier 5
knowledge_base_1,Tier 1
known_fqdn,Tier 1
kubernetes_analyzer,Tier 1
leaked_credentials,Tier 1
leakix,Tier 1
leakix_2,Tier 1
learning_mode,Tier 1
ledger,Tier 1
LegacyPentestRunner,Tier 1
lei_record,Tier 1
lfi_wordlist,Tier 5
library,Tier 2
LICENSE_14,Tier 5
LICENSE_3,Tier 5
linkedin,Tier 5
listener,Tier 1
listener_http,Tier 1
listener_websocket,Tier 2
live_capture,Tier 1
llm-analyzer,Tier 1
llm-app-redteam,Tier 5
llm-redteam,Tier 5
llm_analysis,Tier 5
load,Tier 1
local-source-generator,Tier 5
location,Tier 1
locations,Tier 1
location_1,Tier 1
log,Tier 1
logo_1,Tier 5
logs,Tier 1
main_1,Tier 4
main_10,Tier 4
main_11,Tier 4
main_17,Tier 4
main_18,Tier 4
main_2,Tier 4
main_6,Tier 4
main_9,Tier 4
main_server_tls,Tier 4
Makefile_2,Tier 5
Makefile_3,Tier 5
malicious,Tier 5
maltego,Tier 1
malware-analyst,Tier 5
manager_1,Tier 1
mapcidr,Tier 1
mapping,Tier 5
markers,Tier 1
marketplace,Tier 1
massdns,Tier 1
massdns_tool,Tier 1
match,Tier 1
mcp-management,Tier 5
mcp-stdio2,Tier 5
menu,Tier 1
merklemap,Tier 1
metasploit-agent,Tier 4
methodology_engine,Tier 1
mobile_agent,Tier 4
mock_pipelinetest,Tier 2
ModelCommand,Tier 1
models_2,Tier 1
modes,Tier 1
MODS,Tier 5
MSSQLInjection,Tier 5
naabu_tool,Tier 1
namelist,Tier 5
netblock,Tier 1
netblock_1,Tier 1
netdiscover_tool,Tier 1
netlas,Tier 1
network-recon,Tier 1
networks,Tier 1
network_discovery,Tier 5
nextjs_rsc_rce,Tier 1
next_step_predictor,Tier 1
nikto_2,Tier 5
nmap-ajp,Tier 2
nmap-cassandra,Tier 2
nmap-cups,Tier 2
nmap-dns,Tier 1
nmap-ftp,Tier 2
nmap-http,Tier 2
nmap-imap,Tier 2
nmap-ldap,Tier 2
nmap-mongodb,Tier 2
nmap-mountd,Tier 2
nmap-mssql,Tier 2
nmap-multicast-dns,Tier 1
nmap-mysql,Tier 2
nmap-nfs,Tier 2
nmap-ntp,Tier 2
nmap-oracle,Tier 2
nmap-pop3,Tier 2
nmap-rdp,Tier 2
nmap-rsync,Tier 2
nmap-smb,Tier 2
nmap-smtp,Tier 2
nmap-snmp,Tier 2
nmap-vnc,Tier 2
normalization,Tier 1
nosql_fuzz,Tier 1
notify,Tier 5
nuclei,Tier 5
nuclei-agent,Tier 4
nuclei-template-sha,Tier 5
nuclei_2,Tier 5
nuclei_tool,Tier 1
oauth_pkce_downgrade,Tier 1
ollama,Tier 1
onyphe,Tier 1
operations_center,Tier 1
opsec-anonymizer,Tier 5
options_2,Tier 1
OracleSQLInjection,Tier 5
org,Tier 1
orgs,Tier 1
org_1,Tier 1
org_lei,Tier 1
outputter,Tier 1
package-lock,Tier 5
parallel,Tier 1
parameter_discovery,Tier 5
paramspider,Tier 1
parse,Tier 1
parsers,Tier 1
parser_mixin,Tier 1
parse_test,Tier 1
passive,Tier 1
passivetotal,Tier 1
passive_recon,Tier 5
payload-crafter,Tier 5
pcap_parser,Tier 1
pentest-mcp-server,Tier 5
PentestGPT-720WebShareName,Tier 5
pentestGPT_HTB_phonebook_failed,Tier 5
pentestGPT_log_HTB_Precious,Tier 5
pentesting,Tier 2
permutations_list,Tier 5
permutations_list_short,Tier 5
phishing-operator,Tier 5
pipelines,Tier 1
pipeline_engine,Tier 1
planner,Tier 1
playbook,Tier 2
plugin,Tier 1
plugin_1,Tier 1
plugin_10,Tier 1
plugin_11,Tier 1
plugin_12,Tier 2
plugin_2,Tier 1
plugin_4,Tier 1
plugin_5,Tier 1
plugin_6,Tier 1
plugin_7,Tier 1
plugin_8,Tier 1
plugin_manager,Tier 1
portscan,Tier 2
port_prioritizer,Tier 1
PostgreSQLInjection,Tier 5
pre-recon,Tier 1
preflight,Tier 1
preflight-check,Tier 2
print,Tier 1
PRIVACY,Tier 5
probes,Tier 2
process,Tier 1
profundis,Tier 1
prompt_class_v1,Tier 2
prompt_class_v2,Tier 2
prospeo,Tier 1
protocol_detector,Tier 1
proxy_controller,Tier 1
pseudo-source-builder,Tier 1
ptt_reasoning,Tier 2
pugrecon,Tier 1
PULL_REQUEST_TEMPLATE,Tier 5
PULL_REQUEST_TEMPLATE_2,Tier 5
puredns,Tier 1
puredns_tool,Tier 1
pure_go,Tier 1
pyproject_2,Tier 5
pyproject_4,Tier 5
pyshark_engine,Tier 1
pythonorg_headers_20241216_000049,Tier 5
pythonorg_subdomains_20241215_235829,Tier 5
quake,Tier 1
quick_action_bar,Tier 1
radare2,Tier 5
ranger,Tier 1
rapiddns,Tier 1
rapiddns_2,Tier 1
ratelimit_test,Tier 1
rdap,Tier 1
README,Tier 5
README_1,Tier 5
README_16,Tier 5
README_17,Tier 5
README_18,Tier 5
README_2,Tier 5
README_20,Tier 5
README_23,Tier 5
README_24,Tier 5
README_26,Tier 5
README_27,Tier 5
README_3,Tier 5
README_36,Tier 5
README_39,Tier 5
README_4,Tier 5
README_41,Tier 5
README_42,Tier 5
README_43,Tier 5
README_44,Tier 5
README_45,Tier 5
README_47,Tier 5
README_48,Tier 5
README_49,Tier 5
README_5,Tier 5
README_51,Tier 5
README_52,Tier 5
README_53,Tier 5
README_57,Tier 5
README_58,Tier 5
README_7,Tier 5
README_8,Tier 5
README_CN_1,Tier 5
README_EN,Tier 5
realdemo,Tier 5
realdemo-paced,Tier 5
recommend,Tier 5
recommendation_engine,Tier 1
recommendation_engine_1,Tier 1
recon-advisor,Tier 5
reconeer,Tier 1
reconftw,Tier 1
reconftw_1,Tier 5
reconftw_full,Tier 5
reconftw_quick,Tier 5
reconftw_stealth,Tier 5
recon_2,Tier 5
recon_agent,Tier 4
recon_strategy,Tier 1
redhuntlabs,Tier 1
registry_1,Tier 1
registry_121,Tier 1
registry_122,Tier 1
registry_123,Tier 1
registry_181,Tier 1
registry_182,Tier 1
registry_5,Tier 1
registry_test,Tier 1
reg_records,Tier 1
related,Tier 1
relationship_graph,Tier 1
relationship_mapper,Tier 1
renderer,Tier 1
replay_engine,Tier 2
report-executive_1,Tier 5
report-executive_2,Tier 5
reporter,Tier 1
reporthtml,Tier 5
reporting-cherrytree,Tier 1
reporting-markdown,Tier 1
report_121,Tier 1
report_14,Tier 1
report_15,Tier 1
report_16,Tier 1
report_17,Tier 1
report_generator,Tier 1
report_injector_2,Tier 1
requirements,Tier 5
requirements_11,Tier 5
requirements_12,Tier 5
requirements_16,Tier 5
requirements_2,Tier 5
requirements_3,Tier 5
requirements_8,Tier 5
requirements_9,Tier 5
resilience,Tier 1
resolve,Tier 1
resolvers,Tier 1
resolvers_1,Tier 1
resolver_manager,Tier 1
resource_availability,Tier 4
responder,Tier 5
response_headers,Tier 2
RESPONSIBLE_DISCLOSURE,Tier 5
rest_api,Tier 5
reverse,Tier 1
reverse-engineer,Tier 5
riddler,Tier 1
risk_mapper,Tier 1
risk_scorer,Tier 1
risk_scoring,Tier 1
ROADMAP,Tier 5
robtext,Tier 1
rollback-beta,Tier 5
runner_1,Tier 2
runner_3,Tier 1
run_benchmarks,Tier 1
run_dvwa_engagement,Tier 1
run_dvwa_full,Tier 1
run_summary,Tier 5
run_summary_1,Tier 5
run_tests,Tier 1
save_results,Tier 1
scan4all,Tier 5
scanners,Tier 2
scanner_5,Tier 2
scan_optimizer,Tier 2
scheduler,Tier 1
schemas,Tier 1
schemas_1,Tier 1
scope_1,Tier 1
scope_test,Tier 1
SCORE,Tier 5
SCORE_1,Tier 5
SCORE_2,Tier 5
Screenshot1,Tier 5
search_2,Tier 1
secretscfg,Tier 5
SECURITY,Tier 5
security-header-analyzer,Tier 1
SecurityHeaderAnalyzer,Tier 1
securitytrails,Tier 4
securitytrails_2,Tier 4
SECURITY_2,Tier 5
security_tools,Tier 2
sensitive_detector,Tier 1
sensitive_domains,Tier 5
server_1,Tier 1
server_2,Tier 2
server_3,Tier 2
service_correlator,Tier 1
service_detection,Tier 5
service_learning,Tier 1
session,Tier 1
sessions,Tier 1
session_manager,Tier 1
settings_1,Tier 1
setup_2,Tier 1
severity_engine,Tier 2
shadow-it,Tier 1
shadow-ittest,Tier 1
shannon-action,Tier 5
SHANNON-PRO,Tier 5
shannon-report-crapi,Tier 5
shannon-report-juice-shop,Tier 5
shannon-scan,Tier 5
shannon-screen_1,Tier 5
shodan_recon_plugin,Tier 1
shuffledns,Tier 1
shuffledns_tool,Tier 1
sitedossier,Tier 1
sitedossier_2,Tier 1
SKILL_19,Tier 5
SKILL_2,Tier 5
SKILL_20,Tier 5
SKILL_22,Tier 5
SKILL_23,Tier 5
SKILL_5,Tier 5
SKILL_6,Tier 5
SKILL_8,Tier 5
smart-scan,Tier 5
smart-scan-expanded-toolset,Tier 5
smart-scan-on-search,Tier 5
solution,Tier 5
solved-challenges,Tier 5
sources,Tier 1
sources_test,Tier 1
sources_wo_auth_test,Tier 1
sources_w_auth_test,Tier 1
spa_probes,Tier 2
SPEC,Tier 5
spiderfoot,Tier 1
spotter,Tier 1
sqli_fuzz,Tier 1
sqli_login_bypass,Tier 2
SQLmap,Tier 5
sqlmap-agent,Tier 4
srv,Tier 1
ssh_manager,Tier 1
ssl,Tier 5
sslscan,Tier 2
ssl_checker,Tier 2
ssti_fuzz,Tier 1
ssti_stored,Tier 2
stage121_catalog,Tier 1
stage121_web,Tier 2
stage122_catalog,Tier 1
stage123_catalog,Tier 1
STAGE2,Tier 5
start,Tier 1
stats,Tier 1
stderr,Tier 5
stderr_1,Tier 5
stdout,Tier 5
stdout_1,Tier 5
stealth_crawler,Tier 2
stig-analyst,Tier 5
subdomain,Tier 4
subdomain-enumeration,Tier 4
subdomain-hunter-agent,Tier 4
subdomains,Tier 4
subdomainstxt,Tier 5
subdomains_1,Tier 5
subdomains_2,Tier 5
subdomains_v0,Tier 5
subdomains_v1,Tier 5
subdomains_v2,Tier 5
subfinder,Tier 1
subfinder-logo,Tier 5
subfinder-run,Tier 5
subfinder_2,Tier 5
sublist3r_tool,Tier 1
submd,Tier 1
SUBPROCESSORS,Tier 5
subs,Tier 1
suggestion_engine,Tier 1
support,Tier 1
support_test,Tier 1
surface_mapping,Tier 5
swagger,Tier 5
swarm-orchestrator,Tier 5
tag_engine,Tier 1
takeover_detector,Tier 1
target-model,Tier 1
targets,Tier 1
target_classifier,Tier 1
task-management,Tier 5
tech-fingerprinter-agent,Tier 4
tech_detection,Tier 5
templates,Tier 1
template_manager,Tier 1
TERMS,Tier 5
test-lsg-v2,Tier 5
test-suite,Tier 5
test1,Tier 5
test2,Tier 5
testssl,Tier 1
test_agents_parallel,Tier 4
test_api_security_e2e_smoke,Tier 2
test_api_server,Tier 1
test_arjun_integration,Tier 1
test_authenticated_scan_coverage,Tier 2
test_auth_profiles_smoke,Tier 1
test_auth_scan_e2e_smoke,Tier 2
test_auth_session,Tier 1
test_auth_session_bearer_flow,Tier 1
test_browser_agent_e2e_smoke,Tier 4
test_browser_crawler,Tier 2
test_cache,Tier 2
test_checkpoint,Tier 5
test_ci_mode,Tier 1
test_cli,Tier 1
test_cli_auth_coverage,Tier 1
test_common,Tier 5
test_core,Tier 2
test_csrf_auth_e2e_smoke,Tier 1
test_dashboard,Tier 1
test_dedup,Tier 2
test_dns_resolver_auto,Tier 5
test_e2e_probes,Tier 1
test_engagement_lifecycle_e2e,Tier 1
test_evidence,Tier 2
test_evidence_contract,Tier 1
test_exports,Tier 5
test_export_cli,Tier 5
test_full_flow,Tier 5
test_full_workflow,Tier 2
test_handler_meta,Tier 1
test_hitl_coverage,Tier 1
test_install_preferences,Tier 2
test_integration_dvwa,Tier 1
test_juiceshop_e2e_smoke,Tier 1
test_list_targets,Tier 5
test_llm_redteam,Tier 1
test_mcp_auth_profile,Tier 1
test_mcp_honeypot_e2e,Tier 2
test_mcp_security_tools,Tier 2
test_mcp_server_coverage,Tier 1
test_misc_coverage,Tier 2
test_mobile_agent_e2e_smoke,Tier 4
test_monitor,Tier 5
test_monitor_mode,Tier 5
test_new_tool_integrations,Tier 5
test_observation_normalization,Tier 2
test_os_execution,Tier 2
test_parallel,Tier 5
test_payload_library,Tier 2
test_perf_profile,Tier 5
test_phase6,Tier 5
test_primitives_evidence_capture,Tier 1
test_probe_asset_secrets,Tier 1
test_probe_business_logic_fuzz,Tier 2
test_probe_captcha_replay,Tier 1
test_probe_crawler,Tier 2
test_probe_exif_metadata,Tier 1
test_probe_leaked_credentials,Tier 1
test_probe_nosql_fuzz,Tier 1
test_probe_oauth_pkce_downgrade,Tier 1
test_probe_response_headers,Tier 1
test_probe_sqli_fuzz,Tier 1
test_probe_ssti_fuzz,Tier 1
test_probe_ssti_polyglot,Tier 1
test_probe_xss_fuzz,Tier 1
test_registry_coverage,Tier 1
test_registry_extended,Tier 1
test_reporting,Tier 5
test_report_only,Tier 5
test_resolvers_external,Tier 1
test_resolvers_hardening,Tier 5
test_sanitize,Tier 5
test_scanners,Tier 2
test_severity_calibration,Tier 2
test_shell_syntax,Tier 5
test_smoke,Tier 5
test_stage121_integration,Tier 1
test_stage122_integration,Tier 1
test_stage123_integration,Tier 1
test_stage13_orchestration,Tier 1
test_stage14_tui,Tier 1
test_stage15_plugins,Tier 1
test_stage181_burp,Tier 1
test_stage182_traffic,Tier 1
test_stage19_plugins,Tier 1
test_stage2,Tier 1
test_stage20_services,Tier 1
test_stealth_crawler,Tier 2
test_subdomains_asn,Tier 5
test_subdomains_filtering,Tier 5
test_sub_tls_no_match,Tier 5
test_terminal_output_modes,Tier 5
test_tool_bridge,Tier 2
test_tool_bridge_e2e,Tier 2
test_tool_installer,Tier 2
test_tool_installer_coverage,Tier 2
test_tool_installer_extended,Tier 1
test_tool_result_persistence,Tier 2
test_ui_snapshots,Tier 5
test_utils,Tier 5
test_validation,Tier 5
test_vps_count_cli,Tier 5
test_webprobe_full_formats,Tier 5
test_web_agent_crawl_inject,Tier 4
THANKS,Tier 5
thc,Tier 1
theharvester,Tier 1
threat-modeler,Tier 5
threatbook,Tier 1
threatcrowd,Tier 1
threatcrowd_2,Tier 1
threatminer,Tier 1
throttle,Tier 1
TIER2-EXECUTION,Tier 5
TIMELINE,Tier 5
tlsx,Tier 1
tls_cert,Tier 1
tls_cert_1,Tier 1
tls_fingerprint,Tier 1
tool-checker,Tier 2
tool-responses,Tier 1
tool-runner,Tier 1
tools,Tier 1
tool_bridge,Tier 2
tool_browser,Tier 1
tool_chains,Tier 4
tool_health,Tier 1
tool_installer,Tier 1
tool_lessons,Tier 1
tool_registry,Tier 1
tool_result,Tier 1
tool_schemas,Tier 1
tool_versions,Tier 5
traffic_commands,Tier 1
traffic_view,Tier 1
train-archnet,Tier 5
training-data-2025-12-24T03-29-17-267Z,Tier 5
training-data-2025-12-24T03-31-48-760Z,Tier 5
training-data-2025-12-24T04-13-25-236Z,Tier 5
training-data-2025-12-24T04-32-35-147Z,Tier 5
training-data-2025-12-24T04-43-48-405Z,Tier 5
transform,Tier 1
transform_test,Tier 1
transparentbanner,Tier 5
triage,Tier 5
triage-results,Tier 5
triage-rubric,Tier 5
triage-summary,Tier 5
triage_sample,Tier 2
tshark,Tier 5
tshark_engine,Tier 1
txt,Tier 1
txt_1,Tier 1
type,Tier 1
types_1,Tier 1
types_2,Tier 2
types_6,Tier 1
types_9,Tier 1
unauthed-findings,Tier 5
unauthed-findings_1,Tier 5
url,Tier 1
urlscan_2,Tier 2
uv_1,Tier 5
validate_2,Tier 1
validator,Tier 2
vars,Tier 2
vault,Tier 1
version,Tier 2
viewport,Tier 5
virtual-host-enumeration,Tier 1
virustotal,Tier 1
virustotal_1,Tier 1
virustotal_3,Tier 1
viz,Tier 1
vuln-hypothesizer,Tier 5
vuln-scanner,Tier 5
vuln-ssrf,Tier 5
vuln-ssrf_2,Tier 5
vulnerability_concepts,Tier 5
vuln_analysis,Tier 5
waybackarchive,Tier 1
waybackurls_2,Tier 5
wayback_1,Tier 1
waymore,Tier 1
web,Tier 2
web-app-quick,Tier 5
web-hunter,Tier 5
webhook-reporter,Tier 2
webshell-management,Tier 5
websocket,Tier 2
web_agent,Tier 4
web_assets,Tier 5
web_cache_deception,Tier 2
web_enum,Tier 2
web_pipeline,Tier 2
web_recon,Tier 5
whoisxmlapi,Tier 1
whois_lookup,Tier 1
wildcard_detector,Tier 1
windvane,Tier 1
wireless-pentester,Tier 5
workflow_builder,Tier 1
workflow_definitions,Tier 1
workflow_planner,Tier 1
workflow_player,Tier 1
workflow_recorder,Tier 1
workflow_templates,Tier 1
workspaces_1,Tier 1
world-model,Tier 5
WorldModel,Tier 1
WorldModeltest,Tier 1
xbow-performance-comparison,Tier 5
xss,Tier 5
xss-validator-agent,Tier 4
xss_fuzz,Tier 1
xss_scan,Tier 5
zetalytics,Tier 1
zoomeyeapi,Tier 1
zoomeye_search,Tier 5
_11,Tier 5
_12,Tier 5
_15,Tier 5
_scope-guard,Tier 5
__init___105,Tier 1
__init___106,Tier 1
__init___107,Tier 1
__init___117,Tier 1
__init___121,Tier 1
__init___122,Tier 1
__init___129,Tier 1
__init___135,Tier 2
__init___148,Tier 1
__init___149,Tier 1
__init___156,Tier 1
__init___218,Tier 2
__init___30,Tier 1
__init___33,Tier 1
__init___35,Tier 2
__init___36,Tier 1
__init___37,Tier 1
__init___54,Tier 1
__main___1,Tier 4
vuln-authz_1,Tier 5
vuln-auth_1,Tier 5
vuln-injection_1,Tier 5
exploit,Tier 2
exploit-injection_2,Tier 5
vulns,Tier 2
vuln_correlator,Tier 2
vuln_pipeline,Tier 2
vuln_scanner_agent,Tier 4
API,Tier 5
INSTALL,Tier 5
sqlmap,Tier 5
summary,Tier 5
