Repository,Recon Value,Bug Bounty Value,Enterprise Value,Research Value,Maintenance Cost
activity_feed,1,1,1,1,9
ad_agent,1,1,1,1,9
agent_1,1,1,1,1,9
agent_trace,1,1,1,1,9
agent_trace_test,1,1,1,1,9
app_3,1,1,1,1,9
attach,1,1,1,1,9
attach_test,1,1,1,1,9
audit,1,1,1,1,9
audit-logger,1,1,1,1,9
audit-session,1,1,1,1,9
base-agent,1,1,1,1,9
base_1,1,1,1,1,9
base_tool,1,1,1,1,9
batch_task,1,1,1,1,9
batch_task_manager,1,1,1,1,9
batch_task_mcp,1,1,1,1,9
beacongo,1,1,1,1,9
bug,1,1,1,1,9
BurpExtender,1,1,1,1,9
BurpExtender1,1,1,1,1,9
c2_hitl_bridge,1,1,1,1,9
CLAUDE,1,1,1,1,9
claude_reasoning_roundtrip,1,1,1,1,9
claude_reasoning_roundtrip_test,1,1,1,1,9
cleanup-rollback,1,1,1,1,9
client,1,1,1,1,9
cmdi-agent,1,1,1,1,9
config,1,1,1,1,9
config_3,1,1,1,1,9
content,1,1,1,1,9
controller,1,1,1,1,9
corpus,1,1,1,1,9
cost,1,1,1,1,9
createdFiles,1,1,1,1,9
CTF,1,1,1,1,9
cyberstrikeai-burp-extension-100,1,1,1,1,9
CyberStrikeAIClientConfig,1,1,1,1,9
CyberStrikeAITabTestRun,1,1,1,1,9
CyberStrikeAITabTestRunCellRenderer,1,1,1,1,9
dashboard,1,1,1,1,9
default,1,1,1,1,9
default_1,1,1,1,1,9
dependency_graph,1,1,1,1,9
detector,1,1,1,1,9
development,1,1,1,1,9
eino_checkpoint,1,1,1,1,9
eino_execute_monitor,1,1,1,1,9
eino_execute_streaming_wrap,1,1,1,1,9
eino_exit_fallback_test,1,1,1,1,9
eino_filesystem_tool_monitor,1,1,1,1,9
eino_input_telemetry,1,1,1,1,9
eino_middleware,1,1,1,1,9
eino_middleware_test,1,1,1,1,9
eino_model_facing_trace,1,1,1,1,9
eino_model_rewrite_pipeline,1,1,1,1,9
eino_orchestration,1,1,1,1,9
eino_resume_segment,1,1,1,1,9
eino_single_agent,1,1,1,1,9
eino_skills,1,1,1,1,9
eino_sse_sanitizer,1,1,1,1,9
eino_sse_sanitizer_test,1,1,1,1,9
eino_summarize,1,1,1,1,9
eino_summarize_test,1,1,1,1,9
engagement-planning,1,1,1,1,9
EQBSL-Primer,1,1,1,1,9
events,3,3,1,3,7
events_1,1,1,1,1,9
EvidenceCommand,1,1,1,1,9
eyewitness,1,1,1,1,9
feature,1,1,1,1,9
feature_2,1,1,1,1,9
formatting,1,1,1,1,9
frontmatter,1,1,1,1,9
generate-totp,1,1,1,1,9
git-manager,1,1,1,1,9
ground-truth-agent,1,1,1,1,9
group,1,1,1,1,9
hitl_context,1,1,1,1,9
hitl_middleware,1,1,1,1,9
holder,1,1,1,1,9
HttpMessageFormatter,1,1,1,1,9
impact-exfiltration,1,1,1,1,9
index,1,1,1,1,9
index_12,1,1,1,1,9
index_3,1,1,1,1,9
index_4,3,3,1,3,7
index_9,1,1,1,1,9
install_preferences,1,1,1,1,9
interrupt,1,1,1,1,9
lateral-movement,1,1,1,1,9
layout,1,1,1,1,9
listener_tcp,1,1,1,1,9
log-stream,1,1,1,1,9
logger,1,1,1,1,9
logger_1,1,1,1,1,9
login-instructions,1,1,1,1,9
login-instructions_1,1,1,1,1,9
logo,1,1,1,1,9
main_12,1,1,1,1,9
main_3,3,3,1,3,7
main_8,3,3,1,3,7
markdown_orchestrator_test,1,1,1,1,9
mcp_pent_claude_agent,1,1,1,1,9
mcp_tools,1,1,1,1,9
memory,1,1,1,1,9
metrics,1,1,1,1,9
models,3,3,1,3,7
model_manager,1,1,1,1,9
multi_agent_prepare,1,1,1,1,9
navigator,1,1,1,1,9
normalize_streaming_delta_test,1,1,1,1,9
normalize_streaming_eof_test,1,1,1,1,9
opsec-evasion,1,1,1,1,9
orchestratortest,1,1,1,1,9
orchestrator_instruction,1,1,1,1,9
orphan_tool_pruner_middleware_test,1,1,1,1,9
otel,1,1,1,1,9
package-lock_1,1,1,1,1,9
package_2,1,1,1,1,9
package_4,1,1,1,1,9
paths_1,1,1,1,1,9
payload_builder,1,1,1,1,9
PentestGPT_design,1,1,1,1,9
persistence-maintenance,1,1,1,1,9
plan_execute_executor,1,1,1,1,9
plan_execute_steps_cap,1,1,1,1,9
plan_execute_steps_cap_test,1,1,1,1,9
plan_execute_text,1,1,1,1,9
plan_execute_text_test,1,1,1,1,9
plugin_3,3,3,1,3,7
plugin_center,1,1,1,1,9
pnpm-workspace,1,1,1,1,9
portscan-all-tcp-ports,1,1,1,1,9
portscan-top-100-udp-ports,1,1,1,1,9
pre-commit-config,1,1,1,1,9
pre-recon-code_3,1,1,1,1,9
privilege-escalation,1,1,1,1,9
production,1,1,1,1,9
progress-manager,1,1,1,1,9
prompt-manager,1,1,1,1,9
prompts,3,3,1,3,7
prompt_select,1,1,1,1,9
README_14,1,1,1,1,9
README_34,1,1,1,1,9
README_35,1,1,1,1,9
README_40,1,1,1,1,9
reasoning_trace,1,1,1,1,9
reasoning_trace_test,1,1,1,1,9
reconftw_prox_deploy,1,1,1,1,9
recon_3,1,1,1,1,9
registry_4,1,1,1,1,9
registry_8,1,1,1,1,9
registry_bridge,1,1,1,1,9
remediation-agent,1,1,1,1,9
report-output-provider,1,1,1,1,9
reporting-remediation,1,1,1,1,9
report_agent,1,1,1,1,9
result,1,1,1,1,9
role,1,1,1,1,9
router,1,1,1,1,9
runner_reasoning_history_test,1,1,1,1,9
run_context,1,1,1,1,9
save-deliverable,1,1,1,1,9
service_1,1,1,1,1,9
settings_3,1,1,1,1,9
settings_4,1,1,1,1,9
skills,1,1,1,1,9
splash,1,1,1,1,9
sse_stream,1,1,1,1,9
styles,1,1,1,1,9
summary-mapper,1,1,1,1,9
task_handler,1,1,1,1,9
task_manager,1,1,1,1,9
task_processor,1,1,1,1,9
task_tree_manager,1,1,1,1,9
test-multibar,1,1,1,1,9
test_async_prompt,1,1,1,1,9
test_backend_interface,1,1,1,1,9
test_base_agent_coverage,1,1,1,1,9
test_controller,1,1,1,1,9
test_cost_tracker,1,1,1,1,9
test_events,1,1,1,1,9
test_install_planner,1,1,1,1,9
test_integration,1,1,1,1,9
test_langfuse,1,1,1,1,9
test_mcp_auth_session_reuse,1,1,1,1,9
test_mcp_client_and_hitl,1,1,1,1,9
test_mcp_server,1,1,1,1,9
test_output_parser,1,1,1,1,9
test_playbook,1,1,1,1,9
test_stage2_integration,1,1,1,1,9
test_trigger_system,1,1,1,1,9
test_web_agent_set_auth,1,1,1,1,9
tmux_manager,1,1,1,1,9
tool_error_middleware,1,1,1,1,9
tool_error_middleware_test,1,1,1,1,9
tool_invoke_notify,1,1,1,1,9
tracer,1,1,1,1,9
trigger_system,1,1,1,1,9
truncate_test,1,1,1,1,9
tsdownconfig,1,1,1,1,9
tui,1,1,1,1,9
types_7,1,1,1,1,9
utils,7,7,5,7,3
validate,1,1,1,1,9
validate-authentication,1,1,1,1,9
validation-harness,1,1,1,1,9
vulnerability-triage,1,1,1,1,9
Web,1,1,1,1,9
webshell_context,1,1,1,1,9
webshell_context_test,1,1,1,1,9
webshell_probe,1,1,1,1,9
wechat,1,1,1,1,9
wireless_agent,1,1,1,1,9
workflow-logger,1,1,1,1,9
workflow_engine,1,1,1,1,9
_14,1,1,1,1,9
_rules_1,1,1,1,1,9
_target_1,1,1,1,1,9
__init___109,1,1,1,1,9
__init___11,1,1,1,1,9
__init___141,1,1,1,1,9
__init___144,1,1,1,1,9
__init___17,1,1,1,1,9
__init___202,1,1,1,1,9
__init___211,1,1,1,1,9
__init___29,1,1,1,1,9
__init___31,1,1,1,1,9
__init___50,1,1,1,1,9
__init___52,1,1,1,1,9
__init___6,1,1,1,1,9
__init___70,1,1,1,1,9
activities,1,1,1,1,9
agent-execution,1,1,1,1,9
agents,3,3,1,3,7
agent_runner,1,1,1,1,9
agent_test,1,1,1,1,9
anthropic_agent,1,1,1,1,9
anthropic_official,1,1,1,1,9
api,1,1,1,1,9
api-discoverer-agent,1,1,1,1,9
api-discovery,1,1,1,1,9
api-discoverytest,1,1,1,1,9
api-docs,1,1,1,1,9
api-schema-analyzer,1,1,1,1,9
apitest,1,1,1,1,9
api_authentication,1,1,1,1,9
api_pipeline,1,1,1,1,9
app,3,3,1,3,7
app_2,1,1,1,1,9
app_config,1,1,1,1,9
asvs-mapper,1,1,1,1,9
async_prompt,1,1,1,1,9
attackchain,1,1,1,1,9
audit_1,1,1,1,1,9
aup_consent,1,1,1,1,9
auth,3,3,1,3,7
auth_analyzer,1,1,1,1,9
auth_cache,1,1,1,1,9
backend,1,1,1,1,9
banner_analyzer,1,1,1,1,9
billing-detection,1,1,1,1,9
build,1,1,1,1,9
build-mvn,1,1,1,1,9
burp_client,1,1,1,1,9
burp_commands,1,1,1,1,9
business-logic-agent,1,1,1,1,9
c2_lifecycle,1,1,1,1,9
c2_tools,1,1,1,1,9
captcha_replay,1,1,1,1,9
chain,1,1,1,1,9
chat-files,1,1,1,1,9
chatgpt,1,1,1,1,9
chatgpt_api,1,1,1,1,9
chatgpt_config_sample,1,1,1,1,9
chat_config,1,1,1,1,9
checkpoint,1,1,1,1,9
checkpoint-manager,1,1,1,1,9
citations,1,1,1,1,9
clair,1,1,1,1,9
claude_bridge,1,1,1,1,9
CODE_OF_CONDUCT,1,1,1,1,9
config-loader,1,1,1,1,9
config_2,3,3,1,3,7
config_5,1,1,1,1,9
config_6,1,1,1,1,9
conftest,1,1,1,1,9
constants,1,1,1,1,9
content_fingerprint,1,1,1,1,9
CONTRIBUTING_2,1,1,1,1,9
CONTRIBUTING_3,1,1,1,1,9
CONTRIBUTING_4,1,1,1,1,9
conversation,1,1,1,1,9
cors-probe-agent,1,1,1,1,9
cors_reflection,1,1,1,1,9
cortex,1,1,1,1,9
coupon_forging,1,1,1,1,9
credential_detector,1,1,1,1,9
cve_db,1,1,1,1,9
cve_poc_primitives,1,1,1,1,9
cvss-calculator,1,1,1,1,9
CyberStrikeAIClient,1,1,1,1,9
CyberStrikeAIClientAgentMode,1,1,1,1,9
dark-matter,1,1,1,1,9
dark-mattertest,1,1,1,1,9
dashboard_2,1,1,1,1,9
DATA-PRIVACY,1,1,1,1,9
datasrcs,1,1,1,1,9
debug,1,1,1,1,9
DECISION,1,1,1,1,9
deepseek,1,1,1,1,9
deepseek_api,1,1,1,1,9
default_single_system_prompt,1,1,1,1,9
DEPLOYMENT,1,1,1,1,9
deserialization,1,1,1,1,9
documentation-agent,1,1,1,1,9
doc_3,1,1,1,1,9
DPA,1,1,1,1,9
eino,1,1,1,1,9
eino_single_runner,1,1,1,1,9
eino_test,1,1,1,1,9
eino_transient_retry,1,1,1,1,9
eino_transient_retry_test,1,1,1,1,9
embedding,1,1,1,1,9
endpoint_classifier,1,1,1,1,9
engineapi_test,1,1,1,1,9
envexpand_test,1,1,1,1,9
env_2,1,1,1,1,9
env_4,1,1,1,1,9
error-handling,1,1,1,1,9
ErrorPatternAnalyzertest,1,1,1,1,9
errors,1,1,1,1,9
evidence,3,3,1,3,7
executor_2,1,1,1,1,9
exploit-authz_1,1,1,1,1,9
exploit-authz_3,1,1,1,1,9
express-scaffold,1,1,1,1,9
external_mcp_test,1,1,1,1,9
extract_cookie,1,1,1,1,9
facebook,1,1,1,1,9
feature-collector,1,1,1,1,9
forced_error,1,1,1,1,9
frontend-i18n,1,1,1,1,9
gemini,1,1,1,1,9
gemini_api,1,1,1,1,9
getting-started,1,1,1,1,9
gpt4all_api,1,1,1,1,9
graphql,1,1,1,1,9
graphql-scanner,1,1,1,1,9
graphql_introspection,1,1,1,1,9
graphql_tool,1,1,1,1,9
hackertarget,1,1,1,1,9
harness,1,1,1,1,9
hidden_discovery,1,1,1,1,9
hitl,1,1,1,1,9
host_header_reset_poisoning,1,1,1,1,9
HTTPMethodAnalyzertest,1,1,1,1,9
http_extractor,1,1,1,1,9
idor_authenticated,1,1,1,1,9
idor_authz_differential,1,1,1,1,9
indexer,1,1,1,1,9
index_1,1,1,1,1,9
index_13,1,1,1,1,9
index_17,1,1,1,1,9
inference,1,1,1,1,9
inferencetest,1,1,1,1,9
install-git-hooks,1,1,1,1,9
INSTALL_2,1,1,1,1,9
jina,1,1,1,1,9
js-analysis,1,1,1,1,9
juiceshop,1,1,1,1,9
jwt_jku_x5u_ssrf,1,1,1,1,9
knowledge,1,1,1,1,9
knowledgejs,1,1,1,1,9
knowledge_base,1,1,1,1,9
langfuse,1,1,1,1,9
lark,1,1,1,1,9
ldap_injection,1,1,1,1,9
legacy,1,1,1,1,9
LICENSE,1,1,1,1,9
LICENSE_1,1,1,1,1,9
LICENSE_10,1,1,1,1,9
LICENSE_12,1,1,1,1,9
LICENSE_13,1,1,1,1,9
LICENSE_2,1,1,1,1,9
LICENSE_4,1,1,1,1,9
LICENSE_6,1,1,1,1,9
LICENSE_7,1,1,1,1,9
LICENSE_9,1,1,1,1,9
llm,1,1,1,1,9
llm-analysis,1,1,1,1,9
llm-client,1,1,1,1,9
llm-clienttest,1,1,1,1,9
llm-clienttest_1,1,1,1,1,9
llm-client_1,1,1,1,1,9
llm_api,1,1,1,1,9
loader_1,1,1,1,1,9
LOCAL-SETUP,1,1,1,1,9
main_4,3,3,1,3,7
main_5,3,3,1,3,7
manager_2,1,1,1,1,9
markdown,1,1,1,1,9
MarkdownRenderer,1,1,1,1,9
markdown_agents,1,1,1,1,9
masscan,1,1,1,1,9
masscan_2,1,1,1,1,9
mass_assignment,1,1,1,1,9
mcp_client,1,1,1,1,9
mcp_manager,1,1,1,1,9
mcp_setup,1,1,1,1,9
memory_compressor,1,1,1,1,9
message-handlers,1,1,1,1,9
metrics-tracker,1,1,1,1,9
models_1,1,1,1,1,9
models_5,1,1,1,1,9
module_import,1,1,1,1,9
monitor,3,3,1,3,7
multi_agent,1,1,1,1,9
MULTI_AGENT_EINO,1,1,1,1,9
nikto_tool,1,1,1,1,9
nmap-irc,1,1,1,1,9
notifications,1,1,1,1,9
no_nested_task,1,1,1,1,9
ollama_api,1,1,1,1,9
openai,3,3,1,3,7
openapi,3,3,1,3,7
openapi-discovery-agent,1,1,1,1,9
openapi_i18n,1,1,1,1,9
openapi_parser,1,1,1,1,9
open_ai,1,1,1,1,9
oracle-patator,1,1,1,1,9
orchestrator-plan-execute,1,1,1,1,9
orchestrator-supervisor,1,1,1,1,9
orphan_tool_pruner_middleware,1,1,1,1,9
osrframework,1,1,1,1,9
package_1,1,1,1,1,9
package_5,1,1,1,1,9
parameter_mapper,1,1,1,1,9
password_reset_weak,1,1,1,1,9
path_traversal,1,1,1,1,9
penetration,1,1,1,1,9
pentest-ai,1,1,1,1,9
pentest_agent,1,1,1,1,9
pentest_gpt,1,1,1,1,9
pentest_gpt_rebuilt,1,1,1,1,9
pent_claude_agent_config,1,1,1,1,9
perplexity,1,1,1,1,9
persistencetest,1,1,1,1,9
playwright-config-writer,1,1,1,1,9
plugin_loader_1,1,1,1,1,9
poc_agent,1,1,1,1,9
pom,1,1,1,1,9
postman_parser,1,1,1,1,9
pre-recon-code_2,1,1,1,1,9
privilege_escalation_patch,1,1,1,1,9
project_manager,1,1,1,1,9
prototype_pollution,1,1,1,1,9
pyproject,1,1,1,1,9
quake_search,1,1,1,1,9
queue,1,1,1,1,9
race_condition,1,1,1,1,9
reactive-verifier,1,1,1,1,9
READMEzh-CN,1,1,1,1,9
README_10,1,1,1,1,9
README_11,1,1,1,1,9
README_13,1,1,1,1,9
README_15,1,1,1,1,9
README_32,1,1,1,1,9
README_33,1,1,1,1,9
README_38,1,1,1,1,9
README_50,1,1,1,1,9
README_54,1,1,1,1,9
README_55,1,1,1,1,9
README_CN_3,1,1,1,1,9
recon,1,1,1,1,9
reconx_engine,1,1,1,1,9
REFERENCE,1,1,1,1,9
reflected_xss,1,1,1,1,9
registry,3,3,1,3,7
release-pypi,1,1,1,1,9
replay,1,1,1,1,9
report-snippet,1,1,1,1,9
report_18,1,1,1,1,9
report_injector,1,1,1,1,9
report_injector_1,1,1,1,1,9
requirements_6,1,1,1,1,9
reset_juice_shop,1,1,1,1,9
retrieval_postprocess,1,1,1,1,9
retry,1,1,1,1,9
review,1,1,1,1,9
robot,1,1,1,1,9
robot_en,1,1,1,1,9
roles,1,1,1,1,9
route_correlator,1,1,1,1,9
RunCommand,1,1,1,1,9
runner,1,1,1,1,9
saml_xsw,1,1,1,1,9
sandbox,1,1,1,1,9
sanitize,1,1,1,1,9
schedulertest,1,1,1,1,9
scheduler_2,1,1,1,1,9
schema-gen-agent,1,1,1,1,9
scope,3,3,1,3,7
search,1,1,1,1,9
SecurityHeaderAnalyzertest,1,1,1,1,9
server,3,3,1,3,7
service,1,1,1,1,9
services_commands,1,1,1,1,9
service_intelligence_view,1,1,1,1,9
settings,1,1,1,1,9
shared,1,1,1,1,9
sherlock,1,1,1,1,9
shodan_api,1,1,1,1,9
shodan_apicpython-313,1,1,1,1,9
shodan_search,1,1,1,1,9
sitemap-agent,1,1,1,1,9
SKILL,1,1,1,1,9
SKILL_11,1,1,1,1,9
SKILL_13,1,1,1,1,9
SKILL_3,1,1,1,1,9
SKILL_7,1,1,1,1,9
SKILL_9,1,1,1,1,9
source-gen-agent,1,1,1,1,9
ssti_polyglot,1,1,1,1,9
status,1,1,1,1,9
stored_xss,1,1,1,1,9
style,1,1,1,1,9
sub_agent_context,1,1,1,1,9
sub_agent_context_test,1,1,1,1,9
SUMMARY,1,1,1,1,9
swagger_2,1,1,1,1,9
swagger_parser,1,1,1,1,9
tasks,1,1,1,1,9
telemetry,1,1,1,1,9
terminal,1,1,1,1,9
test-cortex-integration,1,1,1,1,9
test-gen-agent,1,1,1,1,9
testLogin,1,1,1,1,9
test_agent_loop,1,1,1,1,9
test_agent_mode_cli,1,1,1,1,9
test_anthropic_agent,1,1,1,1,9
test_auth_profiles,1,1,1,1,9
test_auth_profile_cli,1,1,1,1,9
test_auth_runner,1,1,1,1,9
test_benchmarks_scoring_common,1,1,1,1,9
test_browser_agent,1,1,1,1,9
test_chain,1,1,1,1,9
test_chain_quality,1,1,1,1,9
test_config,1,1,1,1,9
test_connection,1,1,1,1,9
test_handler_web_probes,1,1,1,1,9
test_langfuse_1,1,1,1,1,9
test_legacy_probe_migration,1,1,1,1,9
test_llm,1,1,1,1,9
test_llm_e2e_smoke,1,1,1,1,9
test_mcp_action_surface,1,1,1,1,9
test_new_high_roi_probes,1,1,1,1,9
test_probe_cors_reflection,1,1,1,1,9
test_probe_coupon_forging,1,1,1,1,9
test_probe_cve_poc,1,1,1,1,9
test_probe_deserialization,1,1,1,1,9
test_probe_dom_xss,1,1,1,1,9
test_probe_file_upload_validation,1,1,1,1,9
test_probe_forced_error,1,1,1,1,9
test_probe_graphql_introspection,1,1,1,1,9
test_probe_hidden_discovery,1,1,1,1,9
test_probe_host_header_reset_poisoning,1,1,1,1,9
test_probe_idor_authenticated,1,1,1,1,9
test_probe_idor_authz_differential,1,1,1,1,9
test_probe_idor_sequential,1,1,1,1,9
test_probe_ldap_injection,1,1,1,1,9
test_probe_mass_assignment,1,1,1,1,9
test_probe_path_traversal,1,1,1,1,9
test_probe_primitives,1,1,1,1,9
test_probe_prototype_pollution,1,1,1,1,9
test_probe_race_condition,1,1,1,1,9
test_probe_reflected_xss,1,1,1,1,9
test_probe_registry,1,1,1,1,9
test_probe_ssti_stored,1,1,1,1,9
test_probe_stored_xss,1,1,1,1,9
test_probe_web3,1,1,1,1,9
test_probe_web_cache_deception,1,1,1,1,9
test_probe_xxe_upload,1,1,1,1,9
test_providers,1,1,1,1,9
test_registry_bridge,1,1,1,1,9
test_scope,1,1,1,1,9
test_spa_probes,1,1,1,1,9
test_specialist_agents_coverage,1,1,1,1,9
test_stage1,1,1,1,1,9
test_tracing_and_telemetry,1,1,1,1,9
test_working_memory,1,1,1,1,9
tracing,1,1,1,1,9
traffic_parser,1,1,1,1,9
train-filternet,1,1,1,1,9
train-simple,1,1,1,1,9
TROUBLESHOOTING,1,1,1,1,9
truncate,1,1,1,1,9
trusted_header_bypass,1,1,1,1,9
types,1,1,1,1,9
unauthed-decision-log,1,1,1,1,9
upgrade,1,1,1,1,9
urlscan,1,1,1,1,9
utils_2,1,1,1,1,9
vuln-auth_3,1,1,1,1,9
vuln-ssrf_3,1,1,1,1,9
vulnerability,1,1,1,1,9
wayback,1,1,1,1,9
waybackurls,1,1,1,1,9
web3_probe,1,1,1,1,9
webshell,3,3,1,3,7
web_intelligence_view,1,1,1,1,9
web_parser,1,1,1,1,9
web_probes,1,1,1,1,9
wechat-robot,1,1,1,1,9
wechat_robot,1,1,1,1,9
wordlist,1,1,1,1,9
workflow-errors,1,1,1,1,9
workflows,1,1,1,1,9
workflow_engine_1,1,1,1,1,9
wpscan,1,1,1,1,9
writer,1,1,1,1,9
xxe_upload,1,1,1,1,9
zap,1,1,1,1,9
__init___112,1,1,1,1,9
__init___115,1,1,1,1,9
__init___116,1,1,1,1,9
__init___142,1,1,1,1,9
__init___146,1,1,1,1,9
__init___153,1,1,1,1,9
__init___203,1,1,1,1,9
__init___22,1,1,1,1,9
__init___34,1,1,1,1,9
__init___64,1,1,1,1,9
builtin-tools,1,1,1,1,9
CyberStrikeAIClientStreamListener,1,1,1,1,9
CyberStrikeAITab1,1,1,1,1,9
CyberStrikeAITabDotIcon,1,1,1,1,9
headers_inject,1,1,1,1,9
hexstrike-ai-mcp,1,1,1,1,9
main,3,3,1,3,7
mcp,1,1,1,1,9
mcp_tools_test,1,1,1,1,9
monitor_1,1,1,1,1,9
options,1,1,1,1,9
README_6,1,1,1,1,9
SimpleJson,1,1,1,1,9
sse_keepalive,1,1,1,1,9
SslTrustAll1,1,1,1,1,9
SslTrustAllTimeoutSslSocketFactory,1,1,1,1,9
test_file_transfer,1,1,1,1,9
test_handlers_misc,1,1,1,1,9
__init___38,1,1,1,1,9
__init___55,1,1,1,1,9
__main__,1,1,1,1,9
404StarLinkLogo,1,1,1,1,9
agent-management,1,1,1,1,9
agents-for,1,1,1,1,9
ai_analysis,1,1,1,1,9
alterations,3,3,1,3,7
announcements,1,1,1,1,9
AUP,1,1,1,1,9
auth_profiles,3,3,1,3,7
aws,1,1,1,1,9
aws_recon,3,3,1,3,7
aws_sm,3,3,1,3,7
azure,1,1,1,1,9
azure_recon,3,3,1,3,7
banner_2,1,1,1,1,9
benchmark_runner,3,3,1,3,7
bizlogic-hunter,1,1,1,1,9
bucket_correlator,3,3,1,3,7
bug_report,1,1,1,1,9
ccr-config-template,1,1,1,1,9
chat,3,3,1,3,7
chatgpt_config_curl,1,1,1,1,9
ChatGPT_key,1,1,1,1,9
checkov,1,1,1,1,9
ci_1,1,1,1,1,9
ci_cd_cloud,1,1,1,1,9
ci_cd_cloud_mapper,3,3,1,3,7
claude-executor,3,3,1,3,7
CLAUDE_2,1,1,1,1,9
CLAUDE_3,1,1,1,1,9
clear,1,1,1,1,9
cli,3,3,1,3,7
cloud-security,1,1,1,1,9
cloudfront_mapper,3,3,1,3,7
cloudmapper,1,1,1,1,9
cloud_agent,3,3,1,3,7
cloud_attack_surface,1,1,1,1,9
cloud_enum,1,1,1,1,9
cloud_fingerprint,3,3,1,3,7
cloud_models,3,3,1,3,7
cloud_pipeline,3,3,1,3,7
cloud_storage,1,1,1,1,9
conftest_2,3,3,1,3,7
container-breakout,1,1,1,1,9
CUSTOMIZATION,1,1,1,1,9
CyberStrikeAITab,1,1,1,1,9
dec-2025,1,1,1,1,9
demo,1,1,1,1,9
demo_1,1,1,1,1,9
dependabot_3,1,1,1,1,9
devcontainer,1,1,1,1,9
DISCLAIMER,1,1,1,1,9
docker,1,1,1,1,9
docker-compose,1,1,1,1,9
docker-compose_1,1,1,1,1,9
docker-compose_2,1,1,1,1,9
docker-compose_3,1,1,1,1,9
Dockerfile_4,1,1,1,1,9
Dockerfile_7,1,1,1,1,9
Dockerfile_9,1,1,1,1,9
docker_2,1,1,1,1,9
docker_manager,3,3,1,3,7
docker_nightly,1,1,1,1,9
docker_registry_analyzer,3,3,1,3,7
domains,3,3,1,3,7
embedder,3,3,1,3,7
engagement-planner,1,1,1,1,9
entrypoint,5,5,3,5,5
env,3,3,1,3,7
env_3,1,1,1,1,9
example-stig-finding,1,1,1,1,9
executor_test,3,3,1,3,7
exploit-auth,1,1,1,1,9
exploit-authz,1,1,1,1,9
exploit-authz_2,1,1,1,1,9
exploit-auth_2,1,1,1,1,9
exploit-injection,1,1,1,1,9
exploit-xss,1,1,1,1,9
exploit-xss_2,1,1,1,1,9
export_menu,1,1,1,1,9
factory,3,3,1,3,7
fill-legal,3,3,1,3,7
fingerprinter,3,3,1,3,7
fingerprintertest,3,3,1,3,7
fix-workspace-permissions,5,5,3,5,5
gcp,1,1,1,1,9
gcp_recon,3,3,1,3,7
github-banner,1,1,1,1,9
gitleaks,1,1,1,1,9
go_2,1,1,1,1,9
graphw00f,3,3,1,3,7
hexstrike-logo,1,1,1,1,9
home,3,3,1,3,7
index_5,3,3,1,3,7
javascript,1,1,1,1,9
js-harvester-agent,3,3,1,3,7
kube-bench,1,1,1,1,9
kube-hunter,1,1,1,1,9
kubernetes,1,1,1,1,9
launch-config,1,1,1,1,9
leaksapi-banner,1,1,1,1,9
leaksapi-logo,1,1,1,1,9
LICENSE_5,1,1,1,1,9
litellm_provider,3,3,1,3,7
logo_3,1,1,1,1,9
main_13,3,3,1,3,7
main_menu,1,1,1,1,9
Makefile,1,1,1,1,9
mindmap_obsidian,1,1,1,1,9
misconfig-detector,3,3,1,3,7
misconfigtest,3,3,1,3,7
mobile-pentester,1,1,1,1,9
mode,3,3,1,3,7
orchestrator,1,1,1,1,9
outputs,1,1,1,1,9
package_3,1,1,1,1,9
pacu,1,1,1,1,9
pentestgpt_executor,3,3,1,3,7
PentestGPT_Hackable2,1,1,1,1,9
plugins,3,3,1,3,7
pnpm-lock,1,1,1,1,9
poc-validator,1,1,1,1,9
pre-recon-code,1,1,1,1,9
privesc-advisor,1,1,1,1,9
privesc_agent,3,3,1,3,7
prowler,1,1,1,1,9
pyproject_3,1,1,1,1,9
quick-start,1,1,1,1,9
README_21,1,1,1,1,9
README_22,1,1,1,1,9
README_28,1,1,1,1,9
README_29,1,1,1,1,9
README_30,1,1,1,1,9
reconcloud,3,3,1,3,7
reconx,7,7,5,7,3
release-beta,1,1,1,1,9
release_1,1,1,1,1,9
requirements_7,1,1,1,1,9
resolver,3,3,1,3,7
results,1,1,1,1,9
role-management,1,1,1,1,9
rollback,1,1,1,1,9
rsecloud,3,3,1,3,7
s3scanner,3,3,1,3,7
s3_scanner,3,3,1,3,7
sarif,3,3,1,3,7
scan_pipeline,3,3,1,3,7
scan_running,1,1,1,1,9
scout-suite,1,1,1,1,9
Screenshot2,1,1,1,1,9
Screenshot3,1,1,1,1,9
Screenshot4,1,1,1,1,9
secret-scanner-agent,3,3,1,3,7
secure_credential,3,3,1,3,7
security,1,1,1,1,9
SECURITY_3,1,1,1,1,9
selection_agent,3,3,1,3,7
server_mcp_pentest_18,1,1,1,1,9
service_analyzer,3,3,1,3,7
service_correlator_1,3,3,1,3,7
settings_2,1,1,1,1,9
setup,3,3,1,3,7
setup_1,3,3,1,3,7
shannon-banner,1,1,1,1,9
SHANNON-PRO_1,1,1,1,1,9
shannon-report-capital-api,1,1,1,1,9
shannon-screen,1,1,1,1,9
shodan,3,3,1,3,7
six2dez_reconftw-stars-history,1,1,1,1,9
SKILL_1,1,1,1,1,9
SKILL_14,1,1,1,1,9
SKILL_16,1,1,1,1,9
SKILL_17,1,1,1,1,9
SKILL_4,1,1,1,1,9
social-engineer,1,1,1,1,9
sponsor-wechat-alipay-qr,1,1,1,1,9
ssrf_cloud_metadata,3,3,1,3,7
ssrf_payloads,1,1,1,1,9
stop,3,3,1,3,7
tch,1,1,1,1,9
tcp_beacon_server,3,3,1,3,7
teardown,5,5,3,5,5
techdetect,3,3,1,3,7
terraform-reconFTW,1,1,1,1,9
test_ad_agent_e2e_smoke,3,3,1,3,7
test_agents,3,3,1,3,7
test_benchmark_cli,3,3,1,3,7
test_chain_context_discriminator,3,3,1,3,7
test_cli_menu,3,3,1,3,7
test_cloud_agent_e2e_smoke,3,3,1,3,7
test_container_health,3,3,1,3,7
test_docker_build,3,3,1,3,7
test_flag_detection,3,3,1,3,7
test_litellm_provider,3,3,1,3,7
test_misc_coverage_2,3,3,1,3,7
test_probe_ssrf_cloud_metadata,3,3,1,3,7
test_providers_and_small_agents,3,3,1,3,7
test_selection_agent,3,3,1,3,7
trufflehog,3,3,1,3,7
type_confusion,3,3,1,3,7
uninstall,3,3,1,3,7
USAGE,1,1,1,1,9
usage_input,1,1,1,1,9
usage_output,1,1,1,1,9
usage_server1,1,1,1,1,9
usage_server2,1,1,1,1,9
variables,1,1,1,1,9
vectorDB,3,3,1,3,7
vuln-auth,1,1,1,1,9
vuln-authz,1,1,1,1,9
vuln-authz_2,1,1,1,1,9
vuln-auth_2,1,1,1,1,9
vuln-injection,1,1,1,1,9
vuln-injection_2,1,1,1,1,9
vuln-xss,1,1,1,1,9
vuln-xss_2,1,1,1,1,9
vulnerability-management,1,1,1,1,9
waf-detector-agent,3,3,1,3,7
wafw00f,3,3,1,3,7
web-console,1,1,1,1,9
wechat-group-cyberstrikeai-qr,1,1,1,1,9
workflow_center,3,3,1,3,7
workspaces,3,3,1,3,7
zh-CN,1,1,1,1,9
_10,1,1,1,1,9
__init___119,3,3,1,3,7
__init___26,3,3,1,3,7
__init___78,3,3,1,3,7
osint,1,1,1,1,9
test_osint_domain_info_msftrecon,1,1,1,1,9
whois,1,1,1,1,9
common,1,1,1,1,9
hashpump,1,1,1,1,9
libc-database,1,1,1,1,9
linpeas,1,1,1,1,9
one-gadget,1,1,1,1,9
output_parser,1,1,1,1,9
pwninit,1,1,1,1,9
README_31,1,1,1,1,9
score_juiceshop,1,1,1,1,9
steghide,1,1,1,1,9
test_session,1,1,1,1,9
zsteg,1,1,1,1,9
__init___219,1,1,1,1,9
AGENT-GUIDE,1,1,1,1,9
agent_mode_controller,1,1,1,1,9
attackchain_1,1,1,1,1,9
balanced-active-scan,1,1,1,1,9
BigQueryInjection,1,1,1,1,9
cache,1,1,1,1,9
CassandraInjection,1,1,1,1,9
checkpoint-provider,1,1,1,1,9
concurrency,1,1,1,1,9
container,1,1,1,1,9
context,1,1,1,1,9
conversation_1,1,1,1,1,9
cve_mapper,1,1,1,1,9
cvss,1,1,1,1,9
database,1,1,1,1,9
DB2Injection,1,1,1,1,9
db_1,1,1,1,1,9
db_test,1,1,1,1,9
deliverables,1,1,1,1,9
detection_agent,1,1,1,1,9
eino_adk_run_loop,1,1,1,1,9
eino_meta_test,1,1,1,1,9
eino_retriever_adapter,1,1,1,1,9
eino_retrieve_chain,1,1,1,1,9
eino_sqlite_indexer,1,1,1,1,9
endpoint-prober,1,1,1,1,9
ErrorPatternAnalyzer,1,1,1,1,9
exploit-auth_1,1,1,1,1,9
exploit-auth_3,1,1,1,1,9
exploit-injection_1,1,1,1,1,9
exploit-injection_3,1,1,1,1,9
exploit-ssrf_1,1,1,1,1,9
exploit-ssrf_3,1,1,1,1,9
exploit-xss_1,1,1,1,1,9
exploit-xss_3,1,1,1,1,9
exploitation-checker,1,1,1,1,9
export,1,1,1,1,9
export-metrics,1,1,1,1,9
finalizers,1,1,1,1,9
findings,1,1,1,1,9
FINDINGS-DB,1,1,1,1,9
findings-provider,1,1,1,1,9
findings-renderer,1,1,1,1,9
generators,1,1,1,1,9
gowitness,1,1,1,1,9
Hackable2_3,1,1,1,1,9
handoff,1,1,1,1,9
index_pipeline,1,1,1,1,9
Kioptrix_level_1,1,1,1,1,9
listener_http_test,1,1,1,1,9
manager,1,1,1,1,9
manager_start_test,1,1,1,1,9
menu_system,1,1,1,1,9
metasploit,1,1,1,1,9
metasploit_aux,1,1,1,1,9
metatron,1,1,1,1,9
migrate,1,1,1,1,9
net-recon-agent,1,1,1,1,9
nikto,1,1,1,1,9
nmap-distccd,1,1,1,1,9
nmap_2,1,1,1,1,9
notification,1,1,1,1,9
output-formatter,1,1,1,1,9
output-formatters,1,1,1,1,9
payloads,1,1,1,1,9
pentestTarget,1,1,1,1,9
pipeline,1,1,1,1,9
primitives,1,1,1,1,9
prompt_class,1,1,1,1,9
pwntools,1,1,1,1,9
query-execution-result,1,1,1,1,9
queue-schemas,1,1,1,1,9
queue-validation,1,1,1,1,9
report-executive,1,1,1,1,9
report-executive_3,1,1,1,1,9
report-generator,1,1,1,1,9
reporting,4,4,2,4,6
requester,1,1,1,1,9
requestercpython-313,1,1,1,1,9
retriever,1,1,1,1,9
schema,1,1,1,1,9
schema_migrate,1,1,1,1,9
session-manager,1,1,1,1,9
settings-writer,1,1,1,1,9
SKILL_10,1,1,1,1,9
SKILL_15,1,1,1,1,9
SKILL_21,1,1,1,1,9
target,1,1,1,1,9
task,1,1,1,1,9
test_aup_consent,1,1,1,1,9
test_benchmark_registry,1,1,1,1,9
test_chain_dedup,1,1,1,1,9
test_chain_validation,1,1,1,1,9
test_cve_db,1,1,1,1,9
test_cvss,1,1,1,1,9
test_diff,1,1,1,1,9
test_findings,1,1,1,1,9
test_findings_db_reaper,1,1,1,1,9
test_findings_db_reconciler,1,1,1,1,9
test_handler_finalizers,1,1,1,1,9
test_intensity_safe,1,1,1,1,9
test_orchestrator,1,1,1,1,9
test_probe_cookie_prefix_bypass,1,1,1,1,9
test_probe_jwt_jku_x5u_ssrf,1,1,1,1,9
test_probe_nextjs_rsc_rce,1,1,1,1,9
test_probe_saml_xsw,1,1,1,1,9
test_probe_sqli_login_bypass,1,1,1,1,9
test_sarif,1,1,1,1,9
test_webhooks,1,1,1,1,9
tls-analyzer,1,1,1,1,9
TOKEN-OPTIMIZATION,1,1,1,1,9
tool,1,1,1,1,9
types_5,1,1,1,1,9
vuln-authz_3,1,1,1,1,9
vuln-injection_3,1,1,1,1,9
vuln-mapper,1,1,1,1,9
vuln-mappertest,1,1,1,1,9
vuln-ssrf_1,1,1,1,1,9
vuln-xss_1,1,1,1,1,9
vuln-xss_3,1,1,1,1,9
worker,3,3,1,3,7
working_memory,1,1,1,1,9
xsser,1,1,1,1,9
_exploit-scope,1,1,1,1,9
_exploit-scope_1,1,1,1,1,9
_vuln-scope,1,1,1,1,9
_vuln-scope_1,1,1,1,1,9
active,1,1,1,1,9
active_test,1,1,1,1,9
auth_manager,1,1,1,1,9
basic_scan,1,1,1,1,9
beacon_host,1,1,1,1,9
brute,1,1,1,1,9
bruteforce-ftp,1,1,1,1,9
bruteforce-http,1,1,1,1,9
bruteforce-rdp,1,1,1,1,9
bruteforce-smb,1,1,1,1,9
bruteforce-ssh,1,1,1,1,9
brute_test,1,1,1,1,9
cgo_specific,1,1,1,1,9
check-env,1,1,1,1,9
client_2,1,1,1,1,9
client_sdk,1,1,1,1,9
codeclimate,1,1,1,1,9
config_4,3,3,1,3,7
curl-known-security,1,1,1,1,9
curl-robots,1,1,1,1,9
CyberStrikeAIClient1,1,1,1,1,9
datasrcs_test,1,1,1,1,9
deepsource,1,1,1,1,9
dependabot_2,1,1,1,1,9
eino_retrieve_chain_test,1,1,1,1,9
entrypoint_1,1,1,1,1,9
enum4linux,1,1,1,1,9
envexpand,1,1,1,1,9
env_1,1,1,1,1,9
error,1,1,1,1,9
eslintconfig,1,1,1,1,9
execute-python-script,1,1,1,1,9
external_manager,1,1,1,1,9
external_manager_test,1,1,1,1,9
external_mcp,1,1,1,1,9
falco,1,1,1,1,9
get-arch,1,1,1,1,9
goreleaser,1,1,1,1,9
index_14,1,1,1,1,9
index_7,1,1,1,1,9
install-python-package,1,1,1,1,9
issue_importer,1,1,1,1,9
jaeles,1,1,1,1,9
ldap-search,1,1,1,1,9
lint,1,1,1,1,9
loggercpython-313,1,1,1,1,9
logger_2,1,1,1,1,9
lookup-sid,1,1,1,1,9
main_14,1,1,1,1,9
main_15,1,1,1,1,9
main_server_http_redirect,1,1,1,1,9
main_server_http_redirect_test,1,1,1,1,9
mcp_reverse_shell,1,1,1,1,9
meta,3,3,1,3,7
nbtscan,1,1,1,1,9
nmap-finger,1,1,1,1,9
nmap-kerberos,1,1,1,1,9
nmap-msrpc,1,1,1,1,9
nmap-nntp,1,1,1,1,9
nmap-redis,1,1,1,1,9
nmap-rmi,1,1,1,1,9
nmap-sip,1,1,1,1,9
nmap-ssh,1,1,1,1,9
nmap-telnet,1,1,1,1,9
nmap-tftp,1,1,1,1,9
nmap_tool_1,1,1,1,1,9
onesixtyone,1,1,1,1,9
oracle-odat,1,1,1,1,9
oracle-scanner,1,1,1,1,9
oracle-tnscmd,1,1,1,1,9
parallel_scans,1,1,1,1,9
paths,1,1,1,1,9
portscan-top-tcp-ports,1,1,1,1,9
pre-commit-config_1,1,1,1,1,9
process_registry,1,1,1,1,9
pyproject_5,1,1,1,1,9
README_CN,1,1,1,1,9
README_CN_2,1,1,1,1,9
reconFTW,1,1,1,1,9
redirect-host-discovery,1,1,1,1,9
redis-cli,1,1,1,1,9
registry_2,1,1,1,1,9
release,1,1,1,1,9
requirements_14,1,1,1,1,9
requirements_15,1,1,1,1,9
requirements_5,1,1,1,1,9
resiliencetest,1,1,1,1,9
resolvers_test,1,1,1,1,9
resources,1,1,1,1,9
retrieval_postprocess_test,1,1,1,1,9
rigid,1,1,1,1,9
rigid_test,1,1,1,1,9
rpcclient,1,1,1,1,9
rpcdump,1,1,1,1,9
rsync-list-files,1,1,1,1,9
run,1,1,1,1,9
run-shannon-blackbox,1,1,1,1,9
run_all,1,1,1,1,9
run_bench,1,1,1,1,9
rustscan,1,1,1,1,9
rustscan_tool,1,1,1,1,9
server_https_bootstrap,1,1,1,1,9
shannon,1,1,1,1,9
showmount,1,1,1,1,9
sipvicious,1,1,1,1,9
sleep,1,1,1,1,9
smb-vuln,1,1,1,1,9
smbclient,1,1,1,1,9
smbmap,1,1,1,1,9
snmpwalk,1,1,1,1,9
SslTrustAll,1,1,1,1,9
subprocess_mixin,1,1,1,1,9
subprocess_runner,1,1,1,1,9
terminal_ws_unix,1,1,1,1,9
terrascan,1,1,1,1,9
test_cli_vps_count,1,1,1,1,9
test_ensure_webs_all,1,1,1,1,9
test_exec_context,1,1,1,1,9
test_injection,1,1,1,1,9
test_mcp_setup,1,1,1,1,9
test_permutation_wordlist_select,1,1,1,1,9
test_process_registry,1,1,1,1,9
test_profile_migration,1,1,1,1,9
test_resolver_env,1,1,1,1,9
test_secure_credential,1,1,1,1,9
test_target_expander,1,1,1,1,9
test_tracing_coverage,1,1,1,1,9
test_verbosity,1,1,1,1,9
trivy,1,1,1,1,9
tsconfig,1,1,1,1,9
tsconfigbase,1,1,1,1,9
tsconfig_1,1,1,1,1,9
turbo,1,1,1,1,9
webhooks,1,1,1,1,9
whatweb,1,1,1,1,9
winrm-detection,1,1,1,1,9
wordlist_test,1,1,1,1,9
_13,1,1,1,1,9
__init___201,1,1,1,1,9
__init___205,1,1,1,1,9
__init___51,1,1,1,1,9
activity-logger,1,1,1,1,9
activity-logger_1,1,1,1,1,9
bloodhound,1,1,1,1,9
domain-profiler,1,1,1,1,9
error-formatter,1,1,1,1,9
feature_request,1,1,1,1,9
file-io,1,1,1,1,9
file-operations,1,1,1,1,9
glob,1,1,1,1,9
input-validator,1,1,1,1,9
junit_xml,1,1,1,1,9
Keygraph_Button,1,1,1,1,9
metrics_1,1,1,1,1,9
progress-indicator,1,1,1,1,9
totp-validator,1,1,1,1,9
__init___207,1,1,1,1,9
ARCHITECTURE_2,1,1,1,1,9
bucket_exposure_engine,1,1,1,1,9
codeql,1,1,1,1,9
codeql-analysis,1,1,1,1,9
conversation_manager,1,1,1,1,9
dep-auto-merge,1,1,1,1,9
eino_meta,1,1,1,1,9
execution-runner,1,1,1,1,9
functional,1,1,1,1,9
gosum,1,1,1,1,9
health-monitor,1,1,1,1,9
index_2,3,3,1,3,7
meta-cognition,1,1,1,1,9
naabu,1,1,1,1,9
queue-validator,1,1,1,1,9
README_25,1,1,1,1,9
README_9,1,1,1,1,9
recorder,1,1,1,1,9
release-binary,1,1,1,1,9
release-test,1,1,1,1,9
rustscan_2,1,1,1,1,9
tests,1,1,1,1,9
update,1,1,1,1,9
vulnerability_1,1,1,1,1,9
__init___147,1,1,1,1,9
__init___224,1,1,1,1,9
__init___231,1,1,1,1,9
__init___57,1,1,1,1,9
auth_1,3,3,1,3,7
backfill-arch-data,1,1,1,1,9
conftest_1,3,3,1,3,7
contacts,1,1,1,1,9
COOKIES,1,1,1,1,9
credential_tester_agent,3,3,1,3,7
crtsh,3,3,1,3,7
email-osint-agent,3,3,1,3,7
environment,3,3,1,3,7
holehe,3,3,1,3,7
intel-collection,1,1,1,1,9
metadata,3,3,1,3,7
osint-collector,1,1,1,1,9
parsers_1,3,3,1,3,7
phoneinfoga,3,3,1,3,7
privacy_detect,3,3,1,3,7
sdk,3,3,1,3,7
smtp-user-enum,3,3,1,3,7
social_engineer_agent,3,3,1,3,7
splash-screen,3,3,1,3,7
test_probe_password_reset_weak,3,3,1,3,7
validation,5,5,3,5,5
vulnscan,3,3,1,3,7
whois_tool,3,3,1,3,7
_safety,3,3,1,3,7
__init___125,3,3,1,3,7
__init___128,3,3,1,3,7
arbiter,1,1,1,1,9
auth_2,1,1,1,1,9
debug-world-model,1,1,1,1,9
dotdotpwn,1,1,1,1,9
exposure_prioritizer,1,1,1,1,9
fingerprint_correlator,1,1,1,1,9
index_15,1,1,1,1,9
index_16,1,1,1,1,9
lint_python,1,1,1,1,9
main_7,3,3,1,3,7
model-registry,1,1,1,1,9
netexec,1,1,1,1,9
package,1,1,1,1,9
plugin_loader,1,1,1,1,9
portscan-guess-tcp-ports,1,1,1,1,9
README_12,1,1,1,1,9
registry_3,1,1,1,1,9
releaserc,1,1,1,1,9
renderers,1,1,1,1,9
test_plugin_loader,1,1,1,1,9
tools_commands,1,1,1,1,9
tooltipcpython-313,1,1,1,1,9
validatorcpython-313,1,1,1,1,9
volatility3,1,1,1,1,9
whatweb_2,1,1,1,1,9
__init__cpython-313,1,1,1,1,9
__init__cpython-313_1,1,1,1,1,9
__init___212,1,1,1,1,9
__init___213,1,1,1,1,9
__init___214,1,1,1,1,9
__init___215,1,1,1,1,9
__init___216,1,1,1,1,9
__init___217,1,1,1,1,9
__init___28,1,1,1,1,9
__init___43,1,1,1,1,9
__init___58,1,1,1,1,9
__init___71,1,1,1,1,9
2dd29513_findings,1,1,1,1,9
2dd29513_run_B_safe,1,1,1,1,9
acquifinder,1,1,1,1,9
active-crawl,3,3,1,3,7
active_recon,1,1,1,1,9
active_scanning,1,1,1,1,9
ad-attacker,1,1,1,1,9
adapter,3,3,1,3,7
addr,3,3,1,3,7
agent,3,3,1,3,7
AGENTS,1,1,1,1,9
AGENTS_1,1,1,1,1,9
agent_3,3,3,1,3,7
agent_loop,3,3,1,3,7
alerts,1,1,1,1,9
alerts_1,1,1,1,1,9
alienvault,3,3,1,3,7
alterx,3,3,1,3,7
amass,3,3,1,3,7
amass_2,1,1,1,1,9
analyze_repos,3,3,1,3,7
anomaly_detector,3,3,1,3,7
anomaly_engine,3,3,1,3,7
anthropic,3,3,1,3,7
anubis,3,3,1,3,7
apex,3,3,1,3,7
api-security,1,1,1,1,9
api_attack_surface,1,1,1,1,9
api_fingerprint,3,3,1,3,7
api_models,3,3,1,3,7
api_path_discovery,3,3,1,3,7
api_security_agent,3,3,1,3,7
api_surface_mapper,3,3,1,3,7
apply_triage_labels,3,3,1,3,7
aquatone,3,3,1,3,7
architect-infer-agent,3,3,1,3,7
ARCHITECTURE,1,1,1,1,9
ARCHITECTURE_1,1,1,1,1,9
arjun_tool,3,3,1,3,7
artifact-manifest,3,3,1,3,7
asn,1,1,1,1,9
asncache,3,3,1,3,7
asnmap,3,3,1,3,7
asn_intel,1,1,1,1,9
assetfinder,3,3,1,3,7
assets,3,3,1,3,7
assets_test,3,3,1,3,7
asset_classifier,3,3,1,3,7
asset_decode,3,3,1,3,7
asset_secrets_scan,3,3,1,3,7
assoc,3,3,1,3,7
attack-chain,1,1,1,1,9
attack-planner,1,1,1,1,9
attack-surface-enumeration,1,1,1,1,9
attack_surface_mapper,3,3,1,3,7
attack_surface_mapping,1,1,1,1,9
auth-flow-analyzer,3,3,1,3,7
authed-findings,1,1,1,1,9
authed-stderr,1,1,1,1,9
authenticated_scan,3,3,1,3,7
auth_handler,3,3,1,3,7
auth_session,3,3,1,3,7
autnum,3,3,1,3,7
autsys,3,3,1,3,7
autsys_1,3,3,1,3,7
axiom,5,5,3,5,5
backlog,3,3,1,3,7
backlog_1,3,3,1,3,7
backlog_test,3,3,1,3,7
banner,3,3,1,3,7
banners,3,3,1,3,7
banner_3,1,1,1,1,9
banner_url,3,3,1,3,7
base,3,3,1,3,7
base_3,3,3,1,3,7
base_5,3,3,1,3,7
benchmark_juice_shop,3,3,1,3,7
bevigil,3,3,1,3,7
bigbountyrecon,1,1,1,1,9
binaryedge,3,3,1,3,7
bing,3,3,1,3,7
blackbox-config-agent,3,3,1,3,7
blackbox-context,1,1,1,1,9
blacklist_test,3,3,1,3,7
book,1,1,1,1,9
browser-crawler-agent,3,3,1,3,7
browser_agent,3,3,1,3,7
bufferover,3,3,1,3,7
bufferoverrun,3,3,1,3,7
bug-bounty,1,1,1,1,9
bug_2,1,1,1,1,9
bug_report_2,1,1,1,1,9
bug_report_3,1,1,1,1,9
build-test,1,1,1,1,9
builder,3,3,1,3,7
builtwith,3,3,1,3,7
burp_suite,1,1,1,1,9
business_logic_fuzz,3,3,1,3,7
c1ae665a_findings,1,1,1,1,9
c1ae665a_run_A_default,1,1,1,1,9
c2-operator,1,1,1,1,9
c2_1,3,3,1,3,7
c99,3,3,1,3,7
capability_map,3,3,1,3,7
categories,3,3,1,3,7
censys,3,3,1,3,7
censys_test,3,3,1,3,7
certspotter,3,3,1,3,7
certspotter_2,3,3,1,3,7
chain_agent,3,3,1,3,7
CHANGELOG,1,1,1,1,9
CHANGELOG_121,1,1,1,1,9
CHANGELOG_122,1,1,1,1,9
CHANGELOG_123,1,1,1,1,9
CHANGELOG_13,1,1,1,1,9
CHANGELOG_14,1,1,1,1,9
CHANGELOG_15,1,1,1,1,9
CHANGELOG_16,1,1,1,1,9
CHANGELOG_17,1,1,1,1,9
CHANGELOG_18,1,1,1,1,9
CHANGELOG_181,1,1,1,1,9
CHANGELOG_182,1,1,1,1,9
CHANGELOG_19,1,1,1,1,9
CHANGELOG_2,1,1,1,1,9
CHANGELOG_20,1,1,1,1,9
CHANGELOG_3,1,1,1,1,9
chaos,3,3,1,3,7
chaos_2,3,3,1,3,7
chat_uploads,3,3,1,3,7
check_artifacts,5,5,3,5,5
check_artifacts_all,5,5,3,5,5
chinaz,3,3,1,3,7
chunk_eino,3,3,1,3,7
ci-cd,1,1,1,1,9
cicd-redteam,1,1,1,1,9
claims,3,3,1,3,7
CLAUDE_4,1,1,1,1,9
client_1,3,3,1,3,7
client_4,3,3,1,3,7
clitest,3,3,1,3,7
cli_1,3,3,1,3,7
cli_2,3,3,1,3,7
cli_3,3,3,1,3,7
cli_4,3,3,1,3,7
cli_5,3,3,1,3,7
cname,3,3,1,3,7
codecov,1,1,1,1,9
commoncrawl,3,3,1,3,7
common_2,5,5,3,5,5
company_enrich,3,3,1,3,7
company_rounds,3,3,1,3,7
company_search,3,3,1,3,7
compare_baseline,5,5,3,5,5
compliance,3,3,1,3,7
confidence_engine,3,3,1,3,7
config-parser,3,3,1,3,7
config-schema,1,1,1,1,9
config-schema_1,1,1,1,1,9
configtest,3,3,1,3,7
configure_mcp,3,3,1,3,7
config_1,3,3,1,3,7
config_test,3,3,1,3,7
const,3,3,1,3,7
constants_1,3,3,1,3,7
contact,3,3,1,3,7
container-api,1,1,1,1,9
content-discovery-agent,3,3,1,3,7
content_discovery,1,1,1,1,9
context_analyzer,3,3,1,3,7
contracts,3,3,1,3,7
CONTRIBUTING,1,1,1,1,9
CONTRIBUTING_5,1,1,1,1,9
cookie_prefix_bypass,3,3,1,3,7
core,5,5,3,5,5
correlation_engine,3,3,1,3,7
COVERAGE,1,1,1,1,9
COVERAGE_1,1,1,1,1,9
crawler,3,3,1,3,7
crawler-agent,3,3,1,3,7
crawlercpython-313,1,1,1,1,9
crawler_1,3,3,1,3,7
crawler_2,3,3,1,3,7
crawler_3,3,3,1,3,7
credential-tester,1,1,1,1,9
credentialed-scans,1,1,1,1,9
crlfuzz,3,3,1,3,7
crtsh_1,3,3,1,3,7
crtsh_3,3,3,1,3,7
csp_extractor,1,1,1,1,9
ctf-solver,1,1,1,1,9
curl,3,3,1,3,7
dalfox,1,1,1,1,9
dashboard_1,3,3,1,3,7
data-flow-mapper,3,3,1,3,7
database_1,3,3,1,3,7
datasources,1,1,1,1,9
DeathNote_1,1,1,1,1,9
decision_engine,3,3,1,3,7
decision_engine_1,3,3,1,3,7
dedup,3,3,1,3,7
deduplicator,3,3,1,3,7
DEPENDENCIES,1,1,1,1,9
DESIGN-FEATURES,1,1,1,1,9
detection-engineer,1,1,1,1,9
detection_engine,3,3,1,3,7
diff,3,3,1,3,7
digitalyama,3,3,1,3,7
digitorus,3,3,1,3,7
ding,3,3,1,3,7
dirbrute,3,3,1,3,7
dirbuster,3,3,1,3,7
dirbuster_2,3,3,1,3,7
directories,1,1,1,1,9
dirsearch,1,1,1,1,9
dirsearch_2,1,1,1,1,9
dirsearch_tool,3,3,1,3,7
DISCLAIMER_2,1,1,1,1,9
dispatch,3,3,1,3,7
dispatcher,3,3,1,3,7
dns,3,3,1,3,7
dns-reverse-lookup,3,3,1,3,7
dns-zone-transfer,3,3,1,3,7
dnsdb,3,3,1,3,7
dnsdumpster,3,3,1,3,7
dnsenum,3,3,1,3,7
dnsenum_tool,3,3,1,3,7
dnshistory,3,3,1,3,7
dnslog,1,1,1,1,9
dnsrecon,3,3,1,3,7
dnsrecon-subdomain-bruteforce,3,3,1,3,7
dnsrecon_tool,3,3,1,3,7
dnsrepo,3,3,1,3,7
dnsrepo_2,3,3,1,3,7
dnsx,1,1,1,1,9
dnsx_tool,3,3,1,3,7
dns_extractor,3,3,1,3,7
dns_intelligence,1,1,1,1,9
dns_pipeline,3,3,1,3,7
dns_test,3,3,1,3,7
dns_tool,3,3,1,3,7
doc,3,3,1,3,7
Dockerfile,1,1,1,1,9
Dockerfile_1,1,1,1,1,9
Dockerfile_10,1,1,1,1,9
Dockerfile_11,1,1,1,1,9
Dockerfile_2,1,1,1,1,9
Dockerfile_5,1,1,1,1,9
Dockerfile_6,1,1,1,1,9
Dockerfile_8,1,1,1,1,9
dockerhub-push,1,1,1,1,9
docs,1,1,1,1,9
docs_1,3,3,1,3,7
doctor,5,5,3,5,5
doc_1,3,3,1,3,7
doc_2,3,3,1,3,7
domainsproject,3,3,1,3,7
domain_record,3,3,1,3,7
dom_xss,3,3,1,3,7
dot,3,3,1,3,7
dot_test,3,3,1,3,7
driftnet,3,3,1,3,7
duckduckgo,3,3,1,3,7
efd01c52_findings,1,1,1,1,9
efd01c52_llm_coordinated_run,1,1,1,1,9
efd01c52_probe_runs,1,1,1,1,9
eino_tool_name_injection,3,3,1,3,7
email,3,3,1,3,7
employees,3,3,1,3,7
en-US,1,1,1,1,9
engine,3,3,1,3,7
engineapi,3,3,1,3,7
engine_1,3,3,1,3,7
enhanced-report,3,3,1,3,7
enumerate,3,3,1,3,7
enumerate_test,3,3,1,3,7
epistemic-reasoning,1,1,1,1,9
evaluator,3,3,1,3,7
EVIDENCE,1,1,1,1,9
evidence-graph,3,3,1,3,7
evidence-normalizers,3,3,1,3,7
example-blackbox-config,1,1,1,1,9
example-config,1,1,1,1,9
example-config_1,1,1,1,1,9
example-detection-rule,1,1,1,1,9
example-engagement-plan,1,1,1,1,9
example-nmap-analysis,1,1,1,1,9
example-report-excerpt,1,1,1,1,9
example_sqlmap,3,3,1,3,7
example_sqlmap_1,3,3,1,3,7
execution,3,3,1,3,7
execution-log,1,1,1,1,9
execution_view,3,3,1,3,7
executor,3,3,1,3,7
executor_helpers,3,3,1,3,7
exif_metadata,3,3,1,3,7
explanation_engine,3,3,1,3,7
exploit-chainer,1,1,1,1,9
exploit-guide,1,1,1,1,9
exploit-ssrf,1,1,1,1,9
exploit-ssrf_2,1,1,1,1,9
exporter,3,3,1,3,7
exposure_classifier,3,3,1,3,7
external-recon,1,1,1,1,9
extractor,3,3,1,3,7
false_positive_filter,3,3,1,3,7
fastapi-scaffold,3,3,1,3,7
feature_request_3,1,1,1,1,9
feroxbuster,3,3,1,3,7
ffuf,1,1,1,1,9
ffuf_2,1,1,1,1,9
ffuf_tool,3,3,1,3,7
fierce,1,1,1,1,9
fierce_tool,3,3,1,3,7
file,3,3,1,3,7
files,3,3,1,3,7
file_upload_validation,3,3,1,3,7
filter,3,3,1,3,7
filternet-bayes,1,1,1,1,9
find,3,3,1,3,7
findings_1,1,1,1,1,9
findings_db,3,3,1,3,7
findomain,3,3,1,3,7
findsubdomains,3,3,1,3,7
fingerprinting,3,3,1,3,7
fingerprints,3,3,1,3,7
fofa,3,3,1,3,7
fofa_2,3,3,1,3,7
fofa_search,1,1,1,1,9
forensics-analyst,1,1,1,1,9
fork-philosophy,1,1,1,1,9
fping_tool,3,3,1,3,7
fqdn,3,3,1,3,7
fqdn_endpoint,3,3,1,3,7
fqdn_lookup,3,3,1,3,7
fullhunt,3,3,1,3,7
full_v0,1,1,1,1,9
full_v1,1,1,1,1,9
full_v2,1,1,1,1,9
FUNDING_1,1,1,1,1,9
fuzzy,3,3,1,3,7
fuzz_wordlist,1,1,1,1,9
gau,3,3,1,3,7
gau_2,1,1,1,1,9
generator,3,3,1,3,7
generatorcpython-313,1,1,1,1,9
gexf,3,3,1,3,7
gexf_test,3,3,1,3,7
ghost-traffic,3,3,1,3,7
ghost-traffictest,3,3,1,3,7
gitbook,1,1,1,1,9
github,3,3,1,3,7
github_subdomains,3,3,1,3,7
gitlab,3,3,1,3,7
gleif,3,3,1,3,7
gleif_1,3,3,1,3,7
global,1,1,1,1,9
gobuster,1,1,1,1,9
gobuster_2,1,1,1,1,9
gobuster_tool,3,3,1,3,7
goreleaser_1,1,1,1,1,9
gospider,3,3,1,3,7
go_1,1,1,1,1,9
go_4,1,1,1,1,9
graph,3,3,1,3,7
graphdb,3,3,1,3,7
graphdb_test,3,3,1,3,7
graphql_scan,1,1,1,1,9
grepapp,3,3,1,3,7
ground-truth-validator,3,3,1,3,7
guided,3,3,1,3,7
guided_recon,3,3,1,3,7
guided_recon_1,3,3,1,3,7
guided_recon_121,3,3,1,3,7
guided_recon_122,3,3,1,3,7
guided_view,3,3,1,3,7
hackertarget_1,3,3,1,3,7
hackertarget_3,3,3,1,3,7
hakrawler,1,1,1,1,9
hakrawler_tool,3,3,1,3,7
handlers,3,3,1,3,7
headers,3,3,1,3,7
header_checker,3,3,1,3,7
hexstrike_mcp,3,3,1,3,7
hexstrike_server,3,3,1,3,7
HTB_challenge_Template,1,1,1,1,9
http,3,3,1,3,7
http-framework-test,1,1,1,1,9
httpbinorg__20260515_233823,1,1,1,1,9
httpx,1,1,1,1,9
httpx_tool,3,3,1,3,7
http_clients,3,3,1,3,7
http_headers,1,1,1,1,9
http_test,3,3,1,3,7
hudsonrock,3,3,1,3,7
hunterio,3,3,1,3,7
i18n,3,3,1,3,7
idor_sequential,3,3,1,3,7
index_10,3,3,1,3,7
index_11,3,3,1,3,7
index_6,3,3,1,3,7
index_8,3,3,1,3,7
index_pipeline_test,3,3,1,3,7
info-collect,3,3,1,3,7
infrastructure_view,3,3,1,3,7
ini,3,3,1,3,7
initialize,3,3,1,3,7
inputFiles,1,1,1,1,9
install,5,5,3,5,5
installation,1,1,1,1,9
install_1,5,5,3,5,5
install_4,5,5,3,5,5
install_planner,3,3,1,3,7
install_wizard,3,3,1,3,7
integration,3,3,1,3,7
intelligence_concepts,1,1,1,1,9
intelligence_pipeline,3,3,1,3,7
intelx,3,3,1,3,7
interactive,3,3,1,3,7
introduction,1,1,1,1,9
ipaddr,3,3,1,3,7
ipaddr_endpoint,3,3,1,3,7
ipnet,3,3,1,3,7
ipverse,3,3,1,3,7
ip_netblock,3,3,1,3,7
issue-report,1,1,1,1,9
jarm,3,3,1,3,7
jsluice_patterns,1,1,1,1,9
js_analyzer,3,3,1,3,7
juice-shop,1,1,1,1,9
katana,1,1,1,1,9
katana_2,1,1,1,1,9
katana_tool,3,3,1,3,7
kiterunner,3,3,1,3,7
kiterunner_tool,3,3,1,3,7
knowledge-base,1,1,1,1,9
knowledge_base_1,3,3,1,3,7
known_fqdn,3,3,1,3,7
kubernetes_analyzer,3,3,1,3,7
leaked_credentials,3,3,1,3,7
leakix,3,3,1,3,7
leakix_2,3,3,1,3,7
learning_mode,3,3,1,3,7
ledger,3,3,1,3,7
LegacyPentestRunner,3,3,1,3,7
lei_record,3,3,1,3,7
lfi_wordlist,1,1,1,1,9
library,3,3,1,3,7
LICENSE_14,1,1,1,1,9
LICENSE_3,1,1,1,1,9
linkedin,1,1,1,1,9
listener,3,3,1,3,7
listener_http,3,3,1,3,7
listener_websocket,3,3,1,3,7
live_capture,3,3,1,3,7
llm-analyzer,3,3,1,3,7
llm-app-redteam,1,1,1,1,9
llm-redteam,1,1,1,1,9
llm_analysis,1,1,1,1,9
load,3,3,1,3,7
local-source-generator,1,1,1,1,9
location,3,3,1,3,7
locations,3,3,1,3,7
location_1,3,3,1,3,7
log,3,3,1,3,7
logo_1,1,1,1,1,9
logs,3,3,1,3,7
main_1,3,3,1,3,7
main_10,3,3,1,3,7
main_11,3,3,1,3,7
main_17,3,3,1,3,7
main_18,3,3,1,3,7
main_2,3,3,1,3,7
main_6,3,3,1,3,7
main_9,3,3,1,3,7
main_server_tls,3,3,1,3,7
Makefile_2,1,1,1,1,9
Makefile_3,1,1,1,1,9
malicious,1,1,1,1,9
maltego,3,3,1,3,7
malware-analyst,1,1,1,1,9
manager_1,3,3,1,3,7
mapcidr,3,3,1,3,7
mapping,1,1,1,1,9
markers,3,3,1,3,7
marketplace,3,3,1,3,7
massdns,3,3,1,3,7
massdns_tool,3,3,1,3,7
match,3,3,1,3,7
mcp-management,1,1,1,1,9
mcp-stdio2,1,1,1,1,9
menu,3,3,1,3,7
merklemap,3,3,1,3,7
metasploit-agent,3,3,1,3,7
methodology_engine,3,3,1,3,7
mobile_agent,3,3,1,3,7
mock_pipelinetest,3,3,1,3,7
ModelCommand,3,3,1,3,7
models_2,3,3,1,3,7
modes,5,5,3,5,5
MODS,1,1,1,1,9
MSSQLInjection,1,1,1,1,9
naabu_tool,3,3,1,3,7
namelist,1,1,1,1,9
netblock,3,3,1,3,7
netblock_1,3,3,1,3,7
netdiscover_tool,3,3,1,3,7
netlas,3,3,1,3,7
network-recon,3,3,1,3,7
networks,3,3,1,3,7
network_discovery,1,1,1,1,9
nextjs_rsc_rce,3,3,1,3,7
next_step_predictor,3,3,1,3,7
nikto_2,1,1,1,1,9
nmap-ajp,3,3,1,3,7
nmap-cassandra,3,3,1,3,7
nmap-cups,3,3,1,3,7
nmap-dns,3,3,1,3,7
nmap-ftp,3,3,1,3,7
nmap-http,3,3,1,3,7
nmap-imap,3,3,1,3,7
nmap-ldap,3,3,1,3,7
nmap-mongodb,3,3,1,3,7
nmap-mountd,3,3,1,3,7
nmap-mssql,3,3,1,3,7
nmap-multicast-dns,3,3,1,3,7
nmap-mysql,3,3,1,3,7
nmap-nfs,3,3,1,3,7
nmap-ntp,3,3,1,3,7
nmap-oracle,3,3,1,3,7
nmap-pop3,3,3,1,3,7
nmap-rdp,3,3,1,3,7
nmap-rsync,3,3,1,3,7
nmap-smb,3,3,1,3,7
nmap-smtp,3,3,1,3,7
nmap-snmp,3,3,1,3,7
nmap-vnc,3,3,1,3,7
normalization,3,3,1,3,7
nosql_fuzz,3,3,1,3,7
notify,1,1,1,1,9
nuclei,1,1,1,1,9
nuclei-agent,3,3,1,3,7
nuclei-template-sha,1,1,1,1,9
nuclei_2,1,1,1,1,9
nuclei_tool,3,3,1,3,7
oauth_pkce_downgrade,3,3,1,3,7
ollama,3,3,1,3,7
onyphe,3,3,1,3,7
operations_center,3,3,1,3,7
opsec-anonymizer,1,1,1,1,9
options_2,3,3,1,3,7
OracleSQLInjection,1,1,1,1,9
org,3,3,1,3,7
orgs,3,3,1,3,7
org_1,3,3,1,3,7
org_lei,3,3,1,3,7
outputter,3,3,1,3,7
package-lock,1,1,1,1,9
parallel,5,5,3,5,5
parameter_discovery,1,1,1,1,9
paramspider,3,3,1,3,7
parse,3,3,1,3,7
parsers,3,3,1,3,7
parser_mixin,3,3,1,3,7
parse_test,3,3,1,3,7
passive,3,3,1,3,7
passivetotal,3,3,1,3,7
passive_recon,1,1,1,1,9
payload-crafter,1,1,1,1,9
pcap_parser,3,3,1,3,7
pentest-mcp-server,1,1,1,1,9
PentestGPT-720WebShareName,1,1,1,1,9
pentestGPT_HTB_phonebook_failed,1,1,1,1,9
pentestGPT_log_HTB_Precious,1,1,1,1,9
pentesting,3,3,1,3,7
permutations_list,1,1,1,1,9
permutations_list_short,1,1,1,1,9
phishing-operator,1,1,1,1,9
pipelines,3,3,1,3,7
pipeline_engine,3,3,1,3,7
planner,3,3,1,3,7
playbook,3,3,1,3,7
plugin,3,3,1,3,7
plugin_1,3,3,1,3,7
plugin_10,3,3,1,3,7
plugin_11,3,3,1,3,7
plugin_12,3,3,1,3,7
plugin_2,3,3,1,3,7
plugin_4,3,3,1,3,7
plugin_5,3,3,1,3,7
plugin_6,3,3,1,3,7
plugin_7,3,3,1,3,7
plugin_8,3,3,1,3,7
plugin_manager,3,3,1,3,7
portscan,3,3,1,3,7
port_prioritizer,3,3,1,3,7
PostgreSQLInjection,1,1,1,1,9
pre-recon,3,3,1,3,7
preflight,3,3,1,3,7
preflight-check,3,3,1,3,7
print,3,3,1,3,7
PRIVACY,1,1,1,1,9
probes,3,3,1,3,7
process,3,3,1,3,7
profundis,3,3,1,3,7
prompt_class_v1,3,3,1,3,7
prompt_class_v2,3,3,1,3,7
prospeo,3,3,1,3,7
protocol_detector,3,3,1,3,7
proxy_controller,3,3,1,3,7
pseudo-source-builder,3,3,1,3,7
ptt_reasoning,3,3,1,3,7
pugrecon,3,3,1,3,7
PULL_REQUEST_TEMPLATE,1,1,1,1,9
PULL_REQUEST_TEMPLATE_2,1,1,1,1,9
puredns,3,3,1,3,7
puredns_tool,3,3,1,3,7
pure_go,3,3,1,3,7
pyproject_2,1,1,1,1,9
pyproject_4,1,1,1,1,9
pyshark_engine,3,3,1,3,7
pythonorg_headers_20241216_000049,1,1,1,1,9
pythonorg_subdomains_20241215_235829,1,1,1,1,9
quake,3,3,1,3,7
quick_action_bar,3,3,1,3,7
radare2,1,1,1,1,9
ranger,3,3,1,3,7
rapiddns,3,3,1,3,7
rapiddns_2,3,3,1,3,7
ratelimit_test,3,3,1,3,7
rdap,3,3,1,3,7
README,1,1,1,1,9
README_1,1,1,1,1,9
README_16,1,1,1,1,9
README_17,1,1,1,1,9
README_18,1,1,1,1,9
README_2,1,1,1,1,9
README_20,1,1,1,1,9
README_23,1,1,1,1,9
README_24,1,1,1,1,9
README_26,1,1,1,1,9
README_27,1,1,1,1,9
README_3,1,1,1,1,9
README_36,1,1,1,1,9
README_39,1,1,1,1,9
README_4,1,1,1,1,9
README_41,1,1,1,1,9
README_42,1,1,1,1,9
README_43,1,1,1,1,9
README_44,1,1,1,1,9
README_45,1,1,1,1,9
README_47,1,1,1,1,9
README_48,1,1,1,1,9
README_49,1,1,1,1,9
README_5,1,1,1,1,9
README_51,1,1,1,1,9
README_52,1,1,1,1,9
README_53,1,1,1,1,9
README_57,1,1,1,1,9
README_58,1,1,1,1,9
README_7,1,1,1,1,9
README_8,1,1,1,1,9
README_CN_1,1,1,1,1,9
README_EN,1,1,1,1,9
realdemo,1,1,1,1,9
realdemo-paced,1,1,1,1,9
recommend,1,1,1,1,9
recommendation_engine,3,3,1,3,7
recommendation_engine_1,3,3,1,3,7
recon-advisor,1,1,1,1,9
reconeer,3,3,1,3,7
reconftw,5,5,3,5,5
reconftw_1,1,1,1,1,9
reconftw_full,1,1,1,1,9
reconftw_quick,1,1,1,1,9
reconftw_stealth,1,1,1,1,9
recon_2,1,1,1,1,9
recon_agent,3,3,1,3,7
recon_strategy,3,3,1,3,7
redhuntlabs,3,3,1,3,7
registry_1,3,3,1,3,7
registry_121,3,3,1,3,7
registry_122,3,3,1,3,7
registry_123,3,3,1,3,7
registry_181,3,3,1,3,7
registry_182,3,3,1,3,7
registry_5,3,3,1,3,7
registry_test,3,3,1,3,7
reg_records,3,3,1,3,7
related,3,3,1,3,7
relationship_graph,3,3,1,3,7
relationship_mapper,3,3,1,3,7
renderer,3,3,1,3,7
replay_engine,3,3,1,3,7
report-executive_1,1,1,1,1,9
report-executive_2,1,1,1,1,9
reporter,3,3,1,3,7
reporthtml,1,1,1,1,9
reporting-cherrytree,3,3,1,3,7
reporting-markdown,3,3,1,3,7
report_121,3,3,1,3,7
report_14,3,3,1,3,7
report_15,3,3,1,3,7
report_16,3,3,1,3,7
report_17,3,3,1,3,7
report_generator,3,3,1,3,7
report_injector_2,3,3,1,3,7
requirements,1,1,1,1,9
requirements_11,1,1,1,1,9
requirements_12,1,1,1,1,9
requirements_16,1,1,1,1,9
requirements_2,1,1,1,1,9
requirements_3,1,1,1,1,9
requirements_8,1,1,1,1,9
requirements_9,1,1,1,1,9
resilience,3,3,1,3,7
resolve,3,3,1,3,7
resolvers,3,3,1,3,7
resolvers_1,3,3,1,3,7
resolver_manager,3,3,1,3,7
resource_availability,3,3,1,3,7
responder,1,1,1,1,9
response_headers,3,3,1,3,7
RESPONSIBLE_DISCLOSURE,1,1,1,1,9
rest_api,1,1,1,1,9
reverse,3,3,1,3,7
reverse-engineer,1,1,1,1,9
riddler,3,3,1,3,7
risk_mapper,3,3,1,3,7
risk_scorer,3,3,1,3,7
risk_scoring,3,3,1,3,7
ROADMAP,1,1,1,1,9
robtext,3,3,1,3,7
rollback-beta,1,1,1,1,9
runner_1,3,3,1,3,7
runner_3,3,3,1,3,7
run_benchmarks,3,3,1,3,7
run_dvwa_engagement,3,3,1,3,7
run_dvwa_full,3,3,1,3,7
run_summary,1,1,1,1,9
run_summary_1,1,1,1,1,9
run_tests,5,5,3,5,5
save_results,3,3,1,3,7
scan4all,1,1,1,1,9
scanners,3,3,1,3,7
scanner_5,3,3,1,3,7
scan_optimizer,3,3,1,3,7
scheduler,3,3,1,3,7
schemas,3,3,1,3,7
schemas_1,3,3,1,3,7
scope_1,3,3,1,3,7
scope_test,3,3,1,3,7
SCORE,1,1,1,1,9
SCORE_1,1,1,1,1,9
SCORE_2,1,1,1,1,9
Screenshot1,1,1,1,1,9
search_2,3,3,1,3,7
secretscfg,1,1,1,1,9
SECURITY,1,1,1,1,9
security-header-analyzer,3,3,1,3,7
SecurityHeaderAnalyzer,3,3,1,3,7
securitytrails,3,3,1,3,7
securitytrails_2,3,3,1,3,7
SECURITY_2,1,1,1,1,9
security_tools,3,3,1,3,7
sensitive_detector,3,3,1,3,7
sensitive_domains,1,1,1,1,9
server_1,3,3,1,3,7
server_2,3,3,1,3,7
server_3,3,3,1,3,7
service_correlator,3,3,1,3,7
service_detection,1,1,1,1,9
service_learning,3,3,1,3,7
session,3,3,1,3,7
sessions,3,3,1,3,7
session_manager,3,3,1,3,7
settings_1,3,3,1,3,7
setup_2,7,7,5,7,3
severity_engine,3,3,1,3,7
shadow-it,3,3,1,3,7
shadow-ittest,3,3,1,3,7
shannon-action,1,1,1,1,9
SHANNON-PRO,1,1,1,1,9
shannon-report-crapi,1,1,1,1,9
shannon-report-juice-shop,1,1,1,1,9
shannon-scan,1,1,1,1,9
shannon-screen_1,1,1,1,1,9
shodan_recon_plugin,3,3,1,3,7
shuffledns,3,3,1,3,7
shuffledns_tool,3,3,1,3,7
sitedossier,3,3,1,3,7
sitedossier_2,3,3,1,3,7
SKILL_19,1,1,1,1,9
SKILL_2,1,1,1,1,9
SKILL_20,1,1,1,1,9
SKILL_22,1,1,1,1,9
SKILL_23,1,1,1,1,9
SKILL_5,1,1,1,1,9
SKILL_6,1,1,1,1,9
SKILL_8,1,1,1,1,9
smart-scan,1,1,1,1,9
smart-scan-expanded-toolset,1,1,1,1,9
smart-scan-on-search,1,1,1,1,9
solution,1,1,1,1,9
solved-challenges,1,1,1,1,9
sources,3,3,1,3,7
sources_test,3,3,1,3,7
sources_wo_auth_test,3,3,1,3,7
sources_w_auth_test,3,3,1,3,7
spa_probes,3,3,1,3,7
SPEC,1,1,1,1,9
spiderfoot,3,3,1,3,7
spotter,5,5,3,5,5
sqli_fuzz,3,3,1,3,7
sqli_login_bypass,3,3,1,3,7
SQLmap,1,1,1,1,9
sqlmap-agent,3,3,1,3,7
srv,3,3,1,3,7
ssh_manager,3,3,1,3,7
ssl,1,1,1,1,9
sslscan,3,3,1,3,7
ssl_checker,3,3,1,3,7
ssti_fuzz,3,3,1,3,7
ssti_stored,3,3,1,3,7
stage121_catalog,3,3,1,3,7
stage121_web,3,3,1,3,7
stage122_catalog,3,3,1,3,7
stage123_catalog,3,3,1,3,7
STAGE2,1,1,1,1,9
start,3,3,1,3,7
stats,3,3,1,3,7
stderr,1,1,1,1,9
stderr_1,1,1,1,1,9
stdout,1,1,1,1,9
stdout_1,1,1,1,1,9
stealth_crawler,3,3,1,3,7
stig-analyst,1,1,1,1,9
subdomain,3,3,1,3,7
subdomain-enumeration,3,3,1,3,7
subdomain-hunter-agent,3,3,1,3,7
subdomains,5,5,3,5,5
subdomainstxt,1,1,1,1,9
subdomains_1,1,1,1,1,9
subdomains_2,1,1,1,1,9
subdomains_v0,1,1,1,1,9
subdomains_v1,1,1,1,1,9
subdomains_v2,1,1,1,1,9
subfinder,3,3,1,3,7
subfinder-logo,1,1,1,1,9
subfinder-run,1,1,1,1,9
subfinder_2,1,1,1,1,9
sublist3r_tool,3,3,1,3,7
submd,3,3,1,3,7
SUBPROCESSORS,1,1,1,1,9
subs,3,3,1,3,7
suggestion_engine,3,3,1,3,7
support,3,3,1,3,7
support_test,3,3,1,3,7
surface_mapping,1,1,1,1,9
swagger,1,1,1,1,9
swarm-orchestrator,1,1,1,1,9
tag_engine,3,3,1,3,7
takeover_detector,3,3,1,3,7
target-model,3,3,1,3,7
targets,3,3,1,3,7
target_classifier,3,3,1,3,7
task-management,1,1,1,1,9
tech-fingerprinter-agent,3,3,1,3,7
tech_detection,1,1,1,1,9
templates,3,3,1,3,7
template_manager,3,3,1,3,7
TERMS,1,1,1,1,9
test-lsg-v2,1,1,1,1,9
test-suite,1,1,1,1,9
test1,1,1,1,1,9
test2,1,1,1,1,9
testssl,3,3,1,3,7
test_agents_parallel,3,3,1,3,7
test_api_security_e2e_smoke,3,3,1,3,7
test_api_server,3,3,1,3,7
test_arjun_integration,3,3,1,3,7
test_authenticated_scan_coverage,3,3,1,3,7
test_auth_profiles_smoke,3,3,1,3,7
test_auth_scan_e2e_smoke,3,3,1,3,7
test_auth_session,3,3,1,3,7
test_auth_session_bearer_flow,3,3,1,3,7
test_browser_agent_e2e_smoke,3,3,1,3,7
test_browser_crawler,3,3,1,3,7
test_cache,3,3,1,3,7
test_checkpoint,1,1,1,1,9
test_ci_mode,3,3,1,3,7
test_cli,3,3,1,3,7
test_cli_auth_coverage,3,3,1,3,7
test_common,1,1,1,1,9
test_core,3,3,1,3,7
test_csrf_auth_e2e_smoke,3,3,1,3,7
test_dashboard,3,3,1,3,7
test_dedup,3,3,1,3,7
test_dns_resolver_auto,1,1,1,1,9
test_e2e_probes,3,3,1,3,7
test_engagement_lifecycle_e2e,3,3,1,3,7
test_evidence,3,3,1,3,7
test_evidence_contract,3,3,1,3,7
test_exports,1,1,1,1,9
test_export_cli,1,1,1,1,9
test_full_flow,1,1,1,1,9
test_full_workflow,3,3,1,3,7
test_handler_meta,3,3,1,3,7
test_hitl_coverage,3,3,1,3,7
test_install_preferences,3,3,1,3,7
test_integration_dvwa,3,3,1,3,7
test_juiceshop_e2e_smoke,3,3,1,3,7
test_list_targets,1,1,1,1,9
test_llm_redteam,3,3,1,3,7
test_mcp_auth_profile,3,3,1,3,7
test_mcp_honeypot_e2e,3,3,1,3,7
test_mcp_security_tools,3,3,1,3,7
test_mcp_server_coverage,3,3,1,3,7
test_misc_coverage,3,3,1,3,7
test_mobile_agent_e2e_smoke,3,3,1,3,7
test_monitor,1,1,1,1,9
test_monitor_mode,1,1,1,1,9
test_new_tool_integrations,1,1,1,1,9
test_observation_normalization,3,3,1,3,7
test_os_execution,3,3,1,3,7
test_parallel,1,1,1,1,9
test_payload_library,3,3,1,3,7
test_perf_profile,1,1,1,1,9
test_phase6,1,1,1,1,9
test_primitives_evidence_capture,3,3,1,3,7
test_probe_asset_secrets,3,3,1,3,7
test_probe_business_logic_fuzz,3,3,1,3,7
test_probe_captcha_replay,3,3,1,3,7
test_probe_crawler,3,3,1,3,7
test_probe_exif_metadata,3,3,1,3,7
test_probe_leaked_credentials,3,3,1,3,7
test_probe_nosql_fuzz,3,3,1,3,7
test_probe_oauth_pkce_downgrade,3,3,1,3,7
test_probe_response_headers,3,3,1,3,7
test_probe_sqli_fuzz,3,3,1,3,7
test_probe_ssti_fuzz,3,3,1,3,7
test_probe_ssti_polyglot,3,3,1,3,7
test_probe_xss_fuzz,3,3,1,3,7
test_registry_coverage,3,3,1,3,7
test_registry_extended,3,3,1,3,7
test_reporting,1,1,1,1,9
test_report_only,1,1,1,1,9
test_resolvers_external,3,3,1,3,7
test_resolvers_hardening,1,1,1,1,9
test_sanitize,1,1,1,1,9
test_scanners,3,3,1,3,7
test_severity_calibration,3,3,1,3,7
test_shell_syntax,1,1,1,1,9
test_smoke,1,1,1,1,9
test_stage121_integration,3,3,1,3,7
test_stage122_integration,3,3,1,3,7
test_stage123_integration,3,3,1,3,7
test_stage13_orchestration,3,3,1,3,7
test_stage14_tui,3,3,1,3,7
test_stage15_plugins,3,3,1,3,7
test_stage181_burp,3,3,1,3,7
test_stage182_traffic,3,3,1,3,7
test_stage19_plugins,3,3,1,3,7
test_stage2,3,3,1,3,7
test_stage20_services,3,3,1,3,7
test_stealth_crawler,3,3,1,3,7
test_subdomains_asn,1,1,1,1,9
test_subdomains_filtering,1,1,1,1,9
test_sub_tls_no_match,1,1,1,1,9
test_terminal_output_modes,1,1,1,1,9
test_tool_bridge,3,3,1,3,7
test_tool_bridge_e2e,3,3,1,3,7
test_tool_installer,3,3,1,3,7
test_tool_installer_coverage,3,3,1,3,7
test_tool_installer_extended,3,3,1,3,7
test_tool_result_persistence,3,3,1,3,7
test_ui_snapshots,1,1,1,1,9
test_utils,1,1,1,1,9
test_validation,1,1,1,1,9
test_vps_count_cli,1,1,1,1,9
test_webprobe_full_formats,1,1,1,1,9
test_web_agent_crawl_inject,3,3,1,3,7
THANKS,1,1,1,1,9
thc,3,3,1,3,7
theharvester,3,3,1,3,7
threat-modeler,1,1,1,1,9
threatbook,3,3,1,3,7
threatcrowd,3,3,1,3,7
threatcrowd_2,3,3,1,3,7
threatminer,3,3,1,3,7
throttle,3,3,1,3,7
TIER2-EXECUTION,1,1,1,1,9
TIMELINE,1,1,1,1,9
tlsx,3,3,1,3,7
tls_cert,3,3,1,3,7
tls_cert_1,3,3,1,3,7
tls_fingerprint,3,3,1,3,7
tool-checker,3,3,1,3,7
tool-responses,3,3,1,3,7
tool-runner,3,3,1,3,7
tools,3,3,1,3,7
tool_bridge,3,3,1,3,7
tool_browser,3,3,1,3,7
tool_chains,3,3,1,3,7
tool_health,3,3,1,3,7
tool_installer,3,3,1,3,7
tool_lessons,3,3,1,3,7
tool_registry,3,3,1,3,7
tool_result,3,3,1,3,7
tool_schemas,3,3,1,3,7
tool_versions,1,1,1,1,9
traffic_commands,3,3,1,3,7
traffic_view,3,3,1,3,7
train-archnet,1,1,1,1,9
training-data-2025-12-24T03-29-17-267Z,1,1,1,1,9
training-data-2025-12-24T03-31-48-760Z,1,1,1,1,9
training-data-2025-12-24T04-13-25-236Z,1,1,1,1,9
training-data-2025-12-24T04-32-35-147Z,1,1,1,1,9
training-data-2025-12-24T04-43-48-405Z,1,1,1,1,9
transform,3,3,1,3,7
transform_test,3,3,1,3,7
transparentbanner,1,1,1,1,9
triage,1,1,1,1,9
triage-results,1,1,1,1,9
triage-rubric,1,1,1,1,9
triage-summary,1,1,1,1,9
triage_sample,3,3,1,3,7
tshark,1,1,1,1,9
tshark_engine,3,3,1,3,7
txt,3,3,1,3,7
txt_1,3,3,1,3,7
type,3,3,1,3,7
types_1,3,3,1,3,7
types_2,3,3,1,3,7
types_6,3,3,1,3,7
types_9,3,3,1,3,7
unauthed-findings,1,1,1,1,9
unauthed-findings_1,1,1,1,1,9
url,3,3,1,3,7
urlscan_2,3,3,1,3,7
uv_1,1,1,1,1,9
validate_2,3,3,1,3,7
validator,3,3,1,3,7
vars,3,3,1,3,7
vault,3,3,1,3,7
version,3,3,1,3,7
viewport,1,1,1,1,9
virtual-host-enumeration,3,3,1,3,7
virustotal,3,3,1,3,7
virustotal_1,3,3,1,3,7
virustotal_3,3,3,1,3,7
viz,3,3,1,3,7
vuln-hypothesizer,1,1,1,1,9
vuln-scanner,1,1,1,1,9
vuln-ssrf,1,1,1,1,9
vuln-ssrf_2,1,1,1,1,9
vulnerability_concepts,1,1,1,1,9
vuln_analysis,1,1,1,1,9
waybackarchive,3,3,1,3,7
waybackurls_2,1,1,1,1,9
wayback_1,3,3,1,3,7
waymore,3,3,1,3,7
web,5,5,3,5,5
web-app-quick,1,1,1,1,9
web-hunter,1,1,1,1,9
webhook-reporter,3,3,1,3,7
webshell-management,1,1,1,1,9
websocket,3,3,1,3,7
web_agent,3,3,1,3,7
web_assets,1,1,1,1,9
web_cache_deception,3,3,1,3,7
web_enum,3,3,1,3,7
web_pipeline,3,3,1,3,7
web_recon,1,1,1,1,9
whoisxmlapi,3,3,1,3,7
whois_lookup,3,3,1,3,7
wildcard_detector,3,3,1,3,7
windvane,3,3,1,3,7
wireless-pentester,1,1,1,1,9
workflow_builder,3,3,1,3,7
workflow_definitions,3,3,1,3,7
workflow_planner,3,3,1,3,7
workflow_player,3,3,1,3,7
workflow_recorder,3,3,1,3,7
workflow_templates,3,3,1,3,7
workspaces_1,3,3,1,3,7
world-model,1,1,1,1,9
WorldModel,3,3,1,3,7
WorldModeltest,3,3,1,3,7
xbow-performance-comparison,1,1,1,1,9
xss,1,1,1,1,9
xss-validator-agent,3,3,1,3,7
xss_fuzz,3,3,1,3,7
xss_scan,1,1,1,1,9
zetalytics,3,3,1,3,7
zoomeyeapi,3,3,1,3,7
zoomeye_search,1,1,1,1,9
_11,1,1,1,1,9
_12,1,1,1,1,9
_15,1,1,1,1,9
_scope-guard,1,1,1,1,9
__init___105,3,3,1,3,7
__init___106,3,3,1,3,7
__init___107,3,3,1,3,7
__init___117,3,3,1,3,7
__init___121,3,3,1,3,7
__init___122,3,3,1,3,7
__init___129,3,3,1,3,7
__init___135,3,3,1,3,7
__init___148,3,3,1,3,7
__init___149,3,3,1,3,7
__init___156,3,3,1,3,7
__init___218,3,3,1,3,7
__init___30,3,3,1,3,7
__init___33,3,3,1,3,7
__init___35,3,3,1,3,7
__init___36,3,3,1,3,7
__init___37,3,3,1,3,7
__init___54,3,3,1,3,7
__main___1,3,3,1,3,7
vuln-authz_1,1,1,1,1,9
vuln-auth_1,1,1,1,1,9
vuln-injection_1,1,1,1,1,9
exploit,3,3,1,3,7
exploit-injection_2,1,1,1,1,9
vulns,5,5,3,5,5
vuln_correlator,3,3,1,3,7
vuln_pipeline,3,3,1,3,7
vuln_scanner_agent,3,3,1,3,7
API,1,1,1,1,9
INSTALL,1,1,1,1,9
sqlmap,1,1,1,1,9
summary,1,1,1,1,9
