Plugin,ExecutionResult
404starlinklogo,ERROR
agent-management,ERROR
agents-for,ERROR
ai_analysis,ERROR
alterations,ERROR
announcements,ERROR
aup,ERROR
auth_profiles,ERROR
aws,ERROR
aws_recon,ERROR
aws_sm,ERROR
azure,ERROR
azure_recon,ERROR
banner_2,ERROR
benchmark_runner,ERROR
bizlogic-hunter,ERROR
bucket_correlator,ERROR
bug_report,ERROR
ccr-config-template,ERROR
chat,ERROR
chatgpt_config_curl,ERROR
chatgpt_key,ERROR
checkov,ERROR
ci_1,ERROR
ci_cd_cloud,ERROR
ci_cd_cloud_mapper,ERROR
claude-executor,ERROR
claude_2,ERROR
claude_3,ERROR
clear,ERROR
cli,ERROR
cloud-security,ERROR
cloudfront_mapper,ERROR
cloudmapper,ERROR
cloud_agent,ERROR
cloud_attack_surface,ERROR
cloud_enum,ERROR
cloud_fingerprint,ERROR
cloud_models,ERROR
cloud_pipeline,ERROR
cloud_storage,ERROR
conftest_2,ERROR
container-breakout,ERROR
customization,ERROR
cyberstrikeaitab,ERROR
dec-2025,ERROR
demo,ERROR
demo_1,ERROR
dependabot_3,ERROR
devcontainer,ERROR
disclaimer,ERROR
docker,ERROR
docker-compose,ERROR
docker-compose_1,ERROR
docker-compose_2,ERROR
docker-compose_3,ERROR
dockerfile_4,ERROR
dockerfile_7,ERROR
dockerfile_9,ERROR
docker_2,ERROR
docker_manager,ERROR
docker_nightly,ERROR
docker_registry_analyzer,ERROR
domains,ERROR
embedder,ERROR
engagement-planner,ERROR
entrypoint,ERROR
env,ERROR
env_3,ERROR
example-stig-finding,ERROR
executor_test,ERROR
exploit-auth,ERROR
exploit-authz,ERROR
exploit-authz_2,ERROR
exploit-auth_2,ERROR
exploit-injection,ERROR
exploit-xss,ERROR
exploit-xss_2,ERROR
export_menu,ERROR
factory,ERROR
fill-legal,ERROR
fingerprinter,ERROR
fingerprintertest,ERROR
fix-workspace-permissions,ERROR
gcp,ERROR
gcp_recon,ERROR
github-banner,ERROR
gitleaks,ERROR
go_2,ERROR
graphw00f,ERROR
hexstrike-logo,ERROR
home,ERROR
index_5,ERROR
javascript,ERROR
js-harvester-agent,ERROR
kube-bench,ERROR
kube-hunter,ERROR
kubernetes,ERROR
launch-config,ERROR
leaksapi-banner,ERROR
leaksapi-logo,ERROR
license_5,ERROR
litellm_provider,ERROR
logo_3,ERROR
main_13,ERROR
main_menu,ERROR
makefile,ERROR
mindmap_obsidian,ERROR
misconfig-detector,ERROR
misconfigtest,ERROR
mobile-pentester,ERROR
mode,ERROR
orchestrator,ERROR
outputs,ERROR
package_3,ERROR
pacu,ERROR
pentestgpt_executor,ERROR
pentestgpt_hackable2,ERROR
plugins,ERROR
pnpm-lock,ERROR
poc-validator,ERROR
pre-recon-code,ERROR
privesc-advisor,ERROR
privesc_agent,ERROR
prowler,ERROR
pyproject_3,ERROR
quick-start,ERROR
readme_21,ERROR
readme_22,ERROR
readme_28,ERROR
readme_29,ERROR
readme_30,ERROR
reconcloud,ERROR
reconx,ERROR
release-beta,ERROR
release_1,ERROR
requirements_7,ERROR
resolver,ERROR
results,ERROR
role-management,ERROR
rollback,ERROR
rsecloud,ERROR
s3scanner,ERROR
s3_scanner,ERROR
sarif,ERROR
scan_pipeline,ERROR
scan_running,ERROR
scout-suite,ERROR
screenshot2,ERROR
screenshot3,ERROR
screenshot4,ERROR
secret-scanner-agent,ERROR
secure_credential,ERROR
security,ERROR
security_3,ERROR
selection_agent,ERROR
server_mcp_pentest_18,ERROR
service_analyzer,ERROR
service_correlator_1,ERROR
settings_2,ERROR
setup,ERROR
setup_1,ERROR
shannon-banner,ERROR
shannon-pro_1,ERROR
shannon-report-capital-api,ERROR
shannon-screen,ERROR
shodan,ERROR
six2dez_reconftw-stars-history,ERROR
skill_1,ERROR
skill_14,ERROR
skill_16,ERROR
skill_17,ERROR
skill_4,ERROR
social-engineer,ERROR
sponsor-wechat-alipay-qr,ERROR
ssrf_cloud_metadata,ERROR
ssrf_payloads,ERROR
stop,ERROR
tch,ERROR
tcp_beacon_server,ERROR
teardown,ERROR
techdetect,ERROR
terraform-reconftw,ERROR
test_ad_agent_e2e_smoke,ERROR
test_agents,ERROR
test_benchmark_cli,ERROR
test_chain_context_discriminator,ERROR
test_cli_menu,ERROR
test_cloud_agent_e2e_smoke,ERROR
test_container_health,ERROR
test_docker_build,ERROR
test_flag_detection,ERROR
test_litellm_provider,ERROR
test_misc_coverage_2,ERROR
test_probe_ssrf_cloud_metadata,ERROR
test_providers_and_small_agents,ERROR
test_selection_agent,ERROR
trufflehog,ERROR
type_confusion,ERROR
uninstall,ERROR
usage,ERROR
usage_input,ERROR
usage_output,ERROR
usage_server1,ERROR
usage_server2,ERROR
variables,ERROR
vectordb,ERROR
vuln-auth,ERROR
vuln-authz,ERROR
vuln-authz_2,ERROR
vuln-auth_2,ERROR
vuln-injection,ERROR
vuln-injection_2,ERROR
vuln-xss,ERROR
vuln-xss_2,ERROR
vulnerability-management,ERROR
waf-detector-agent,ERROR
wafw00f,ERROR
web-console,ERROR
wechat-group-cyberstrikeai-qr,ERROR
workflow_center,ERROR
workspaces,ERROR
zh-cn,ERROR
_10,ERROR
__init___119,ERROR
__init___26,ERROR
__init___78,ERROR
auth_1,ERROR
backfill-arch-data,ERROR
conftest_1,ERROR
contacts,ERROR
cookies,ERROR
credential_tester_agent,ERROR
crtsh,ERROR
email-osint-agent,ERROR
environment,ERROR
holehe,ERROR
intel-collection,ERROR
metadata,ERROR
osint,ERROR
osint-collector,ERROR
parsers_1,ERROR
phoneinfoga,ERROR
privacy_detect,ERROR
sdk,ERROR
smtp-user-enum,ERROR
social_engineer_agent,ERROR
splash-screen,ERROR
test_osint_domain_info_msftrecon,ERROR
test_probe_password_reset_weak,ERROR
validation,ERROR
vulnscan,ERROR
whois_tool,ERROR
_safety,ERROR
__init___125,ERROR
__init___128,ERROR
2dd29513_findings,ERROR
2dd29513_run_b_safe,ERROR
acquifinder,ERROR
active,ERROR
active-crawl,ERROR
active_recon,ERROR
active_scanning,ERROR
active_test,ERROR
activities,ERROR
activity-logger,ERROR
activity-logger_1,ERROR
activity_feed,ERROR
ad-attacker,ERROR
adapter,ERROR
addr,ERROR
ad_agent,ERROR
agent,ERROR
agent-execution,ERROR
agents,ERROR
agents_1,ERROR
agent_1,ERROR
agent_3,ERROR
agent_loop,ERROR
agent_runner,ERROR
agent_test,ERROR
agent_trace,ERROR
agent_trace_test,ERROR
alerts,ERROR
alerts_1,ERROR
alienvault,ERROR
alterx,ERROR
amass,ERROR
amass_2,ERROR
analyze_repos,ERROR
anomaly_detector,ERROR
anomaly_engine,ERROR
anthropic,ERROR
anthropic_agent,ERROR
anthropic_official,ERROR
anubis,ERROR
apex,ERROR
api,ERROR
api-discoverer-agent,ERROR
api-discovery,ERROR
api-discoverytest,ERROR
api-docs,ERROR
api-schema-analyzer,ERROR
api-security,ERROR
apitest,ERROR
api_attack_surface,ERROR
api_authentication,ERROR
api_fingerprint,ERROR
api_models,ERROR
api_path_discovery,ERROR
api_pipeline,ERROR
api_security_agent,ERROR
api_surface_mapper,ERROR
app,ERROR
apply_triage_labels,ERROR
app_2,ERROR
app_3,ERROR
app_config,ERROR
aquatone,ERROR
arbiter,ERROR
architect-infer-agent,ERROR
architecture,ERROR
architecture_1,ERROR
architecture_2,ERROR
arjun_tool,ERROR
artifact-manifest,ERROR
asn,ERROR
asncache,ERROR
asnmap,ERROR
asn_intel,ERROR
assetfinder,ERROR
assets,ERROR
assets_test,ERROR
asset_classifier,ERROR
asset_decode,ERROR
asset_secrets_scan,ERROR
assoc,ERROR
asvs-mapper,ERROR
async_prompt,ERROR
attach,ERROR
attach_test,ERROR
attack-chain,ERROR
attack-planner,ERROR
attack-surface-enumeration,ERROR
attackchain,ERROR
attack_surface_mapper,ERROR
attack_surface_mapping,ERROR
audit,ERROR
audit-logger,ERROR
audit-session,ERROR
audit_1,ERROR
aup_consent,ERROR
auth,ERROR
auth-flow-analyzer,ERROR
authed-findings,ERROR
authed-stderr,ERROR
authenticated_scan,ERROR
auth_2,ERROR
auth_analyzer,ERROR
auth_cache,ERROR
auth_handler,ERROR
auth_manager,ERROR
auth_session,ERROR
autnum,ERROR
autsys,ERROR
autsys_1,ERROR
axiom,ERROR
backend,ERROR
backlog,ERROR
backlog_1,ERROR
backlog_test,ERROR
banner,ERROR
banners,ERROR
banner_3,ERROR
banner_analyzer,ERROR
banner_url,ERROR
base,ERROR
base-agent,ERROR
base_1,ERROR
base_3,ERROR
base_5,ERROR
base_tool,ERROR
basic_scan,ERROR
batch_task,ERROR
batch_task_manager,ERROR
batch_task_mcp,ERROR
beacongo,ERROR
beacon_host,ERROR
benchmark_juice_shop,ERROR
bevigil,ERROR
bigbountyrecon,ERROR
billing-detection,ERROR
binaryedge,ERROR
bing,ERROR
blackbox-config-agent,ERROR
blackbox-context,ERROR
blacklist_test,ERROR
bloodhound,ERROR
book,ERROR
browser-crawler-agent,ERROR
browser_agent,ERROR
brute,ERROR
bruteforce-ftp,ERROR
bruteforce-http,ERROR
bruteforce-rdp,ERROR
bruteforce-smb,ERROR
bruteforce-ssh,ERROR
brute_test,ERROR
bucket_exposure_engine,ERROR
bufferover,ERROR
bufferoverrun,ERROR
bug,ERROR
bug-bounty,ERROR
bug_2,ERROR
bug_report_2,ERROR
bug_report_3,ERROR
build,ERROR
build-mvn,ERROR
build-test,ERROR
builder,ERROR
builtin-tools,ERROR
builtwith,ERROR
burpextender,ERROR
burpextender1,ERROR
burp_client,ERROR
burp_commands,ERROR
burp_suite,ERROR
business-logic-agent,ERROR
business_logic_fuzz,ERROR
c1ae665a_findings,ERROR
c1ae665a_run_a_default,ERROR
c2-operator,ERROR
c2_1,ERROR
c2_hitl_bridge,ERROR
c2_lifecycle,ERROR
c2_tools,ERROR
c99,ERROR
capability_map,ERROR
captcha_replay,ERROR
categories,ERROR
censys,ERROR
censys_test,ERROR
certspotter,ERROR
certspotter_2,ERROR
cgo_specific,ERROR
chain,ERROR
chain_agent,ERROR
changelog,ERROR
changelog_121,ERROR
changelog_122,ERROR
changelog_123,ERROR
changelog_13,ERROR
changelog_14,ERROR
changelog_15,ERROR
changelog_16,ERROR
changelog_17,ERROR
changelog_18,ERROR
changelog_181,ERROR
changelog_182,ERROR
changelog_19,ERROR
changelog_2,ERROR
changelog_20,ERROR
changelog_3,ERROR
chaos,ERROR
chaos_2,ERROR
chat-files,ERROR
chatgpt,ERROR
chatgpt_api,ERROR
chatgpt_config_sample,ERROR
chat_config,ERROR
chat_uploads,ERROR
check-env,ERROR
checkpoint,ERROR
checkpoint-manager,ERROR
check_artifacts,ERROR
check_artifacts_all,ERROR
chinaz,ERROR
chunk_eino,ERROR
ci-cd,ERROR
cicd-redteam,ERROR
citations,ERROR
claims,ERROR
clair,ERROR
claude,ERROR
claude_4,ERROR
claude_bridge,ERROR
claude_reasoning_roundtrip,ERROR
claude_reasoning_roundtrip_test,ERROR
cleanup-rollback,ERROR
client,ERROR
client_1,ERROR
client_2,ERROR
client_4,ERROR
client_sdk,ERROR
clitest,ERROR
cli_1,ERROR
cli_2,ERROR
cli_3,ERROR
cli_4,ERROR
cli_5,ERROR
cmdi-agent,ERROR
cname,ERROR
codeclimate,ERROR
codecov,ERROR
codeql,ERROR
codeql-analysis,ERROR
code_of_conduct,ERROR
common,ERROR
commoncrawl,ERROR
common_2,ERROR
company_enrich,ERROR
company_rounds,ERROR
company_search,ERROR
compare_baseline,ERROR
compliance,ERROR
confidence_engine,ERROR
config,ERROR
config-loader,ERROR
config-parser,ERROR
config-schema,ERROR
config-schema_1,ERROR
configtest,ERROR
configure_mcp,ERROR
config_1,ERROR
config_2,ERROR
config_3,ERROR
config_4,ERROR
config_5,ERROR
config_6,ERROR
config_test,ERROR
conftest,ERROR
const,ERROR
constants,ERROR
constants_1,ERROR
contact,ERROR
container-api,ERROR
content,ERROR
content-discovery-agent,ERROR
content_discovery,ERROR
content_fingerprint,ERROR
context_analyzer,ERROR
contracts,ERROR
contributing,ERROR
contributing_2,ERROR
contributing_3,ERROR
contributing_4,ERROR
contributing_5,ERROR
controller,ERROR
conversation,ERROR
conversation_manager,ERROR
cookie_prefix_bypass,ERROR
core,ERROR
corpus,ERROR
correlation_engine,ERROR
cors-probe-agent,ERROR
cors_reflection,ERROR
cortex,ERROR
cost,ERROR
coupon_forging,ERROR
coverage,ERROR
coverage_1,ERROR
crawler,ERROR
crawler-agent,ERROR
crawlercpython-313,ERROR
crawler_1,ERROR
crawler_2,ERROR
crawler_3,ERROR
createdfiles,ERROR
credential-tester,ERROR
credentialed-scans,ERROR
credential_detector,ERROR
crlfuzz,ERROR
crtsh_1,ERROR
crtsh_3,ERROR
csp_extractor,ERROR
ctf,ERROR
ctf-solver,ERROR
curl,ERROR
curl-known-security,ERROR
curl-robots,ERROR
cve_db,ERROR
cve_poc_primitives,ERROR
cvss-calculator,ERROR
cyberstrikeai-burp-extension-100,ERROR
cyberstrikeaiclient,ERROR
cyberstrikeaiclient1,ERROR
cyberstrikeaiclientagentmode,ERROR
cyberstrikeaiclientconfig,ERROR
cyberstrikeaiclientstreamlistener,ERROR
cyberstrikeaitab1,ERROR
cyberstrikeaitabdoticon,ERROR
cyberstrikeaitabtestrun,ERROR
cyberstrikeaitabtestruncellrenderer,ERROR
dalfox,ERROR
dark-matter,ERROR
dark-mattertest,ERROR
dashboard,ERROR
dashboard_1,ERROR
dashboard_2,ERROR
data-flow-mapper,ERROR
data-privacy,ERROR
database_1,ERROR
datasources,ERROR
datasrcs,ERROR
datasrcs_test,ERROR
deathnote_1,ERROR
debug,ERROR
debug-world-model,ERROR
decision,ERROR
decision_engine,ERROR
decision_engine_1,ERROR
dedup,ERROR
deduplicator,ERROR
deepseek,ERROR
deepseek_api,ERROR
deepsource,ERROR
default,ERROR
default_1,ERROR
default_single_system_prompt,ERROR
dep-auto-merge,ERROR
dependabot_2,ERROR
dependencies,ERROR
dependency_graph,ERROR
deployment,ERROR
deserialization,ERROR
design-features,ERROR
detection-engineer,ERROR
detection_engine,ERROR
detector,ERROR
development,ERROR
diff,ERROR
digitalyama,ERROR
digitorus,ERROR
ding,ERROR
dirbrute,ERROR
dirbuster,ERROR
dirbuster_2,ERROR
directories,ERROR
dirsearch,ERROR
dirsearch_2,ERROR
dirsearch_tool,ERROR
disclaimer_2,ERROR
dispatch,ERROR
dispatcher,ERROR
dns,ERROR
dns-reverse-lookup,ERROR
dns-zone-transfer,ERROR
dnsdb,ERROR
dnsdumpster,ERROR
dnsenum,ERROR
dnsenum_tool,ERROR
dnshistory,ERROR
dnslog,ERROR
dnsrecon,ERROR
dnsrecon-subdomain-bruteforce,ERROR
dnsrecon_tool,ERROR
dnsrepo,ERROR
dnsrepo_2,ERROR
dnsx,ERROR
dnsx_tool,ERROR
dns_extractor,ERROR
dns_intelligence,ERROR
dns_pipeline,ERROR
dns_test,ERROR
dns_tool,ERROR
doc,ERROR
dockerfile,ERROR
dockerfile_1,ERROR
dockerfile_10,ERROR
dockerfile_11,ERROR
dockerfile_2,ERROR
dockerfile_5,ERROR
dockerfile_6,ERROR
dockerfile_8,ERROR
dockerhub-push,ERROR
docs,ERROR
docs_1,ERROR
doctor,ERROR
documentation-agent,ERROR
doc_1,ERROR
doc_2,ERROR
doc_3,ERROR
domain-profiler,ERROR
domainsproject,ERROR
domain_record,ERROR
dom_xss,ERROR
dot,ERROR
dotdotpwn,ERROR
dot_test,ERROR
dpa,ERROR
driftnet,ERROR
duckduckgo,ERROR
efd01c52_findings,ERROR
efd01c52_llm_coordinated_run,ERROR
efd01c52_probe_runs,ERROR
eino,ERROR
eino_checkpoint,ERROR
eino_execute_monitor,ERROR
eino_execute_streaming_wrap,ERROR
eino_exit_fallback_test,ERROR
eino_filesystem_tool_monitor,ERROR
eino_input_telemetry,ERROR
eino_meta,ERROR
eino_middleware,ERROR
eino_middleware_test,ERROR
eino_model_facing_trace,ERROR
eino_model_rewrite_pipeline,ERROR
eino_orchestration,ERROR
eino_resume_segment,ERROR
eino_retrieve_chain_test,ERROR
eino_single_agent,ERROR
eino_single_runner,ERROR
eino_skills,ERROR
eino_sse_sanitizer,ERROR
eino_sse_sanitizer_test,ERROR
eino_summarize,ERROR
eino_summarize_test,ERROR
eino_test,ERROR
eino_tool_name_injection,ERROR
eino_transient_retry,ERROR
eino_transient_retry_test,ERROR
email,ERROR
embedding,ERROR
employees,ERROR
en-us,ERROR
endpoint_classifier,ERROR
engagement-planning,ERROR
engine,ERROR
engineapi,ERROR
engineapi_test,ERROR
engine_1,ERROR
enhanced-report,ERROR
entrypoint_1,ERROR
enum4linux,ERROR
enumerate,ERROR
enumerate_test,ERROR
envexpand,ERROR
envexpand_test,ERROR
env_1,ERROR
env_2,ERROR
env_4,ERROR
epistemic-reasoning,ERROR
eqbsl-primer,ERROR
error,ERROR
error-formatter,ERROR
error-handling,ERROR
errorpatternanalyzertest,ERROR
errors,ERROR
eslintconfig,ERROR
evaluator,ERROR
events,ERROR
events_1,ERROR
evidence,ERROR
evidence-graph,ERROR
evidence-normalizers,ERROR
evidencecommand,ERROR
example-blackbox-config,ERROR
example-config,ERROR
example-config_1,ERROR
example-detection-rule,ERROR
example-engagement-plan,ERROR
example-nmap-analysis,ERROR
example-report-excerpt,ERROR
example_sqlmap,ERROR
example_sqlmap_1,ERROR
execute-python-script,ERROR
execution,ERROR
execution-log,ERROR
execution-runner,ERROR
execution_view,ERROR
executor,ERROR
executor_2,ERROR
executor_helpers,ERROR
exif_metadata,ERROR
explanation_engine,ERROR
exporter,ERROR
exposure_classifier,ERROR
exposure_prioritizer,ERROR
express-scaffold,ERROR
external-recon,ERROR
external_manager,ERROR
external_manager_test,ERROR
external_mcp,ERROR
external_mcp_test,ERROR
extractor,ERROR
extract_cookie,ERROR
eyewitness,ERROR
facebook,ERROR
falco,ERROR
false_positive_filter,ERROR
fastapi-scaffold,ERROR
feature,ERROR
feature-collector,ERROR
feature_2,ERROR
feature_request,ERROR
feature_request_3,ERROR
feroxbuster,ERROR
ffuf,ERROR
ffuf_2,ERROR
ffuf_tool,ERROR
fierce,ERROR
fierce_tool,ERROR
file,ERROR
file-io,ERROR
file-operations,ERROR
files,ERROR
file_upload_validation,ERROR
filter,ERROR
filternet-bayes,ERROR
find,ERROR
findings_1,ERROR
findings_db,ERROR
findomain,ERROR
findsubdomains,ERROR
fingerprinting,ERROR
fingerprints,ERROR
fingerprint_correlator,ERROR
fofa,ERROR
fofa_2,ERROR
fofa_search,ERROR
forced_error,ERROR
forensics-analyst,ERROR
fork-philosophy,ERROR
formatting,ERROR
fping_tool,ERROR
fqdn,ERROR
fqdn_endpoint,ERROR
fqdn_lookup,ERROR
frontend-i18n,ERROR
frontmatter,ERROR
fullhunt,ERROR
full_v0,ERROR
full_v1,ERROR
full_v2,ERROR
functional,ERROR
funding_1,ERROR
fuzzy,ERROR
fuzz_wordlist,ERROR
gau,ERROR
gau_2,ERROR
gemini,ERROR
gemini_api,ERROR
generate-totp,ERROR
generator,ERROR
generatorcpython-313,ERROR
get-arch,ERROR
getting-started,ERROR
gexf,ERROR
gexf_test,ERROR
ghost-traffic,ERROR
ghost-traffictest,ERROR
git-manager,ERROR
gitbook,ERROR
github,ERROR
github_subdomains,ERROR
gitlab,ERROR
gleif,ERROR
gleif_1,ERROR
glob,ERROR
global,ERROR
gobuster,ERROR
gobuster_2,ERROR
gobuster_tool,ERROR
goreleaser,ERROR
goreleaser_1,ERROR
gospider,ERROR
gosum,ERROR
go_1,ERROR
go_4,ERROR
gpt4all_api,ERROR
graph,ERROR
graphdb,ERROR
graphdb_test,ERROR
graphql,ERROR
graphql-scanner,ERROR
graphql_introspection,ERROR
graphql_scan,ERROR
graphql_tool,ERROR
grepapp,ERROR
ground-truth-agent,ERROR
ground-truth-validator,ERROR
group,ERROR
guided,ERROR
guided_recon,ERROR
guided_recon_1,ERROR
guided_recon_121,ERROR
guided_recon_122,ERROR
guided_view,ERROR
hackertarget,ERROR
hackertarget_1,ERROR
hackertarget_3,ERROR
hakrawler,ERROR
hakrawler_tool,ERROR
handlers,ERROR
harness,ERROR
hashpump,ERROR
headers,ERROR
headers_inject,ERROR
header_checker,ERROR
health-monitor,ERROR
hexstrike-ai-mcp,ERROR
hexstrike_mcp,ERROR
hexstrike_server,ERROR
hidden_discovery,ERROR
hitl,ERROR
hitl_context,ERROR
hitl_middleware,ERROR
holder,ERROR
host_header_reset_poisoning,ERROR
htb_challenge_template,ERROR
http,ERROR
http-framework-test,ERROR
httpbinorg__20260515_233823,ERROR
httpmessageformatter,ERROR
httpmethodanalyzertest,ERROR
httpx,ERROR
httpx_tool,ERROR
http_clients,ERROR
http_extractor,ERROR
http_headers,ERROR
http_test,ERROR
hudsonrock,ERROR
hunterio,ERROR
i18n,ERROR
idor_authenticated,ERROR
idor_authz_differential,ERROR
idor_sequential,ERROR
impact-exfiltration,ERROR
index,ERROR
indexer,ERROR
index_1,ERROR
index_10,ERROR
index_11,ERROR
index_12,ERROR
index_13,ERROR
index_14,ERROR
index_15,ERROR
index_16,ERROR
index_17,ERROR
index_2,ERROR
index_3,ERROR
index_4,ERROR
index_6,ERROR
index_7,ERROR
index_8,ERROR
index_9,ERROR
index_pipeline_test,ERROR
inference,ERROR
inferencetest,ERROR
info-collect,ERROR
infrastructure_view,ERROR
ini,ERROR
initialize,ERROR
input-validator,ERROR
inputfiles,ERROR
install,ERROR
install-git-hooks,ERROR
install-python-package,ERROR
installation,ERROR
install_1,ERROR
install_2,ERROR
install_4,ERROR
install_planner,ERROR
install_preferences,ERROR
install_wizard,ERROR
integration,ERROR
intelligence_concepts,ERROR
intelligence_pipeline,ERROR
intelx,ERROR
interactive,ERROR
interrupt,ERROR
introduction,ERROR
ipaddr,ERROR
ipaddr_endpoint,ERROR
ipnet,ERROR
ipverse,ERROR
ip_netblock,ERROR
issue-report,ERROR
issue_importer,ERROR
jaeles,ERROR
jarm,ERROR
jina,ERROR
js-analysis,ERROR
jsluice_patterns,ERROR
js_analyzer,ERROR
juice-shop,ERROR
juiceshop,ERROR
junit_xml,ERROR
jwt_jku_x5u_ssrf,ERROR
katana,ERROR
katana_2,ERROR
katana_tool,ERROR
keygraph_button,ERROR
kiterunner,ERROR
kiterunner_tool,ERROR
knowledge,ERROR
knowledge-base,ERROR
knowledgejs,ERROR
knowledge_base,ERROR
knowledge_base_1,ERROR
known_fqdn,ERROR
kubernetes_analyzer,ERROR
langfuse,ERROR
lark,ERROR
lateral-movement,ERROR
layout,ERROR
ldap-search,ERROR
ldap_injection,ERROR
leaked_credentials,ERROR
leakix,ERROR
leakix_2,ERROR
learning_mode,ERROR
ledger,ERROR
legacy,ERROR
legacypentestrunner,ERROR
lei_record,ERROR
lfi_wordlist,ERROR
libc-database,ERROR
library,ERROR
license,ERROR
license_1,ERROR
license_10,ERROR
license_12,ERROR
license_13,ERROR
license_14,ERROR
license_2,ERROR
license_3,ERROR
license_4,ERROR
license_6,ERROR
license_7,ERROR
license_9,ERROR
linkedin,ERROR
linpeas,ERROR
lint,ERROR
lint_python,ERROR
listener,ERROR
listener_http,ERROR
listener_tcp,ERROR
listener_websocket,ERROR
live_capture,ERROR
llm,ERROR
llm-analysis,ERROR
llm-analyzer,ERROR
llm-app-redteam,ERROR
llm-client,ERROR
llm-clienttest,ERROR
llm-clienttest_1,ERROR
llm-client_1,ERROR
llm-redteam,ERROR
llm_analysis,ERROR
llm_api,ERROR
load,ERROR
loader_1,ERROR
local-setup,ERROR
local-source-generator,ERROR
location,ERROR
locations,ERROR
location_1,ERROR
log,ERROR
log-stream,ERROR
logger,ERROR
loggercpython-313,ERROR
logger_1,ERROR
logger_2,ERROR
login-instructions,ERROR
login-instructions_1,ERROR
logo,ERROR
logo_1,ERROR
logs,ERROR
lookup-sid,ERROR
main,ERROR
main_1,ERROR
main_10,ERROR
main_11,ERROR
main_12,ERROR
main_14,ERROR
main_15,ERROR
main_17,ERROR
main_18,ERROR
main_2,ERROR
main_3,ERROR
main_4,ERROR
main_5,ERROR
main_6,ERROR
main_7,ERROR
main_8,ERROR
main_9,ERROR
main_server_http_redirect,ERROR
main_server_http_redirect_test,ERROR
main_server_tls,ERROR
makefile_2,ERROR
makefile_3,ERROR
malicious,ERROR
maltego,ERROR
malware-analyst,ERROR
manager_1,ERROR
manager_2,ERROR
mapcidr,ERROR
mapping,ERROR
markdown,ERROR
markdownrenderer,ERROR
markdown_agents,ERROR
markdown_orchestrator_test,ERROR
markers,ERROR
marketplace,ERROR
masscan,ERROR
masscan_2,ERROR
massdns,ERROR
massdns_tool,ERROR
mass_assignment,ERROR
match,ERROR
mcp,ERROR
mcp-management,ERROR
mcp-stdio2,ERROR
mcp_client,ERROR
mcp_manager,ERROR
mcp_pent_claude_agent,ERROR
mcp_reverse_shell,ERROR
mcp_setup,ERROR
mcp_tools,ERROR
mcp_tools_test,ERROR
memory,ERROR
memory_compressor,ERROR
menu,ERROR
merklemap,ERROR
message-handlers,ERROR
meta,ERROR
meta-cognition,ERROR
metasploit-agent,ERROR
methodology_engine,ERROR
metrics,ERROR
metrics-tracker,ERROR
metrics_1,ERROR
mobile_agent,ERROR
mock_pipelinetest,ERROR
model-registry,ERROR
modelcommand,ERROR
models,ERROR
models_1,ERROR
models_2,ERROR
models_5,ERROR
model_manager,ERROR
modes,ERROR
mods,ERROR
module_import,ERROR
monitor,ERROR
monitor_1,ERROR
mssqlinjection,ERROR
multi_agent,ERROR
multi_agent_eino,ERROR
multi_agent_prepare,ERROR
naabu,ERROR
naabu_tool,ERROR
namelist,ERROR
navigator,ERROR
nbtscan,ERROR
netblock,ERROR
netblock_1,ERROR
netdiscover_tool,ERROR
netexec,ERROR
netlas,ERROR
network-recon,ERROR
networks,ERROR
network_discovery,ERROR
nextjs_rsc_rce,ERROR
next_step_predictor,ERROR
nikto_2,ERROR
nikto_tool,ERROR
nmap-ajp,ERROR
nmap-cassandra,ERROR
nmap-cups,ERROR
nmap-dns,ERROR
nmap-finger,ERROR
nmap-ftp,ERROR
nmap-http,ERROR
nmap-imap,ERROR
nmap-irc,ERROR
nmap-kerberos,ERROR
nmap-ldap,ERROR
nmap-mongodb,ERROR
nmap-mountd,ERROR
nmap-msrpc,ERROR
nmap-mssql,ERROR
nmap-multicast-dns,ERROR
nmap-mysql,ERROR
nmap-nfs,ERROR
nmap-nntp,ERROR
nmap-ntp,ERROR
nmap-oracle,ERROR
nmap-pop3,ERROR
nmap-rdp,ERROR
nmap-redis,ERROR
nmap-rmi,ERROR
nmap-rsync,ERROR
nmap-sip,ERROR
nmap-smb,ERROR
nmap-smtp,ERROR
nmap-snmp,ERROR
nmap-ssh,ERROR
nmap-telnet,ERROR
nmap-tftp,ERROR
nmap-vnc,ERROR
nmap_tool_1,ERROR
normalization,ERROR
normalize_streaming_delta_test,ERROR
normalize_streaming_eof_test,ERROR
nosql_fuzz,ERROR
notifications,ERROR
notify,ERROR
no_nested_task,ERROR
nuclei,ERROR
nuclei-agent,ERROR
nuclei-template-sha,ERROR
nuclei_2,ERROR
nuclei_tool,ERROR
oauth_pkce_downgrade,ERROR
ollama,ERROR
ollama_api,ERROR
one-gadget,ERROR
onesixtyone,ERROR
onyphe,ERROR
openai,ERROR
openapi,ERROR
openapi-discovery-agent,ERROR
openapi_i18n,ERROR
openapi_parser,ERROR
open_ai,ERROR
operations_center,ERROR
opsec-anonymizer,ERROR
opsec-evasion,ERROR
options,ERROR
options_2,ERROR
oracle-odat,ERROR
oracle-patator,ERROR
oracle-scanner,ERROR
oracle-tnscmd,ERROR
oraclesqlinjection,ERROR
orchestrator-plan-execute,ERROR
orchestrator-supervisor,ERROR
orchestratortest,ERROR
orchestrator_instruction,ERROR
org,ERROR
orgs,ERROR
org_1,ERROR
org_lei,ERROR
orphan_tool_pruner_middleware,ERROR
orphan_tool_pruner_middleware_test,ERROR
osrframework,ERROR
otel,ERROR
outputter,ERROR
output_parser,ERROR
package,ERROR
package-lock,ERROR
package-lock_1,ERROR
package_1,ERROR
package_2,ERROR
package_4,ERROR
package_5,ERROR
parallel,ERROR
parallel_scans,ERROR
parameter_discovery,ERROR
parameter_mapper,ERROR
paramspider,ERROR
parse,ERROR
parsers,ERROR
parser_mixin,ERROR
parse_test,ERROR
passive,ERROR
passivetotal,ERROR
passive_recon,ERROR
password_reset_weak,ERROR
paths,ERROR
paths_1,ERROR
path_traversal,ERROR
payload-crafter,ERROR
payload_builder,ERROR
pcap_parser,ERROR
penetration,ERROR
pentest-ai,ERROR
pentest-mcp-server,ERROR
pentestgpt-720websharename,ERROR
pentestgpt_design,ERROR
pentestgpt_htb_phonebook_failed,ERROR
pentestgpt_log_htb_precious,ERROR
pentesting,ERROR
pentest_agent,ERROR
pentest_gpt,ERROR
pentest_gpt_rebuilt,ERROR
pent_claude_agent_config,ERROR
permutations_list,ERROR
permutations_list_short,ERROR
perplexity,ERROR
persistencetenance,ERROR
persistencetest,ERROR
phishing-operator,ERROR
pipelines,ERROR
pipeline_engine,ERROR
planner,ERROR
plan_execute_executor,ERROR
plan_execute_steps_cap,ERROR
plan_execute_steps_cap_test,ERROR
plan_execute_text,ERROR
plan_execute_text_test,ERROR
playbook,ERROR
playwright-config-writer,ERROR
plugin,ERROR
plugin_1,ERROR
plugin_10,ERROR
plugin_11,ERROR
plugin_12,ERROR
plugin_2,ERROR
plugin_3,ERROR
plugin_4,ERROR
plugin_5,ERROR
plugin_6,ERROR
plugin_7,ERROR
plugin_8,ERROR
plugin_center,ERROR
plugin_loader,ERROR
plugin_loader_1,ERROR
plugin_manager,ERROR
pnpm-workspace,ERROR
poc_agent,ERROR
pom,ERROR
portscan,ERROR
portscan-all-tcp-ports,ERROR
portscan-guess-tcp-ports,ERROR
portscan-top-100-udp-ports,ERROR
portscan-top-tcp-ports,ERROR
port_prioritizer,ERROR
postgresqlinjection,ERROR
postman_parser,ERROR
pre-commit-config,ERROR
pre-commit-config_1,ERROR
pre-recon,ERROR
pre-recon-code_2,ERROR
pre-recon-code_3,ERROR
preflight,ERROR
preflight-check,ERROR
print,ERROR
privacy,ERROR
privilege-escalation,ERROR
privilege_escalation_patch,ERROR
probes,ERROR
process,ERROR
process_registry,ERROR
production,ERROR
profundis,ERROR
progress-indicator,ERROR
progress-manager,ERROR
project_manager,ERROR
prompt-manager,ERROR
prompts,ERROR
prompt_class_v1,ERROR
prompt_class_v2,ERROR
prompt_select,ERROR
prospeo,ERROR
protocol_detector,ERROR
prototype_pollution,ERROR
proxy_controller,ERROR
pseudo-source-builder,ERROR
ptt_reasoning,ERROR
pugrecon,ERROR
pull_request_template,ERROR
pull_request_template_2,ERROR
puredns,ERROR
puredns_tool,ERROR
pure_go,ERROR
pwninit,ERROR
pyproject,ERROR
pyproject_2,ERROR
pyproject_4,ERROR
pyproject_5,ERROR
pyshark_engine,ERROR
pythonorg_headers_20241216_000049,ERROR
pythonorg_subdomains_20241215_235829,ERROR
quake,ERROR
quake_search,ERROR
queue,ERROR
queue-validator,ERROR
quick_action_bar,ERROR
race_condition,ERROR
radare2,ERROR
ranger,ERROR
rapiddns,ERROR
rapiddns_2,ERROR
ratelimit_test,ERROR
rdap,ERROR
reactive-verifier,ERROR
readme,ERROR
readmezh-cn,ERROR
readme_1,ERROR
readme_10,ERROR
readme_11,ERROR
readme_12,ERROR
readme_13,ERROR
readme_14,ERROR
readme_15,ERROR
readme_16,ERROR
readme_17,ERROR
readme_18,ERROR
readme_2,ERROR
readme_20,ERROR
readme_23,ERROR
readme_24,ERROR
readme_25,ERROR
readme_26,ERROR
readme_27,ERROR
readme_3,ERROR
readme_31,ERROR
readme_32,ERROR
readme_33,ERROR
readme_34,ERROR
readme_35,ERROR
readme_36,ERROR
readme_38,ERROR
readme_39,ERROR
readme_4,ERROR
readme_40,ERROR
readme_41,ERROR
readme_42,ERROR
readme_43,ERROR
readme_44,ERROR
readme_45,ERROR
readme_47,ERROR
readme_48,ERROR
readme_49,ERROR
readme_5,ERROR
readme_50,ERROR
readme_51,ERROR
readme_52,ERROR
readme_53,ERROR
readme_54,ERROR
readme_55,ERROR
readme_57,ERROR
readme_58,ERROR
readme_6,ERROR
readme_7,ERROR
readme_8,ERROR
readme_9,ERROR
readme_cn,ERROR
readme_cn_1,ERROR
readme_cn_2,ERROR
readme_cn_3,ERROR
readme_en,ERROR
realdemo,ERROR
realdemo-paced,ERROR
reasoning_trace,ERROR
reasoning_trace_test,ERROR
recommend,ERROR
recommendation_engine,ERROR
recommendation_engine_1,ERROR
recon,ERROR
recon-advisor,ERROR
reconeer,ERROR
reconftw,ERROR
reconftw_1,ERROR
reconftw_full,ERROR
reconftw_prox_deploy,ERROR
reconftw_quick,ERROR
reconftw_stealth,ERROR
reconx_engine,ERROR
recon_2,ERROR
recon_3,ERROR
recon_agent,ERROR
recon_strategy,ERROR
recorder,ERROR
redhuntlabs,ERROR
redirect-host-discovery,ERROR
redis-cli,ERROR
reference,ERROR
reflected_xss,ERROR
registry,ERROR
registry_1,ERROR
registry_121,ERROR
registry_122,ERROR
registry_123,ERROR
registry_181,ERROR
registry_182,ERROR
registry_2,ERROR
registry_3,ERROR
registry_4,ERROR
registry_5,ERROR
registry_8,ERROR
registry_bridge,ERROR
registry_test,ERROR
reg_records,ERROR
related,ERROR
relationship_graph,ERROR
relationship_mapper,ERROR
release,ERROR
release-binary,ERROR
release-pypi,ERROR
release-test,ERROR
releaserc,ERROR
remediation-agent,ERROR
renderer,ERROR
renderers,ERROR
replay,ERROR
replay_engine,ERROR
report-executive_1,ERROR
report-executive_2,ERROR
report-output-provider,ERROR
report-snippet,ERROR
reporter,ERROR
reporthtml,ERROR
reporting-cherrytree,ERROR
reporting-markdown,ERROR
reporting-remediation,ERROR
report_121,ERROR
report_14,ERROR
report_15,ERROR
report_16,ERROR
report_17,ERROR
report_18,ERROR
report_agent,ERROR
report_generator,ERROR
report_injector,ERROR
report_injector_1,ERROR
report_injector_2,ERROR
requirements,ERROR
requirements_11,ERROR
requirements_12,ERROR
requirements_14,ERROR
requirements_15,ERROR
requirements_16,ERROR
requirements_2,ERROR
requirements_3,ERROR
requirements_5,ERROR
requirements_6,ERROR
requirements_8,ERROR
requirements_9,ERROR
reset_juice_shop,ERROR
resilience,ERROR
resiliencetest,ERROR
resolve,ERROR
resolvers,ERROR
resolvers_1,ERROR
resolvers_test,ERROR
resolver_manager,ERROR
resources,ERROR
resource_availability,ERROR
responder,ERROR
response_headers,ERROR
responsible_disclosure,ERROR
rest_api,ERROR
result,ERROR
retrieval_postprocess,ERROR
retrieval_postprocess_test,ERROR
retry,ERROR
reverse,ERROR
reverse-engineer,ERROR
review,ERROR
riddler,ERROR
rigid,ERROR
rigid_test,ERROR
risk_mapper,ERROR
risk_scorer,ERROR
risk_scoring,ERROR
roadmap,ERROR
robot,ERROR
robot_en,ERROR
robtext,ERROR
role,ERROR
roles,ERROR
rollback-beta,ERROR
router,ERROR
route_correlator,ERROR
rpcclient,ERROR
rpcdump,ERROR
rsync-list-files,ERROR
run,ERROR
run-shannon-blackbox,ERROR
runcommand,ERROR
runner,ERROR
runner_1,ERROR
runner_3,ERROR
runner_reasoning_history_test,ERROR
run_all,ERROR
run_bench,ERROR
run_benchmarks,ERROR
run_context,ERROR
run_dvwa_engagement,ERROR
run_dvwa_full,ERROR
run_summary,ERROR
run_summary_1,ERROR
run_tests,ERROR
rustscan,ERROR
rustscan_2,ERROR
rustscan_tool,ERROR
saml_xsw,ERROR
sandbox,ERROR
sanitize,ERROR
save-deliverable,ERROR
save_results,ERROR
scan4all,ERROR
scanners,ERROR
scanner_5,ERROR
scan_optimizer,ERROR
scheduler,ERROR
schedulertest,ERROR
scheduler_2,ERROR
schema-gen-agent,ERROR
schemas,ERROR
schemas_1,ERROR
scope,ERROR
scope_1,ERROR
scope_test,ERROR
score,ERROR
score_1,ERROR
score_2,ERROR
score_juiceshop,ERROR
screenshot1,ERROR
search,ERROR
search_2,ERROR
secretscfg,ERROR
security,ERROR
security-header-analyzer,ERROR
securityheaderanalyzer,ERROR
securityheaderanalyzertest,ERROR
securitytrails,ERROR
securitytrails_2,ERROR
security_2,ERROR
security_tools,ERROR
sensitive_detector,ERROR
sensitive_domains,ERROR
server,ERROR
server_1,ERROR
server_2,ERROR
server_3,ERROR
server_https_bootstrap,ERROR
service,ERROR
services_commands,ERROR
service_1,ERROR
service_correlator,ERROR
service_detection,ERROR
service_intelligence_view,ERROR
service_learning,ERROR
session,ERROR
sessions,ERROR
session_manager,ERROR
settings,ERROR
settings_1,ERROR
settings_3,ERROR
settings_4,ERROR
setup_2,ERROR
severity_engine,ERROR
shadow-it,ERROR
shadow-ittest,ERROR
shannon,ERROR
shannon-action,ERROR
shannon-pro,ERROR
shannon-report-crapi,ERROR
shannon-report-juice-shop,ERROR
shannon-scan,ERROR
shannon-screen_1,ERROR
shared,ERROR
sherlock,ERROR
shodan_api,ERROR
shodan_apicpython-313,ERROR
shodan_recon_plugin,ERROR
shodan_search,ERROR
showmount,ERROR
shuffledns,ERROR
shuffledns_tool,ERROR
simplejson,ERROR
sipvicious,ERROR
sitedossier,ERROR
sitedossier_2,ERROR
sitemap-agent,ERROR
skill,ERROR
skills,ERROR
skill_11,ERROR
skill_13,ERROR
skill_19,ERROR
skill_2,ERROR
skill_20,ERROR
skill_22,ERROR
skill_23,ERROR
skill_3,ERROR
skill_5,ERROR
skill_6,ERROR
skill_7,ERROR
skill_8,ERROR
skill_9,ERROR
sleep,ERROR
smart-scan,ERROR
smart-scan-expanded-toolset,ERROR
smart-scan-on-search,ERROR
smbclient,ERROR
smbmap,ERROR
snmpwalk,ERROR
solution,ERROR
solved-challenges,ERROR
source-gen-agent,ERROR
sources,ERROR
sources_test,ERROR
sources_wo_auth_test,ERROR
sources_w_auth_test,ERROR
spa_probes,ERROR
spec,ERROR
spiderfoot,ERROR
splash,ERROR
spotter,ERROR
sqli_fuzz,ERROR
sqli_login_bypass,ERROR
sqlmap,ERROR
sqlmap-agent,ERROR
srv,ERROR
sse_keepalive,ERROR
sse_stream,ERROR
ssh_manager,ERROR
ssl,ERROR
sslscan,ERROR
ssltrustall,ERROR
ssltrustall1,ERROR
ssltrustalltimeoutsslsocketfactory,ERROR
ssl_checker,ERROR
ssti_fuzz,ERROR
ssti_polyglot,ERROR
ssti_stored,ERROR
stage121_catalog,ERROR
stage121_web,ERROR
stage122_catalog,ERROR
stage123_catalog,ERROR
stage2,ERROR
start,ERROR
stats,ERROR
status,ERROR
stderr,ERROR
stderr_1,ERROR
stdout,ERROR
stdout_1,ERROR
stealth_crawler,ERROR
steghide,ERROR
stig-analyst,ERROR
stored_xss,ERROR
style,ERROR
styles,ERROR
subdomain,ERROR
subdomain-enumeration,ERROR
subdomain-hunter-agent,ERROR
subdomains,ERROR
subdomainstxt,ERROR
subdomains_1,ERROR
subdomains_2,ERROR
subdomains_v0,ERROR
subdomains_v1,ERROR
subdomains_v2,ERROR
subfinder,ERROR
subfinder-logo,ERROR
subfinder-run,ERROR
subfinder_2,ERROR
sublist3r_tool,ERROR
submd,ERROR
subprocessors,ERROR
subprocess_mixin,ERROR
subprocess_runner,ERROR
subs,ERROR
sub_agent_context,ERROR
sub_agent_context_test,ERROR
suggestion_engine,ERROR
summary,ERROR
summary-mapper,ERROR
support,ERROR
support_test,ERROR
surface_mapping,ERROR
swagger,ERROR
swagger_2,ERROR
swagger_parser,ERROR
swarm-orchestrator,ERROR
tag_engine,ERROR
takeover_detector,ERROR
target-model,ERROR
targets,ERROR
target_classifier,ERROR
task-management,ERROR
tasks,ERROR
task_handler,ERROR
task_manager,ERROR
task_processor,ERROR
task_tree_manager,ERROR
tech-fingerprinter-agent,ERROR
tech_detection,ERROR
telemetry,ERROR
templates,ERROR
template_manager,ERROR
terminal,ERROR
terminal_ws_unix,ERROR
terms,ERROR
terrascan,ERROR
test-cortex-integration,ERROR
test-gen-agent,ERROR
test-lsg-v2,ERROR
test-multibar,ERROR
test-suite,ERROR
test1,ERROR
test2,ERROR
testlogin,ERROR
tests,ERROR
testssl,ERROR
test_agents_parallel,ERROR
test_agent_loop,ERROR
test_agent_mode_cli,ERROR
test_anthropic_agent,ERROR
test_api_security_e2e_smoke,ERROR
test_api_server,ERROR
test_arjun_integration,ERROR
test_async_prompt,ERROR
test_authenticated_scan_coverage,ERROR
test_auth_profiles,ERROR
test_auth_profiles_smoke,ERROR
test_auth_profile_cli,ERROR
test_auth_runner,ERROR
test_auth_scan_e2e_smoke,ERROR
test_auth_session,ERROR
test_auth_session_bearer_flow,ERROR
test_backend_interface,ERROR
test_base_agent_coverage,ERROR
test_benchmarks_scoring_common,ERROR
test_browser_agent,ERROR
test_browser_agent_e2e_smoke,ERROR
test_browser_crawler,ERROR
test_cache,ERROR
test_chain,ERROR
test_chain_quality,ERROR
test_checkpoint,ERROR
test_ci_mode,ERROR
test_cli,ERROR
test_cli_auth_coverage,ERROR
test_cli_vps_count,ERROR
test_common,ERROR
test_config,ERROR
test_connection,ERROR
test_controller,ERROR
test_core,ERROR
test_cost_tracker,ERROR
test_csrf_auth_e2e_smoke,ERROR
test_dashboard,ERROR
test_dedup,ERROR
test_dns_resolver_auto,ERROR
test_e2e_probes,ERROR
test_engagement_lifecycle_e2e,ERROR
test_ensure_webs_all,ERROR
test_events,ERROR
test_evidence,ERROR
test_evidence_contract,ERROR
test_exec_context,ERROR
test_exports,ERROR
test_export_cli,ERROR
test_file_transfer,ERROR
test_full_flow,ERROR
test_full_workflow,ERROR
test_handlers_misc,ERROR
test_handler_meta,ERROR
test_handler_web_probes,ERROR
test_hitl_coverage,ERROR
test_injection,ERROR
test_install_planner,ERROR
test_install_preferences,ERROR
test_integration,ERROR
test_integration_dvwa,ERROR
test_juiceshop_e2e_smoke,ERROR
test_langfuse,ERROR
test_langfuse_1,ERROR
test_legacy_probe_migration,ERROR
test_list_targets,ERROR
test_llm,ERROR
test_llm_e2e_smoke,ERROR
test_llm_redteam,ERROR
test_mcp_action_surface,ERROR
test_mcp_auth_profile,ERROR
test_mcp_auth_session_reuse,ERROR
test_mcp_client_and_hitl,ERROR
test_mcp_honeypot_e2e,ERROR
test_mcp_security_tools,ERROR
test_mcp_server,ERROR
test_mcp_server_coverage,ERROR
test_mcp_setup,ERROR
test_misc_coverage,ERROR
test_mobile_agent_e2e_smoke,ERROR
test_monitor,ERROR
test_monitor_mode,ERROR
test_new_high_roi_probes,ERROR
test_new_tool_integrations,ERROR
test_observation_normalization,ERROR
test_os_execution,ERROR
test_output_parser,ERROR
test_parallel,ERROR
test_payload_library,ERROR
test_perf_profile,ERROR
test_permutation_wordlist_select,ERROR
test_phase6,ERROR
test_playbook,ERROR
test_plugin_loader,ERROR
test_primitives_evidence_capture,ERROR
test_probe_asset_secrets,ERROR
test_probe_business_logic_fuzz,ERROR
test_probe_captcha_replay,ERROR
test_probe_cors_reflection,ERROR
test_probe_coupon_forging,ERROR
test_probe_crawler,ERROR
test_probe_cve_poc,ERROR
test_probe_deserialization,ERROR
test_probe_dom_xss,ERROR
test_probe_exif_metadata,ERROR
test_probe_file_upload_validation,ERROR
test_probe_forced_error,ERROR
test_probe_graphql_introspection,ERROR
test_probe_hidden_discovery,ERROR
test_probe_host_header_reset_poisoning,ERROR
test_probe_idor_authenticated,ERROR
test_probe_idor_authz_differential,ERROR
test_probe_idor_sequential,ERROR
test_probe_ldap_injection,ERROR
test_probe_leaked_credentials,ERROR
test_probe_mass_assignment,ERROR
test_probe_nosql_fuzz,ERROR
test_probe_oauth_pkce_downgrade,ERROR
test_probe_path_traversal,ERROR
test_probe_primitives,ERROR
test_probe_prototype_pollution,ERROR
test_probe_race_condition,ERROR
test_probe_reflected_xss,ERROR
test_probe_registry,ERROR
test_probe_response_headers,ERROR
test_probe_sqli_fuzz,ERROR
test_probe_ssti_fuzz,ERROR
test_probe_ssti_polyglot,ERROR
test_probe_ssti_stored,ERROR
test_probe_stored_xss,ERROR
test_probe_web3,ERROR
test_probe_web_cache_deception,ERROR
test_probe_xss_fuzz,ERROR
test_probe_xxe_upload,ERROR
test_process_registry,ERROR
test_profile_migration,ERROR
test_providers,ERROR
test_registry_bridge,ERROR
test_registry_coverage,ERROR
test_registry_extended,ERROR
test_reporting,ERROR
test_report_only,ERROR
test_resolvers_external,ERROR
test_resolvers_hardening,ERROR
test_resolver_env,ERROR
test_sanitize,ERROR
test_scanners,ERROR
test_scope,ERROR
test_secure_credential,ERROR
test_session,ERROR
test_severity_calibration,ERROR
test_shell_syntax,ERROR
test_smoke,ERROR
test_spa_probes,ERROR
test_specialist_agents_coverage,ERROR
test_stage1,ERROR
test_stage121_integration,ERROR
test_stage122_integration,ERROR
test_stage123_integration,ERROR
test_stage13_orchestration,ERROR
test_stage14_tui,ERROR
test_stage15_plugins,ERROR
test_stage181_burp,ERROR
test_stage182_traffic,ERROR
test_stage19_plugins,ERROR
test_stage2,ERROR
test_stage20_services,ERROR
test_stage2_integration,ERROR
test_stealth_crawler,ERROR
test_subdomains_asn,ERROR
test_subdomains_filtering,ERROR
test_sub_tls_no_match,ERROR
test_target_expander,ERROR
test_terminal_output_modes,ERROR
test_tool_bridge,ERROR
test_tool_bridge_e2e,ERROR
test_tool_installer,ERROR
test_tool_installer_coverage,ERROR
test_tool_installer_extended,ERROR
test_tool_result_persistence,ERROR
test_tracing_and_telemetry,ERROR
test_tracing_coverage,ERROR
test_trigger_system,ERROR
test_ui_snapshots,ERROR
test_utils,ERROR
test_validation,ERROR
test_verbosity,ERROR
test_vps_count_cli,ERROR
test_webprobe_full_formats,ERROR
test_web_agent_crawl_inject,ERROR
test_web_agent_set_auth,ERROR
test_working_memory,ERROR
thanks,ERROR
thc,ERROR
theharvester,ERROR
threat-modeler,ERROR
threatbook,ERROR
threatcrowd,ERROR
threatcrowd_2,ERROR
threatminer,ERROR
throttle,ERROR
tier2-execution,ERROR
timeline,ERROR
tlsx,ERROR
tls_cert,ERROR
tls_cert_1,ERROR
tls_fingerprint,ERROR
tmux_manager,ERROR
tool-checker,ERROR
tool-responses,ERROR
tool-runner,ERROR
tools,ERROR
tools_commands,ERROR
tooltipcpython-313,ERROR
tool_bridge,ERROR
tool_browser,ERROR
tool_chains,ERROR
tool_error_middleware,ERROR
tool_error_middleware_test,ERROR
tool_health,ERROR
tool_installer,ERROR
tool_invoke_notify,ERROR
tool_lessons,ERROR
tool_registry,ERROR
tool_result,ERROR
tool_schemas,ERROR
tool_versions,ERROR
totp-validator,ERROR
tracer,ERROR
tracing,ERROR
traffic_commands,ERROR
traffic_parser,ERROR
traffic_view,ERROR
train-archnet,ERROR
train-filternet,ERROR
train-simple,ERROR
training-data-2025-12-24t03-29-17-267z,ERROR
training-data-2025-12-24t03-31-48-760z,ERROR
training-data-2025-12-24t04-13-25-236z,ERROR
training-data-2025-12-24t04-32-35-147z,ERROR
training-data-2025-12-24t04-43-48-405z,ERROR
transform,ERROR
transform_test,ERROR
transparentbanner,ERROR
triage,ERROR
triage-results,ERROR
triage-rubric,ERROR
triage-summary,ERROR
triage_sample,ERROR
trigger_system,ERROR
trivy,ERROR
troubleshooting,ERROR
truncate,ERROR
truncate_test,ERROR
trusted_header_bypass,ERROR
tsconfig,ERROR
tsconfigbase,ERROR
tsconfig_1,ERROR
tsdownconfig,ERROR
tshark,ERROR
tshark_engine,ERROR
tui,ERROR
turbo,ERROR
txt,ERROR
txt_1,ERROR
type,ERROR
types,ERROR
types_1,ERROR
types_2,ERROR
types_6,ERROR
types_7,ERROR
types_9,ERROR
unauthed-decision-log,ERROR
unauthed-findings,ERROR
unauthed-findings_1,ERROR
update,ERROR
upgrade,ERROR
url,ERROR
urlscan,ERROR
urlscan_2,ERROR
utils,ERROR
utils_2,ERROR
uv_1,ERROR
validate,ERROR
validate-authentication,ERROR
validate_2,ERROR
validation-harness,ERROR
validator,ERROR
validatorcpython-313,ERROR
vars,ERROR
vault,ERROR
version,ERROR
viewport,ERROR
virtual-host-enumeration,ERROR
virustotal,ERROR
virustotal_1,ERROR
virustotal_3,ERROR
viz,ERROR
volatility3,ERROR
wayback,ERROR
waybackarchive,ERROR
waybackurls,ERROR
waybackurls_2,ERROR
wayback_1,ERROR
waymore,ERROR
web,ERROR
web-app-quick,ERROR
web-hunter,ERROR
web3_probe,ERROR
webhook-reporter,ERROR
webhooks,ERROR
webshell,ERROR
webshell-management,ERROR
webshell_context,ERROR
webshell_context_test,ERROR
webshell_probe,ERROR
websocket,ERROR
web_agent,ERROR
web_assets,ERROR
web_cache_deception,ERROR
web_enum,ERROR
web_intelligence_view,ERROR
web_parser,ERROR
web_pipeline,ERROR
web_probes,ERROR
web_recon,ERROR
wechat,ERROR
wechat-robot,ERROR
wechat_robot,ERROR
whatweb,ERROR
whatweb_2,ERROR
whois,ERROR
whoisxmlapi,ERROR
whois_lookup,ERROR
wildcard_detector,ERROR
windvane,ERROR
winrm-detection,ERROR
wireless-pentester,ERROR
wireless_agent,ERROR
wordlist,ERROR
wordlist_test,ERROR
workflow-errors,ERROR
workflow-logger,ERROR
workflow_builder,ERROR
workflow_definitions,ERROR
workflow_engine,ERROR
workflow_engine_1,ERROR
workflow_planner,ERROR
workflow_player,ERROR
workflow_recorder,ERROR
workflow_templates,ERROR
workspaces_1,ERROR
world-model,ERROR
worldmodel,ERROR
worldmodeltest,ERROR
wpscan,ERROR
writer,ERROR
xbow-performance-comparison,ERROR
xss,ERROR
xss-validator-agent,ERROR
xss_fuzz,ERROR
xss_scan,ERROR
xxe_upload,ERROR
zap,ERROR
zetalytics,ERROR
zoomeyeapi,ERROR
zoomeye_search,ERROR
zsteg,ERROR
_11,ERROR
_12,ERROR
_13,ERROR
_14,ERROR
_15,ERROR
_rules_1,ERROR
_scope-guard,ERROR
_target_1,ERROR
__init__cpython-313,ERROR
__init__cpython-313_1,ERROR
__init___105,ERROR
__init___106,ERROR
__init___107,ERROR
__init___109,ERROR
__init___11,ERROR
__init___112,ERROR
__init___115,ERROR
__init___116,ERROR
__init___117,ERROR
__init___121,ERROR
__init___122,ERROR
__init___129,ERROR
__init___135,ERROR
__init___141,ERROR
__init___142,ERROR
__init___144,ERROR
__init___146,ERROR
__init___147,ERROR
__init___148,ERROR
__init___149,ERROR
__init___153,ERROR
__init___156,ERROR
__init___17,ERROR
__init___201,ERROR
__init___202,ERROR
__init___203,ERROR
__init___205,ERROR
__init___207,ERROR
__init___211,ERROR
__init___212,ERROR
__init___213,ERROR
__init___214,ERROR
__init___215,ERROR
__init___216,ERROR
__init___217,ERROR
__init___218,ERROR
__init___219,ERROR
__init___22,ERROR
__init___224,ERROR
__init___231,ERROR
__init___28,ERROR
__init___29,ERROR
__init___30,ERROR
__init___31,ERROR
__init___33,ERROR
__init___34,ERROR
__init___35,ERROR
__init___36,ERROR
__init___37,ERROR
__init___38,ERROR
__init___43,ERROR
__init___50,ERROR
__init___51,ERROR
__init___52,ERROR
__init___54,ERROR
__init___55,ERROR
__init___57,ERROR
__init___58,ERROR
__init___6,ERROR
__init___64,ERROR
__init___70,ERROR
__init___71,ERROR
__main__,ERROR
__main___1,ERROR
agent-guide,ERROR
agent_mode_controller,ERROR
attackchain_1,ERROR
balanced-active-scan,ERROR
bigqueryinjection,ERROR
cache,ERROR
cassandrainjection,ERROR
checkpoint-provider,ERROR
concurrency,ERROR
container,ERROR
context,ERROR
conversation_1,ERROR
cve_mapper,ERROR
cvss,ERROR
database,ERROR
db2injection,ERROR
db_1,ERROR
db_test,ERROR
deliverables,ERROR
detection_agent,ERROR
eino_adk_run_loop,ERROR
eino_meta_test,ERROR
eino_retriever_adapter,ERROR
eino_retrieve_chain,ERROR
eino_sqlite_indexer,ERROR
endpoint-prober,ERROR
errorpatternanalyzer,ERROR
exploit,ERROR
exploit-authz_1,ERROR
exploit-authz_3,ERROR
exploit-auth_1,ERROR
exploit-auth_3,ERROR
exploit-chainer,ERROR
exploit-guide,ERROR
exploit-injection_1,ERROR
exploit-injection_2,ERROR
exploit-injection_3,ERROR
exploit-ssrf,ERROR
exploit-ssrf_1,ERROR
exploit-ssrf_2,ERROR
exploit-ssrf_3,ERROR
exploit-xss_1,ERROR
exploit-xss_3,ERROR
exploitation-checker,ERROR
export,ERROR
export-metrics,ERROR
finalizers,ERROR
findings,ERROR
findings-db,ERROR
findings-provider,ERROR
findings-renderer,ERROR
generators,ERROR
gowitness,ERROR
hackable2_3,ERROR
handoff,ERROR
index_pipeline,ERROR
kioptrix_level_1,ERROR
listener_http_test,ERROR
manager,ERROR
manager_start_test,ERROR
menu_system,ERROR
metasploit,ERROR
metasploit_aux,ERROR
metatron,ERROR
migrate,ERROR
net-recon-agent,ERROR
nikto,ERROR
nmap-distccd,ERROR
nmap_2,ERROR
notification,ERROR
output-formatter,ERROR
output-formatters,ERROR
payloads,ERROR
pentesttarget,ERROR
pipeline,ERROR
primitives,ERROR
prompt_class,ERROR
pwntools,ERROR
query-execution-result,ERROR
queue-schemas,ERROR
queue-validation,ERROR
report-executive,ERROR
report-executive_3,ERROR
report-generator,ERROR
reporting,ERROR
requester,ERROR
requestercpython-313,ERROR
retriever,ERROR
schema,ERROR
schema_migrate,ERROR
session-manager,ERROR
settings-writer,ERROR
skill_10,ERROR
skill_15,ERROR
skill_21,ERROR
smb-vuln,ERROR
target,ERROR
task,ERROR
test_aup_consent,ERROR
test_benchmark_registry,ERROR
test_chain_dedup,ERROR
test_chain_validation,ERROR
test_cve_db,ERROR
test_cvss,ERROR
test_diff,ERROR
test_findings,ERROR
test_findings_db_reaper,ERROR
test_findings_db_reconciler,ERROR
test_handler_finalizers,ERROR
test_intensity_safe,ERROR
test_orchestrator,ERROR
test_probe_cookie_prefix_bypass,ERROR
test_probe_jwt_jku_x5u_ssrf,ERROR
test_probe_nextjs_rsc_rce,ERROR
test_probe_saml_xsw,ERROR
test_probe_sqli_login_bypass,ERROR
test_sarif,ERROR
test_webhooks,ERROR
tls-analyzer,ERROR
token-optimization,ERROR
tool,ERROR
types_5,ERROR
vuln-authz_1,ERROR
vuln-authz_3,ERROR
vuln-auth_1,ERROR
vuln-auth_3,ERROR
vuln-hypothesizer,ERROR
vuln-injection_1,ERROR
vuln-injection_3,ERROR
vuln-mapper,ERROR
vuln-mappertest,ERROR
vuln-scanner,ERROR
vuln-ssrf,ERROR
vuln-ssrf_1,ERROR
vuln-ssrf_2,ERROR
vuln-ssrf_3,ERROR
vuln-xss_1,ERROR
vuln-xss_3,ERROR
vulnerability,ERROR
vulnerability-triage,ERROR
vulnerability_1,ERROR
vulnerability_concepts,ERROR
vulns,ERROR
vuln_analysis,ERROR
vuln_correlator,ERROR
vuln_pipeline,ERROR
vuln_scanner_agent,ERROR
worker,ERROR
workflows,ERROR
working_memory,ERROR
xsser,ERROR
_exploit-scope,ERROR
_exploit-scope_1,ERROR
_vuln-scope,ERROR
_vuln-scope_1,ERROR
