Plugin,Status,Priority
404StarLinkLogo,STUB,HIGH
agent-management,STUB,HIGH
agents-for,STUB,HIGH
ai_analysis,STUB,HIGH
alterations,STUB,HIGH
announcements,STUB,HIGH
AUP,STUB,HIGH
auth_profiles,STUB,HIGH
aws,STUB,HIGH
aws_recon,STUB,HIGH
aws_sm,STUB,HIGH
azure,STUB,HIGH
azure_recon,STUB,HIGH
banner_2,STUB,HIGH
benchmark_runner,STUB,HIGH
bizlogic-hunter,STUB,HIGH
bucket_correlator,STUB,HIGH
bug_report,STUB,HIGH
ccr-config-template,STUB,HIGH
chat,STUB,HIGH
chatgpt_config_curl,STUB,HIGH
ChatGPT_key,STUB,HIGH
checkov,STUB,HIGH
ci_1,STUB,HIGH
ci_cd_cloud,STUB,HIGH
ci_cd_cloud_mapper,STUB,HIGH
claude-executor,STUB,HIGH
CLAUDE_2,STUB,HIGH
CLAUDE_3,STUB,HIGH
clear,STUB,HIGH
cli,STUB,HIGH
cloud-security,STUB,HIGH
cloudfront_mapper,STUB,HIGH
cloudmapper,STUB,HIGH
cloud_agent,STUB,HIGH
cloud_attack_surface,STUB,HIGH
cloud_fingerprint,STUB,HIGH
cloud_models,STUB,HIGH
cloud_pipeline,STUB,HIGH
cloud_storage,STUB,HIGH
conftest_2,STUB,HIGH
container-breakout,STUB,HIGH
CUSTOMIZATION,STUB,HIGH
CyberStrikeAITab,STUB,HIGH
dec-2025,STUB,HIGH
demo,STUB,HIGH
demo_1,STUB,HIGH
dependabot_3,STUB,HIGH
devcontainer,STUB,HIGH
DISCLAIMER,STUB,HIGH
docker,STUB,HIGH
docker-compose,STUB,HIGH
docker-compose_1,STUB,HIGH
docker-compose_2,STUB,HIGH
docker-compose_3,STUB,HIGH
Dockerfile_4,STUB,HIGH
Dockerfile_7,STUB,HIGH
Dockerfile_9,STUB,HIGH
docker_2,STUB,HIGH
docker_manager,STUB,HIGH
docker_nightly,STUB,HIGH
docker_registry_analyzer,STUB,HIGH
domains,STUB,HIGH
embedder,STUB,HIGH
engagement-planner,STUB,HIGH
entrypoint,STUB,HIGH
env,STUB,HIGH
env_3,STUB,HIGH
example-stig-finding,STUB,HIGH
executor_test,STUB,HIGH
exploit-auth,STUB,HIGH
exploit-authz,STUB,HIGH
exploit-authz_2,STUB,HIGH
exploit-auth_2,STUB,HIGH
exploit-injection,STUB,HIGH
exploit-xss,STUB,HIGH
exploit-xss_2,STUB,HIGH
export_menu,STUB,HIGH
factory,STUB,HIGH
fill-legal,STUB,HIGH
fingerprinter,STUB,HIGH
fingerprintertest,STUB,HIGH
fix-workspace-permissions,STUB,HIGH
gcp,STUB,HIGH
gcp_recon,STUB,HIGH
github-banner,STUB,HIGH
gitleaks,STUB,HIGH
go_2,STUB,HIGH
graphw00f,STUB,HIGH
hexstrike-logo,STUB,HIGH
home,STUB,HIGH
index_5,STUB,HIGH
javascript,STUB,HIGH
js-harvester-agent,STUB,HIGH
kube-bench,STUB,HIGH
kube-hunter,STUB,HIGH
kubernetes,STUB,HIGH
launch-config,STUB,HIGH
leaksapi-banner,STUB,HIGH
leaksapi-logo,STUB,HIGH
LICENSE_5,STUB,HIGH
litellm_provider,STUB,HIGH
logo_3,STUB,HIGH
main_13,STUB,HIGH
main_menu,STUB,HIGH
Makefile,STUB,HIGH
mindmap_obsidian,STUB,HIGH
misconfig-detector,STUB,HIGH
misconfigtest,STUB,HIGH
mobile-pentester,STUB,HIGH
mode,STUB,HIGH
orchestrator,STUB,HIGH
outputs,STUB,HIGH
package_3,STUB,HIGH
pacu,STUB,HIGH
pentestgpt_executor,STUB,HIGH
PentestGPT_Hackable2,STUB,HIGH
plugins,STUB,HIGH
pnpm-lock,STUB,HIGH
poc-validator,STUB,HIGH
pre-recon-code,STUB,HIGH
privesc-advisor,STUB,HIGH
privesc_agent,STUB,HIGH
prowler,STUB,HIGH
pyproject_3,STUB,HIGH
quick-start,STUB,HIGH
README_21,STUB,HIGH
README_22,STUB,HIGH
README_28,STUB,HIGH
README_29,STUB,HIGH
README_30,STUB,HIGH
reconcloud,STUB,HIGH
reconx,STUB,HIGH
release-beta,STUB,HIGH
release_1,STUB,HIGH
requirements_7,STUB,HIGH
resolver,STUB,HIGH
results,STUB,HIGH
role-management,STUB,HIGH
rollback,STUB,HIGH
rsecloud,STUB,HIGH
s3scanner,STUB,HIGH
s3_scanner,STUB,HIGH
sarif,STUB,HIGH
scan_pipeline,STUB,HIGH
scan_running,STUB,HIGH
scout-suite,STUB,HIGH
Screenshot2,STUB,HIGH
Screenshot3,STUB,HIGH
Screenshot4,STUB,HIGH
secret-scanner-agent,STUB,HIGH
secure_credential,STUB,HIGH
security,STUB,HIGH
SECURITY_3,STUB,HIGH
selection_agent,STUB,HIGH
server_mcp_pentest_18,STUB,HIGH
service_analyzer,STUB,HIGH
service_correlator_1,STUB,HIGH
settings_2,STUB,HIGH
setup,STUB,HIGH
setup_1,STUB,HIGH
shannon-banner,STUB,HIGH
SHANNON-PRO_1,STUB,HIGH
shannon-report-capital-api,STUB,HIGH
shannon-screen,STUB,HIGH
shodan,STUB,HIGH
six2dez_reconftw-stars-history,STUB,HIGH
SKILL_1,STUB,HIGH
SKILL_14,STUB,HIGH
SKILL_16,STUB,HIGH
SKILL_17,STUB,HIGH
SKILL_4,STUB,HIGH
social-engineer,STUB,HIGH
sponsor-wechat-alipay-qr,STUB,HIGH
ssrf_cloud_metadata,STUB,HIGH
ssrf_payloads,STUB,HIGH
stop,STUB,HIGH
tch,STUB,HIGH
tcp_beacon_server,STUB,HIGH
teardown,STUB,HIGH
techdetect,STUB,HIGH
terraform-reconFTW,STUB,HIGH
test_ad_agent_e2e_smoke,STUB,HIGH
test_agents,STUB,HIGH
test_benchmark_cli,STUB,HIGH
test_chain_context_discriminator,STUB,HIGH
test_cli_menu,STUB,HIGH
test_cloud_agent_e2e_smoke,STUB,HIGH
test_container_health,STUB,HIGH
test_docker_build,STUB,HIGH
test_flag_detection,STUB,HIGH
test_litellm_provider,STUB,HIGH
test_misc_coverage_2,STUB,HIGH
test_probe_ssrf_cloud_metadata,STUB,HIGH
test_providers_and_small_agents,STUB,HIGH
test_selection_agent,STUB,HIGH
trufflehog,STUB,HIGH
type_confusion,STUB,HIGH
uninstall,STUB,HIGH
USAGE,STUB,HIGH
usage_input,STUB,HIGH
usage_output,STUB,HIGH
usage_server1,STUB,HIGH
usage_server2,STUB,HIGH
variables,STUB,HIGH
vectorDB,STUB,HIGH
vuln-auth,STUB,HIGH
vuln-authz,STUB,HIGH
vuln-authz_2,STUB,HIGH
vuln-auth_2,STUB,HIGH
vuln-injection,STUB,HIGH
vuln-injection_2,STUB,HIGH
vuln-xss,STUB,HIGH
vuln-xss_2,STUB,HIGH
vulnerability-management,STUB,HIGH
waf-detector-agent,STUB,HIGH
wafw00f,STUB,HIGH
web-console,STUB,HIGH
wechat-group-cyberstrikeai-qr,STUB,HIGH
workflow_center,STUB,HIGH
workspaces,STUB,HIGH
zh-CN,STUB,HIGH
_10,STUB,HIGH
__init___119,STUB,HIGH
__init___26,STUB,HIGH
__init___78,STUB,HIGH
auth_1,STUB,HIGH
backfill-arch-data,STUB,HIGH
conftest_1,STUB,HIGH
COOKIES,STUB,HIGH
credential_tester_agent,STUB,HIGH
email-osint-agent,STUB,HIGH
environment,STUB,HIGH
holehe,STUB,HIGH
intel-collection,STUB,HIGH
osint,STUB,HIGH
osint-collector,STUB,HIGH
parsers_1,STUB,HIGH
phoneinfoga,STUB,HIGH
privacy_detect,STUB,HIGH
sdk,STUB,HIGH
smtp-user-enum,STUB,HIGH
social_engineer_agent,STUB,HIGH
splash-screen,STUB,HIGH
test_osint_domain_info_msftrecon,STUB,HIGH
test_probe_password_reset_weak,STUB,HIGH
validation,STUB,HIGH
vulnscan,STUB,HIGH
whois_tool,STUB,HIGH
_safety,STUB,HIGH
__init___125,STUB,HIGH
__init___128,STUB,HIGH
2dd29513_findings,STUB,HIGH
2dd29513_run_B_safe,STUB,HIGH
active,STUB,HIGH
active-crawl,STUB,HIGH
active_scanning,STUB,HIGH
active_test,STUB,HIGH
activities,STUB,HIGH
activity-logger,STUB,HIGH
activity-logger_1,STUB,HIGH
activity_feed,STUB,HIGH
ad-attacker,STUB,HIGH
adapter,STUB,HIGH
addr,STUB,HIGH
ad_agent,STUB,HIGH
agent,STUB,HIGH
agent-execution,STUB,HIGH
AGENTS,STUB,HIGH
AGENTS_1,STUB,HIGH
agent_1,STUB,HIGH
agent_3,STUB,HIGH
agent_loop,STUB,HIGH
agent_runner,STUB,HIGH
agent_test,STUB,HIGH
agent_trace,STUB,HIGH
agent_trace_test,STUB,HIGH
alerts,STUB,HIGH
alerts_1,STUB,HIGH
alienvault,STUB,HIGH
alterx,STUB,HIGH
amass,STUB,HIGH
amass_2,STUB,HIGH
analyze_repos,STUB,HIGH
anomaly_detector,STUB,HIGH
anomaly_engine,STUB,HIGH
anthropic,STUB,HIGH
anthropic_agent,STUB,HIGH
anthropic_official,STUB,HIGH
anubis,STUB,HIGH
apex,STUB,HIGH
api,STUB,HIGH
api-discoverer-agent,STUB,HIGH
api-discovery,STUB,HIGH
api-discoverytest,STUB,HIGH
api-docs,STUB,HIGH
api-schema-analyzer,STUB,HIGH
api-security,STUB,HIGH
apitest,STUB,HIGH
api_attack_surface,STUB,HIGH
api_authentication,STUB,HIGH
api_fingerprint,STUB,HIGH
api_models,STUB,HIGH
api_path_discovery,STUB,HIGH
api_pipeline,STUB,HIGH
api_security_agent,STUB,HIGH
api_surface_mapper,STUB,HIGH
app,STUB,HIGH
apply_triage_labels,STUB,HIGH
app_2,STUB,HIGH
app_3,STUB,HIGH
app_config,STUB,HIGH
aquatone,STUB,HIGH
arbiter,STUB,HIGH
architect-infer-agent,STUB,HIGH
ARCHITECTURE,STUB,HIGH
ARCHITECTURE_1,STUB,HIGH
ARCHITECTURE_2,STUB,HIGH
arjun_tool,STUB,HIGH
artifact-manifest,STUB,HIGH
asncache,STUB,HIGH
asnmap,STUB,HIGH
assetfinder,STUB,HIGH
assets,STUB,HIGH
assets_test,STUB,HIGH
asset_classifier,STUB,HIGH
asset_decode,STUB,HIGH
asset_secrets_scan,STUB,HIGH
assoc,STUB,HIGH
asvs-mapper,STUB,HIGH
async_prompt,STUB,HIGH
attach,STUB,HIGH
attach_test,STUB,HIGH
attack-chain,STUB,HIGH
attack-planner,STUB,HIGH
attack-surface-enumeration,STUB,HIGH
attackchain,STUB,HIGH
attack_surface_mapper,STUB,HIGH
attack_surface_mapping,STUB,HIGH
audit,STUB,HIGH
audit-logger,STUB,HIGH
audit-session,STUB,HIGH
audit_1,STUB,HIGH
aup_consent,STUB,HIGH
auth,STUB,HIGH
auth-flow-analyzer,STUB,HIGH
authed-findings,STUB,HIGH
authed-stderr,STUB,HIGH
authenticated_scan,STUB,HIGH
auth_2,STUB,HIGH
auth_analyzer,STUB,HIGH
auth_cache,STUB,HIGH
auth_handler,STUB,HIGH
auth_manager,STUB,HIGH
auth_session,STUB,HIGH
autnum,STUB,HIGH
autsys,STUB,HIGH
autsys_1,STUB,HIGH
axiom,STUB,HIGH
backend,STUB,HIGH
backlog,STUB,HIGH
backlog_1,STUB,HIGH
backlog_test,STUB,HIGH
banner,STUB,HIGH
banners,STUB,HIGH
banner_3,STUB,HIGH
banner_analyzer,STUB,HIGH
banner_url,STUB,HIGH
base,STUB,HIGH
base-agent,STUB,HIGH
base_1,STUB,HIGH
base_3,STUB,HIGH
base_5,STUB,HIGH
base_tool,STUB,HIGH
basic_scan,STUB,HIGH
batch_task,STUB,HIGH
batch_task_manager,STUB,HIGH
batch_task_mcp,STUB,HIGH
beacongo,STUB,HIGH
beacon_host,STUB,HIGH
benchmark_juice_shop,STUB,HIGH
bevigil,STUB,HIGH
billing-detection,STUB,HIGH
binaryedge,STUB,HIGH
bing,STUB,HIGH
blackbox-config-agent,STUB,HIGH
blackbox-context,STUB,HIGH
blacklist_test,STUB,HIGH
bloodhound,STUB,HIGH
book,STUB,HIGH
browser-crawler-agent,STUB,HIGH
browser_agent,STUB,HIGH
brute,STUB,HIGH
bruteforce-ftp,STUB,HIGH
bruteforce-http,STUB,HIGH
bruteforce-rdp,STUB,HIGH
bruteforce-smb,STUB,HIGH
bruteforce-ssh,STUB,HIGH
brute_test,STUB,HIGH
bucket_exposure_engine,STUB,HIGH
bufferover,STUB,HIGH
bufferoverrun,STUB,HIGH
bug,STUB,HIGH
bug-bounty,STUB,HIGH
bug_2,STUB,HIGH
bug_report_2,STUB,HIGH
bug_report_3,STUB,HIGH
build,STUB,HIGH
build-mvn,STUB,HIGH
build-test,STUB,HIGH
builder,STUB,HIGH
builtin-tools,STUB,HIGH
builtwith,STUB,HIGH
BurpExtender,STUB,HIGH
BurpExtender1,STUB,HIGH
burp_client,STUB,HIGH
burp_commands,STUB,HIGH
burp_suite,STUB,HIGH
business-logic-agent,STUB,HIGH
business_logic_fuzz,STUB,HIGH
c1ae665a_findings,STUB,HIGH
c1ae665a_run_A_default,STUB,HIGH
c2-operator,STUB,HIGH
c2_1,STUB,HIGH
c2_hitl_bridge,STUB,HIGH
c2_lifecycle,STUB,HIGH
c2_tools,STUB,HIGH
c99,STUB,HIGH
capability_map,STUB,HIGH
captcha_replay,STUB,HIGH
categories,STUB,HIGH
censys,STUB,HIGH
censys_test,STUB,HIGH
certspotter,STUB,HIGH
certspotter_2,STUB,HIGH
cgo_specific,STUB,HIGH
chain,STUB,HIGH
chain_agent,STUB,HIGH
CHANGELOG,STUB,HIGH
CHANGELOG_121,STUB,HIGH
CHANGELOG_122,STUB,HIGH
CHANGELOG_123,STUB,HIGH
CHANGELOG_13,STUB,HIGH
CHANGELOG_14,STUB,HIGH
CHANGELOG_15,STUB,HIGH
CHANGELOG_16,STUB,HIGH
CHANGELOG_17,STUB,HIGH
CHANGELOG_18,STUB,HIGH
CHANGELOG_181,STUB,HIGH
CHANGELOG_182,STUB,HIGH
CHANGELOG_19,STUB,HIGH
CHANGELOG_2,STUB,HIGH
CHANGELOG_20,STUB,HIGH
CHANGELOG_3,STUB,HIGH
chaos,STUB,HIGH
chaos_2,STUB,HIGH
chat-files,STUB,HIGH
chatgpt,STUB,HIGH
chatgpt_api,STUB,HIGH
chatgpt_config_sample,STUB,HIGH
chat_config,STUB,HIGH
chat_uploads,STUB,HIGH
check-env,STUB,HIGH
checkpoint,STUB,HIGH
checkpoint-manager,STUB,HIGH
check_artifacts,STUB,HIGH
check_artifacts_all,STUB,HIGH
chinaz,STUB,HIGH
chunk_eino,STUB,HIGH
ci-cd,STUB,HIGH
cicd-redteam,STUB,HIGH
citations,STUB,HIGH
claims,STUB,HIGH
clair,STUB,HIGH
CLAUDE,STUB,HIGH
CLAUDE_4,STUB,HIGH
claude_bridge,STUB,HIGH
claude_reasoning_roundtrip,STUB,HIGH
claude_reasoning_roundtrip_test,STUB,HIGH
cleanup-rollback,STUB,HIGH
client,STUB,HIGH
client_1,STUB,HIGH
client_2,STUB,HIGH
client_4,STUB,HIGH
client_sdk,STUB,HIGH
clitest,STUB,HIGH
cli_1,STUB,HIGH
cli_2,STUB,HIGH
cli_3,STUB,HIGH
cli_4,STUB,HIGH
cli_5,STUB,HIGH
cmdi-agent,STUB,HIGH
cname,STUB,HIGH
codeclimate,STUB,HIGH
codecov,STUB,HIGH
codeql,STUB,HIGH
codeql-analysis,STUB,HIGH
CODE_OF_CONDUCT,STUB,HIGH
common,STUB,HIGH
commoncrawl,STUB,HIGH
common_2,STUB,HIGH
company_enrich,STUB,HIGH
company_rounds,STUB,HIGH
company_search,STUB,HIGH
compare_baseline,STUB,HIGH
compliance,STUB,HIGH
confidence_engine,STUB,HIGH
config,STUB,HIGH
config-loader,STUB,HIGH
config-parser,STUB,HIGH
config-schema,STUB,HIGH
config-schema_1,STUB,HIGH
configtest,STUB,HIGH
configure_mcp,STUB,HIGH
config_1,STUB,HIGH
config_2,STUB,HIGH
config_3,STUB,HIGH
config_4,STUB,HIGH
config_5,STUB,HIGH
config_6,STUB,HIGH
config_test,STUB,HIGH
conftest,STUB,HIGH
const,STUB,HIGH
constants,STUB,HIGH
constants_1,STUB,HIGH
contact,STUB,HIGH
container-api,STUB,HIGH
content,STUB,HIGH
content-discovery-agent,STUB,HIGH
content_fingerprint,STUB,HIGH
context_analyzer,STUB,HIGH
contracts,STUB,HIGH
CONTRIBUTING,STUB,HIGH
CONTRIBUTING_2,STUB,HIGH
CONTRIBUTING_3,STUB,HIGH
CONTRIBUTING_4,STUB,HIGH
CONTRIBUTING_5,STUB,HIGH
controller,STUB,HIGH
conversation,STUB,HIGH
conversation_manager,STUB,HIGH
cookie_prefix_bypass,STUB,HIGH
core,STUB,HIGH
corpus,STUB,HIGH
correlation_engine,STUB,HIGH
cors-probe-agent,STUB,HIGH
cors_reflection,STUB,HIGH
cortex,STUB,HIGH
cost,STUB,HIGH
coupon_forging,STUB,HIGH
COVERAGE,STUB,HIGH
COVERAGE_1,STUB,HIGH
crawler,STUB,HIGH
crawler-agent,STUB,HIGH
crawlercpython-313,STUB,HIGH
crawler_1,STUB,HIGH
crawler_2,STUB,HIGH
crawler_3,STUB,HIGH
createdFiles,STUB,HIGH
credential-tester,STUB,HIGH
credentialed-scans,STUB,HIGH
credential_detector,STUB,HIGH
crlfuzz,STUB,HIGH
crtsh_1,STUB,HIGH
crtsh_3,STUB,HIGH
CTF,STUB,HIGH
ctf-solver,STUB,HIGH
curl,STUB,HIGH
curl-known-security,STUB,HIGH
curl-robots,STUB,HIGH
cve_db,STUB,HIGH
cve_poc_primitives,STUB,HIGH
cvss-calculator,STUB,HIGH
cyberstrikeai-burp-extension-100,STUB,HIGH
CyberStrikeAIClient,STUB,HIGH
CyberStrikeAIClient1,STUB,HIGH
CyberStrikeAIClientAgentMode,STUB,HIGH
CyberStrikeAIClientConfig,STUB,HIGH
CyberStrikeAIClientStreamListener,STUB,HIGH
CyberStrikeAITab1,STUB,HIGH
CyberStrikeAITabDotIcon,STUB,HIGH
CyberStrikeAITabTestRun,STUB,HIGH
CyberStrikeAITabTestRunCellRenderer,STUB,HIGH
dalfox,STUB,HIGH
dark-matter,STUB,HIGH
dark-mattertest,STUB,HIGH
dashboard,STUB,HIGH
dashboard_1,STUB,HIGH
dashboard_2,STUB,HIGH
data-flow-mapper,STUB,HIGH
DATA-PRIVACY,STUB,HIGH
database_1,STUB,HIGH
datasources,STUB,HIGH
datasrcs,STUB,HIGH
datasrcs_test,STUB,HIGH
DeathNote_1,STUB,HIGH
debug,STUB,HIGH
debug-world-model,STUB,HIGH
DECISION,STUB,HIGH
decision_engine,STUB,HIGH
decision_engine_1,STUB,HIGH
dedup,STUB,HIGH
deduplicator,STUB,HIGH
deepseek,STUB,HIGH
deepseek_api,STUB,HIGH
deepsource,STUB,HIGH
default,STUB,HIGH
default_1,STUB,HIGH
default_single_system_prompt,STUB,HIGH
dep-auto-merge,STUB,HIGH
dependabot_2,STUB,HIGH
DEPENDENCIES,STUB,HIGH
dependency_graph,STUB,HIGH
DEPLOYMENT,STUB,HIGH
deserialization,STUB,HIGH
DESIGN-FEATURES,STUB,HIGH
detection-engineer,STUB,HIGH
detection_engine,STUB,HIGH
detector,STUB,HIGH
development,STUB,HIGH
diff,STUB,HIGH
digitalyama,STUB,HIGH
digitorus,STUB,HIGH
ding,STUB,HIGH
dirbrute,STUB,HIGH
dirbuster,STUB,HIGH
dirbuster_2,STUB,HIGH
directories,STUB,HIGH
dirsearch,STUB,HIGH
dirsearch_2,STUB,HIGH
dirsearch_tool,STUB,HIGH
DISCLAIMER_2,STUB,HIGH
dispatch,STUB,HIGH
dispatcher,STUB,HIGH
dns,STUB,HIGH
dns-reverse-lookup,STUB,HIGH
dns-zone-transfer,STUB,HIGH
dnsdb,STUB,HIGH
dnsdumpster,STUB,HIGH
dnsenum,STUB,HIGH
dnsenum_tool,STUB,HIGH
dnshistory,STUB,HIGH
dnslog,STUB,HIGH
dnsrecon,STUB,HIGH
dnsrecon-subdomain-bruteforce,STUB,HIGH
dnsrecon_tool,STUB,HIGH
dnsrepo,STUB,HIGH
dnsrepo_2,STUB,HIGH
dnsx,STUB,HIGH
dnsx_tool,STUB,HIGH
dns_extractor,STUB,HIGH
dns_pipeline,STUB,HIGH
dns_test,STUB,HIGH
dns_tool,STUB,HIGH
doc,STUB,HIGH
Dockerfile,STUB,HIGH
Dockerfile_1,STUB,HIGH
Dockerfile_10,STUB,HIGH
Dockerfile_11,STUB,HIGH
Dockerfile_2,STUB,HIGH
Dockerfile_5,STUB,HIGH
Dockerfile_6,STUB,HIGH
Dockerfile_8,STUB,HIGH
dockerhub-push,STUB,HIGH
docs,STUB,HIGH
docs_1,STUB,HIGH
doctor,STUB,HIGH
documentation-agent,STUB,HIGH
doc_1,STUB,HIGH
doc_2,STUB,HIGH
doc_3,STUB,HIGH
domain-profiler,STUB,HIGH
domainsproject,STUB,HIGH
domain_record,STUB,HIGH
dom_xss,STUB,HIGH
dot,STUB,HIGH
dotdotpwn,STUB,HIGH
dot_test,STUB,HIGH
DPA,STUB,HIGH
driftnet,STUB,HIGH
duckduckgo,STUB,HIGH
efd01c52_findings,STUB,HIGH
efd01c52_llm_coordinated_run,STUB,HIGH
efd01c52_probe_runs,STUB,HIGH
eino,STUB,HIGH
eino_checkpoint,STUB,HIGH
eino_execute_monitor,STUB,HIGH
eino_execute_streaming_wrap,STUB,HIGH
eino_exit_fallback_test,STUB,HIGH
eino_filesystem_tool_monitor,STUB,HIGH
eino_input_telemetry,STUB,HIGH
eino_meta,STUB,HIGH
eino_middleware,STUB,HIGH
eino_middleware_test,STUB,HIGH
eino_model_facing_trace,STUB,HIGH
eino_model_rewrite_pipeline,STUB,HIGH
eino_orchestration,STUB,HIGH
eino_resume_segment,STUB,HIGH
eino_retrieve_chain_test,STUB,HIGH
eino_single_agent,STUB,HIGH
eino_single_runner,STUB,HIGH
eino_skills,STUB,HIGH
eino_sse_sanitizer,STUB,HIGH
eino_sse_sanitizer_test,STUB,HIGH
eino_summarize,STUB,HIGH
eino_summarize_test,STUB,HIGH
eino_test,STUB,HIGH
eino_tool_name_injection,STUB,HIGH
eino_transient_retry,STUB,HIGH
eino_transient_retry_test,STUB,HIGH
email,STUB,HIGH
embedding,STUB,HIGH
employees,STUB,HIGH
en-US,STUB,HIGH
endpoint_classifier,STUB,HIGH
engagement-planning,STUB,HIGH
engine,STUB,HIGH
engineapi,STUB,HIGH
engineapi_test,STUB,HIGH
engine_1,STUB,HIGH
enhanced-report,STUB,HIGH
entrypoint_1,STUB,HIGH
enum4linux,STUB,HIGH
enumerate,STUB,HIGH
enumerate_test,STUB,HIGH
envexpand,STUB,HIGH
envexpand_test,STUB,HIGH
env_1,STUB,HIGH
env_2,STUB,HIGH
env_4,STUB,HIGH
epistemic-reasoning,STUB,HIGH
EQBSL-Primer,STUB,HIGH
error,STUB,HIGH
error-formatter,STUB,HIGH
error-handling,STUB,HIGH
ErrorPatternAnalyzertest,STUB,HIGH
errors,STUB,HIGH
eslintconfig,STUB,HIGH
evaluator,STUB,HIGH
events,STUB,HIGH
events_1,STUB,HIGH
EVIDENCE,STUB,HIGH
evidence-graph,STUB,HIGH
evidence-normalizers,STUB,HIGH
EvidenceCommand,STUB,HIGH
example-blackbox-config,STUB,HIGH
example-config,STUB,HIGH
example-config_1,STUB,HIGH
example-detection-rule,STUB,HIGH
example-engagement-plan,STUB,HIGH
example-nmap-analysis,STUB,HIGH
example-report-excerpt,STUB,HIGH
example_sqlmap,STUB,HIGH
example_sqlmap_1,STUB,HIGH
execute-python-script,STUB,HIGH
execution,STUB,HIGH
execution-log,STUB,HIGH
execution-runner,STUB,HIGH
execution_view,STUB,HIGH
executor,STUB,HIGH
executor_2,STUB,HIGH
executor_helpers,STUB,HIGH
exif_metadata,STUB,HIGH
explanation_engine,STUB,HIGH
exporter,STUB,HIGH
exposure_classifier,STUB,HIGH
exposure_prioritizer,STUB,HIGH
express-scaffold,STUB,HIGH
external-recon,STUB,HIGH
external_manager,STUB,HIGH
external_manager_test,STUB,HIGH
external_mcp,STUB,HIGH
external_mcp_test,STUB,HIGH
extractor,STUB,HIGH
extract_cookie,STUB,HIGH
eyewitness,STUB,HIGH
facebook,STUB,HIGH
falco,STUB,HIGH
false_positive_filter,STUB,HIGH
fastapi-scaffold,STUB,HIGH
feature,STUB,HIGH
feature-collector,STUB,HIGH
feature_2,STUB,HIGH
feature_request,STUB,HIGH
feature_request_3,STUB,HIGH
feroxbuster,STUB,HIGH
ffuf,STUB,HIGH
ffuf_2,STUB,HIGH
ffuf_tool,STUB,HIGH
fierce,STUB,HIGH
fierce_tool,STUB,HIGH
file,STUB,HIGH
file-io,STUB,HIGH
file-operations,STUB,HIGH
files,STUB,HIGH
file_upload_validation,STUB,HIGH
filter,STUB,HIGH
filternet-bayes,STUB,HIGH
find,STUB,HIGH
findings_1,STUB,HIGH
findings_db,STUB,HIGH
findomain,STUB,HIGH
findsubdomains,STUB,HIGH
fingerprints,STUB,HIGH
fingerprint_correlator,STUB,HIGH
fofa,STUB,HIGH
fofa_2,STUB,HIGH
fofa_search,STUB,HIGH
forced_error,STUB,HIGH
forensics-analyst,STUB,HIGH
fork-philosophy,STUB,HIGH
formatting,STUB,HIGH
fping_tool,STUB,HIGH
fqdn,STUB,HIGH
fqdn_endpoint,STUB,HIGH
fqdn_lookup,STUB,HIGH
frontend-i18n,STUB,HIGH
frontmatter,STUB,HIGH
fullhunt,STUB,HIGH
full_v0,STUB,HIGH
full_v1,STUB,HIGH
full_v2,STUB,HIGH
functional,STUB,HIGH
FUNDING_1,STUB,HIGH
fuzzy,STUB,HIGH
fuzz_wordlist,STUB,HIGH
gau,STUB,HIGH
gau_2,STUB,HIGH
gemini,STUB,HIGH
gemini_api,STUB,HIGH
generate-totp,STUB,HIGH
generator,STUB,HIGH
generatorcpython-313,STUB,HIGH
get-arch,STUB,HIGH
getting-started,STUB,HIGH
gexf,STUB,HIGH
gexf_test,STUB,HIGH
ghost-traffic,STUB,HIGH
ghost-traffictest,STUB,HIGH
git-manager,STUB,HIGH
gitbook,STUB,HIGH
github,STUB,HIGH
github_subdomains,STUB,HIGH
gitlab,STUB,HIGH
gleif,STUB,HIGH
gleif_1,STUB,HIGH
glob,STUB,HIGH
global,STUB,HIGH
gobuster,STUB,HIGH
gobuster_2,STUB,HIGH
gobuster_tool,STUB,HIGH
goreleaser,STUB,HIGH
goreleaser_1,STUB,HIGH
gospider,STUB,HIGH
gosum,STUB,HIGH
go_1,STUB,HIGH
go_4,STUB,HIGH
gpt4all_api,STUB,HIGH
graph,STUB,HIGH
graphdb,STUB,HIGH
graphdb_test,STUB,HIGH
graphql,STUB,HIGH
graphql-scanner,STUB,HIGH
graphql_introspection,STUB,HIGH
graphql_tool,STUB,HIGH
grepapp,STUB,HIGH
ground-truth-agent,STUB,HIGH
ground-truth-validator,STUB,HIGH
group,STUB,HIGH
guided,STUB,HIGH
guided_recon,STUB,HIGH
guided_recon_1,STUB,HIGH
guided_recon_121,STUB,HIGH
guided_recon_122,STUB,HIGH
guided_view,STUB,HIGH
hackertarget,STUB,HIGH
hackertarget_1,STUB,HIGH
hackertarget_3,STUB,HIGH
hakrawler,STUB,HIGH
hakrawler_tool,STUB,HIGH
handlers,STUB,HIGH
harness,STUB,HIGH
hashpump,STUB,HIGH
headers,STUB,HIGH
headers_inject,STUB,HIGH
header_checker,STUB,HIGH
health-monitor,STUB,HIGH
hexstrike-ai-mcp,STUB,HIGH
hexstrike_mcp,STUB,HIGH
hexstrike_server,STUB,HIGH
hidden_discovery,STUB,HIGH
hitl,STUB,HIGH
hitl_context,STUB,HIGH
hitl_middleware,STUB,HIGH
holder,STUB,HIGH
host_header_reset_poisoning,STUB,HIGH
HTB_challenge_Template,STUB,HIGH
http,STUB,HIGH
http-framework-test,STUB,HIGH
httpbinorg__20260515_233823,STUB,HIGH
HttpMessageFormatter,STUB,HIGH
HTTPMethodAnalyzertest,STUB,HIGH
httpx,STUB,HIGH
httpx_tool,STUB,HIGH
http_clients,STUB,HIGH
http_extractor,STUB,HIGH
http_test,STUB,HIGH
hudsonrock,STUB,HIGH
hunterio,STUB,HIGH
i18n,STUB,HIGH
idor_authenticated,STUB,HIGH
idor_authz_differential,STUB,HIGH
idor_sequential,STUB,HIGH
impact-exfiltration,STUB,HIGH
index,STUB,HIGH
indexer,STUB,HIGH
index_1,STUB,HIGH
index_10,STUB,HIGH
index_11,STUB,HIGH
index_12,STUB,HIGH
index_13,STUB,HIGH
index_14,STUB,HIGH
index_15,STUB,HIGH
index_16,STUB,HIGH
index_17,STUB,HIGH
index_2,STUB,HIGH
index_3,STUB,HIGH
index_4,STUB,HIGH
index_6,STUB,HIGH
index_7,STUB,HIGH
index_8,STUB,HIGH
index_9,STUB,HIGH
index_pipeline_test,STUB,HIGH
inference,STUB,HIGH
inferencetest,STUB,HIGH
info-collect,STUB,HIGH
infrastructure_view,STUB,HIGH
ini,STUB,HIGH
initialize,STUB,HIGH
input-validator,STUB,HIGH
inputFiles,STUB,HIGH
install,STUB,HIGH
install-git-hooks,STUB,HIGH
install-python-package,STUB,HIGH
installation,STUB,HIGH
install_1,STUB,HIGH
INSTALL_2,STUB,HIGH
install_4,STUB,HIGH
install_planner,STUB,HIGH
install_preferences,STUB,HIGH
install_wizard,STUB,HIGH
integration,STUB,HIGH
intelligence_concepts,STUB,HIGH
intelligence_pipeline,STUB,HIGH
intelx,STUB,HIGH
interactive,STUB,HIGH
interrupt,STUB,HIGH
introduction,STUB,HIGH
ipaddr,STUB,HIGH
ipaddr_endpoint,STUB,HIGH
ipnet,STUB,HIGH
ipverse,STUB,HIGH
ip_netblock,STUB,HIGH
issue-report,STUB,HIGH
issue_importer,STUB,HIGH
jaeles,STUB,HIGH
jarm,STUB,HIGH
jina,STUB,HIGH
js-analysis,STUB,HIGH
jsluice_patterns,STUB,HIGH
js_analyzer,STUB,HIGH
juice-shop,STUB,HIGH
juiceshop,STUB,HIGH
junit_xml,STUB,HIGH
jwt_jku_x5u_ssrf,STUB,HIGH
katana,STUB,HIGH
katana_2,STUB,HIGH
katana_tool,STUB,HIGH
Keygraph_Button,STUB,HIGH
kiterunner,STUB,HIGH
kiterunner_tool,STUB,HIGH
knowledge,STUB,HIGH
knowledge-base,STUB,HIGH
knowledgejs,STUB,HIGH
knowledge_base,STUB,HIGH
knowledge_base_1,STUB,HIGH
known_fqdn,STUB,HIGH
kubernetes_analyzer,STUB,HIGH
langfuse,STUB,HIGH
lark,STUB,HIGH
lateral-movement,STUB,HIGH
layout,STUB,HIGH
ldap-search,STUB,HIGH
ldap_injection,STUB,HIGH
leaked_credentials,STUB,HIGH
leakix,STUB,HIGH
leakix_2,STUB,HIGH
learning_mode,STUB,HIGH
ledger,STUB,HIGH
legacy,STUB,HIGH
LegacyPentestRunner,STUB,HIGH
lei_record,STUB,HIGH
lfi_wordlist,STUB,HIGH
libc-database,STUB,HIGH
library,STUB,HIGH
LICENSE,STUB,HIGH
LICENSE_1,STUB,HIGH
LICENSE_10,STUB,HIGH
LICENSE_12,STUB,HIGH
LICENSE_13,STUB,HIGH
LICENSE_14,STUB,HIGH
LICENSE_2,STUB,HIGH
LICENSE_3,STUB,HIGH
LICENSE_4,STUB,HIGH
LICENSE_6,STUB,HIGH
LICENSE_7,STUB,HIGH
LICENSE_9,STUB,HIGH
linkedin,STUB,HIGH
linpeas,STUB,HIGH
lint,STUB,HIGH
lint_python,STUB,HIGH
listener,STUB,HIGH
listener_http,STUB,HIGH
listener_tcp,STUB,HIGH
listener_websocket,STUB,HIGH
live_capture,STUB,HIGH
llm,STUB,HIGH
llm-analysis,STUB,HIGH
llm-analyzer,STUB,HIGH
llm-app-redteam,STUB,HIGH
llm-client,STUB,HIGH
llm-clienttest,STUB,HIGH
llm-clienttest_1,STUB,HIGH
llm-client_1,STUB,HIGH
llm-redteam,STUB,HIGH
llm_api,STUB,HIGH
load,STUB,HIGH
loader_1,STUB,HIGH
LOCAL-SETUP,STUB,HIGH
local-source-generator,STUB,HIGH
location,STUB,HIGH
locations,STUB,HIGH
location_1,STUB,HIGH
log,STUB,HIGH
log-stream,STUB,HIGH
logger,STUB,HIGH
loggercpython-313,STUB,HIGH
logger_1,STUB,HIGH
logger_2,STUB,HIGH
login-instructions,STUB,HIGH
login-instructions_1,STUB,HIGH
logo,STUB,HIGH
logo_1,STUB,HIGH
logs,STUB,HIGH
lookup-sid,STUB,HIGH
main,STUB,HIGH
main_1,STUB,HIGH
main_10,STUB,HIGH
main_11,STUB,HIGH
main_12,STUB,HIGH
main_14,STUB,HIGH
main_15,STUB,HIGH
main_17,STUB,HIGH
main_18,STUB,HIGH
main_2,STUB,HIGH
main_3,STUB,HIGH
main_4,STUB,HIGH
main_5,STUB,HIGH
main_6,STUB,HIGH
main_7,STUB,HIGH
main_8,STUB,HIGH
main_9,STUB,HIGH
main_server_http_redirect,STUB,HIGH
main_server_http_redirect_test,STUB,HIGH
main_server_tls,STUB,HIGH
Makefile_2,STUB,HIGH
Makefile_3,STUB,HIGH
maltego,STUB,HIGH
malware-analyst,STUB,HIGH
manager_1,STUB,HIGH
manager_2,STUB,HIGH
mapcidr,STUB,HIGH
mapping,STUB,HIGH
markdown,STUB,HIGH
MarkdownRenderer,STUB,HIGH
markdown_agents,STUB,HIGH
markdown_orchestrator_test,STUB,HIGH
markers,STUB,HIGH
marketplace,STUB,HIGH
masscan,STUB,HIGH
masscan_2,STUB,HIGH
massdns,STUB,HIGH
massdns_tool,STUB,HIGH
mass_assignment,STUB,HIGH
match,STUB,HIGH
mcp,STUB,HIGH
mcp-management,STUB,HIGH
mcp-stdio2,STUB,HIGH
mcp_client,STUB,HIGH
mcp_manager,STUB,HIGH
mcp_pent_claude_agent,STUB,HIGH
mcp_reverse_shell,STUB,HIGH
mcp_setup,STUB,HIGH
mcp_tools,STUB,HIGH
mcp_tools_test,STUB,HIGH
memory,STUB,HIGH
memory_compressor,STUB,HIGH
menu,STUB,HIGH
merklemap,STUB,HIGH
message-handlers,STUB,HIGH
meta,STUB,HIGH
meta-cognition,STUB,HIGH
metasploit-agent,STUB,HIGH
methodology_engine,STUB,HIGH
metrics,STUB,HIGH
metrics-tracker,STUB,HIGH
metrics_1,STUB,HIGH
mobile_agent,STUB,HIGH
mock_pipelinetest,STUB,HIGH
model-registry,STUB,HIGH
ModelCommand,STUB,HIGH
models,STUB,HIGH
models_1,STUB,HIGH
models_2,STUB,HIGH
models_5,STUB,HIGH
model_manager,STUB,HIGH
modes,STUB,HIGH
MODS,STUB,HIGH
module_import,STUB,HIGH
monitor,STUB,HIGH
monitor_1,STUB,HIGH
MSSQLInjection,STUB,HIGH
multi_agent,STUB,HIGH
MULTI_AGENT_EINO,STUB,HIGH
multi_agent_prepare,STUB,HIGH
naabu_tool,STUB,HIGH
namelist,STUB,HIGH
navigator,STUB,HIGH
nbtscan,STUB,HIGH
netblock,STUB,HIGH
netblock_1,STUB,HIGH
netdiscover_tool,STUB,HIGH
netexec,STUB,HIGH
netlas,STUB,HIGH
network-recon,STUB,HIGH
networks,STUB,HIGH
nextjs_rsc_rce,STUB,HIGH
next_step_predictor,STUB,HIGH
nikto_2,STUB,HIGH
nikto_tool,STUB,HIGH
nmap-ajp,STUB,HIGH
nmap-cassandra,STUB,HIGH
nmap-cups,STUB,HIGH
nmap-dns,STUB,HIGH
nmap-finger,STUB,HIGH
nmap-ftp,STUB,HIGH
nmap-http,STUB,HIGH
nmap-imap,STUB,HIGH
nmap-irc,STUB,HIGH
nmap-kerberos,STUB,HIGH
nmap-ldap,STUB,HIGH
nmap-mongodb,STUB,HIGH
nmap-mountd,STUB,HIGH
nmap-msrpc,STUB,HIGH
nmap-mssql,STUB,HIGH
nmap-multicast-dns,STUB,HIGH
nmap-mysql,STUB,HIGH
nmap-nfs,STUB,HIGH
nmap-nntp,STUB,HIGH
nmap-ntp,STUB,HIGH
nmap-oracle,STUB,HIGH
nmap-pop3,STUB,HIGH
nmap-rdp,STUB,HIGH
nmap-redis,STUB,HIGH
nmap-rmi,STUB,HIGH
nmap-rsync,STUB,HIGH
nmap-sip,STUB,HIGH
nmap-smb,STUB,HIGH
nmap-smtp,STUB,HIGH
nmap-snmp,STUB,HIGH
nmap-ssh,STUB,HIGH
nmap-telnet,STUB,HIGH
nmap-tftp,STUB,HIGH
nmap-vnc,STUB,HIGH
nmap_tool_1,STUB,HIGH
normalization,STUB,HIGH
normalize_streaming_delta_test,STUB,HIGH
normalize_streaming_eof_test,STUB,HIGH
nosql_fuzz,STUB,HIGH
notifications,STUB,HIGH
notify,STUB,HIGH
no_nested_task,STUB,HIGH
nuclei-agent,STUB,HIGH
nuclei-template-sha,STUB,HIGH
nuclei_2,STUB,HIGH
nuclei_tool,STUB,HIGH
oauth_pkce_downgrade,STUB,HIGH
ollama,STUB,HIGH
ollama_api,STUB,HIGH
one-gadget,STUB,HIGH
onesixtyone,STUB,HIGH
onyphe,STUB,HIGH
openai,STUB,HIGH
openapi,STUB,HIGH
openapi-discovery-agent,STUB,HIGH
openapi_i18n,STUB,HIGH
openapi_parser,STUB,HIGH
open_ai,STUB,HIGH
operations_center,STUB,HIGH
opsec-anonymizer,STUB,HIGH
opsec-evasion,STUB,HIGH
options,STUB,HIGH
options_2,STUB,HIGH
oracle-odat,STUB,HIGH
oracle-patator,STUB,HIGH
oracle-scanner,STUB,HIGH
oracle-tnscmd,STUB,HIGH
OracleSQLInjection,STUB,HIGH
orchestrator-plan-execute,STUB,HIGH
orchestrator-supervisor,STUB,HIGH
orchestratortest,STUB,HIGH
orchestrator_instruction,STUB,HIGH
org,STUB,HIGH
orgs,STUB,HIGH
org_1,STUB,HIGH
org_lei,STUB,HIGH
orphan_tool_pruner_middleware,STUB,HIGH
orphan_tool_pruner_middleware_test,STUB,HIGH
osrframework,STUB,HIGH
otel,STUB,HIGH
outputter,STUB,HIGH
output_parser,STUB,HIGH
package,STUB,HIGH
package-lock,STUB,HIGH
package-lock_1,STUB,HIGH
package_1,STUB,HIGH
package_2,STUB,HIGH
package_4,STUB,HIGH
package_5,STUB,HIGH
parallel,STUB,HIGH
parallel_scans,STUB,HIGH
parameter_discovery,STUB,HIGH
parameter_mapper,STUB,HIGH
paramspider,STUB,HIGH
parse,STUB,HIGH
parsers,STUB,HIGH
parser_mixin,STUB,HIGH
parse_test,STUB,HIGH
passive,STUB,HIGH
passivetotal,STUB,HIGH
password_reset_weak,STUB,HIGH
paths,STUB,HIGH
paths_1,STUB,HIGH
path_traversal,STUB,HIGH
payload-crafter,STUB,HIGH
payload_builder,STUB,HIGH
pcap_parser,STUB,HIGH
penetration,STUB,HIGH
pentest-ai,STUB,HIGH
pentest-mcp-server,STUB,HIGH
PentestGPT-720WebShareName,STUB,HIGH
PentestGPT_design,STUB,HIGH
pentestGPT_HTB_phonebook_failed,STUB,HIGH
pentestGPT_log_HTB_Precious,STUB,HIGH
pentesting,STUB,HIGH
pentest_agent,STUB,HIGH
pentest_gpt,STUB,HIGH
pentest_gpt_rebuilt,STUB,HIGH
pent_claude_agent_config,STUB,HIGH
permutations_list,STUB,HIGH
permutations_list_short,STUB,HIGH
perplexity,STUB,HIGH
persistence-maintenance,STUB,HIGH
persistencetest,STUB,HIGH
phishing-operator,STUB,HIGH
pipelines,STUB,HIGH
pipeline_engine,STUB,HIGH
planner,STUB,HIGH
plan_execute_executor,STUB,HIGH
plan_execute_steps_cap,STUB,HIGH
plan_execute_steps_cap_test,STUB,HIGH
plan_execute_text,STUB,HIGH
plan_execute_text_test,STUB,HIGH
playbook,STUB,HIGH
playwright-config-writer,STUB,HIGH
plugin,STUB,HIGH
plugin_1,STUB,HIGH
plugin_10,STUB,HIGH
plugin_11,STUB,HIGH
plugin_12,STUB,HIGH
plugin_2,STUB,HIGH
plugin_3,STUB,HIGH
plugin_4,STUB,HIGH
plugin_5,STUB,HIGH
plugin_6,STUB,HIGH
plugin_7,STUB,HIGH
plugin_8,STUB,HIGH
plugin_center,STUB,HIGH
plugin_loader,STUB,HIGH
plugin_loader_1,STUB,HIGH
plugin_manager,STUB,HIGH
pnpm-workspace,STUB,HIGH
poc_agent,STUB,HIGH
pom,STUB,HIGH
portscan,STUB,HIGH
portscan-all-tcp-ports,STUB,HIGH
portscan-guess-tcp-ports,STUB,HIGH
portscan-top-100-udp-ports,STUB,HIGH
portscan-top-tcp-ports,STUB,HIGH
port_prioritizer,STUB,HIGH
PostgreSQLInjection,STUB,HIGH
postman_parser,STUB,HIGH
pre-commit-config,STUB,HIGH
pre-commit-config_1,STUB,HIGH
pre-recon,STUB,HIGH
pre-recon-code_2,STUB,HIGH
pre-recon-code_3,STUB,HIGH
preflight,STUB,HIGH
preflight-check,STUB,HIGH
print,STUB,HIGH
PRIVACY,STUB,HIGH
privilege-escalation,STUB,HIGH
privilege_escalation_patch,STUB,HIGH
probes,STUB,HIGH
process,STUB,HIGH
process_registry,STUB,HIGH
production,STUB,HIGH
profundis,STUB,HIGH
progress-indicator,STUB,HIGH
progress-manager,STUB,HIGH
project_manager,STUB,HIGH
prompt-manager,STUB,HIGH
prompts,STUB,HIGH
prompt_class_v1,STUB,HIGH
prompt_class_v2,STUB,HIGH
prompt_select,STUB,HIGH
prospeo,STUB,HIGH
protocol_detector,STUB,HIGH
prototype_pollution,STUB,HIGH
proxy_controller,STUB,HIGH
pseudo-source-builder,STUB,HIGH
ptt_reasoning,STUB,HIGH
pugrecon,STUB,HIGH
PULL_REQUEST_TEMPLATE,STUB,HIGH
PULL_REQUEST_TEMPLATE_2,STUB,HIGH
puredns,STUB,HIGH
puredns_tool,STUB,HIGH
pure_go,STUB,HIGH
pwninit,STUB,HIGH
pyproject,STUB,HIGH
pyproject_2,STUB,HIGH
pyproject_4,STUB,HIGH
pyproject_5,STUB,HIGH
pyshark_engine,STUB,HIGH
pythonorg_headers_20241216_000049,STUB,HIGH
pythonorg_subdomains_20241215_235829,STUB,HIGH
quake,STUB,HIGH
quake_search,STUB,HIGH
queue,STUB,HIGH
queue-validator,STUB,HIGH
quick_action_bar,STUB,HIGH
race_condition,STUB,HIGH
radare2,STUB,HIGH
ranger,STUB,HIGH
rapiddns,STUB,HIGH
rapiddns_2,STUB,HIGH
ratelimit_test,STUB,HIGH
rdap,STUB,HIGH
reactive-verifier,STUB,HIGH
README,STUB,HIGH
READMEzh-CN,STUB,HIGH
README_1,STUB,HIGH
README_10,STUB,HIGH
README_11,STUB,HIGH
README_12,STUB,HIGH
README_13,STUB,HIGH
README_14,STUB,HIGH
README_15,STUB,HIGH
README_16,STUB,HIGH
README_17,STUB,HIGH
README_18,STUB,HIGH
README_2,STUB,HIGH
README_20,STUB,HIGH
README_23,STUB,HIGH
README_24,STUB,HIGH
README_25,STUB,HIGH
README_26,STUB,HIGH
README_27,STUB,HIGH
README_3,STUB,HIGH
README_31,STUB,HIGH
README_32,STUB,HIGH
README_33,STUB,HIGH
README_34,STUB,HIGH
README_35,STUB,HIGH
README_36,STUB,HIGH
README_38,STUB,HIGH
README_39,STUB,HIGH
README_4,STUB,HIGH
README_40,STUB,HIGH
README_41,STUB,HIGH
README_42,STUB,HIGH
README_43,STUB,HIGH
README_44,STUB,HIGH
README_45,STUB,HIGH
README_47,STUB,HIGH
README_48,STUB,HIGH
README_49,STUB,HIGH
README_5,STUB,HIGH
README_50,STUB,HIGH
README_51,STUB,HIGH
README_52,STUB,HIGH
README_53,STUB,HIGH
README_54,STUB,HIGH
README_55,STUB,HIGH
README_57,STUB,HIGH
README_58,STUB,HIGH
README_6,STUB,HIGH
README_7,STUB,HIGH
README_8,STUB,HIGH
README_9,STUB,HIGH
README_CN,STUB,HIGH
README_CN_1,STUB,HIGH
README_CN_2,STUB,HIGH
README_CN_3,STUB,HIGH
README_EN,STUB,HIGH
realdemo,STUB,HIGH
realdemo-paced,STUB,HIGH
reasoning_trace,STUB,HIGH
reasoning_trace_test,STUB,HIGH
recommend,STUB,HIGH
recommendation_engine,STUB,HIGH
recommendation_engine_1,STUB,HIGH
recon,STUB,HIGH
recon-advisor,STUB,HIGH
reconeer,STUB,HIGH
reconftw,STUB,HIGH
reconftw_1,STUB,HIGH
reconftw_full,STUB,HIGH
reconftw_prox_deploy,STUB,HIGH
reconftw_quick,STUB,HIGH
reconftw_stealth,STUB,HIGH
reconx_engine,STUB,HIGH
recon_2,STUB,HIGH
recon_3,STUB,HIGH
recon_agent,STUB,HIGH
recon_strategy,STUB,HIGH
recorder,STUB,HIGH
redhuntlabs,STUB,HIGH
redirect-host-discovery,STUB,HIGH
redis-cli,STUB,HIGH
REFERENCE,STUB,HIGH
reflected_xss,STUB,HIGH
registry,STUB,HIGH
registry_1,STUB,HIGH
registry_121,STUB,HIGH
registry_122,STUB,HIGH
registry_123,STUB,HIGH
registry_181,STUB,HIGH
registry_182,STUB,HIGH
registry_2,STUB,HIGH
registry_3,STUB,HIGH
registry_4,STUB,HIGH
registry_5,STUB,HIGH
registry_8,STUB,HIGH
registry_bridge,STUB,HIGH
registry_test,STUB,HIGH
reg_records,STUB,HIGH
related,STUB,HIGH
relationship_graph,STUB,HIGH
relationship_mapper,STUB,HIGH
release,STUB,HIGH
release-binary,STUB,HIGH
release-pypi,STUB,HIGH
release-test,STUB,HIGH
releaserc,STUB,HIGH
remediation-agent,STUB,HIGH
renderer,STUB,HIGH
renderers,STUB,HIGH
replay,STUB,HIGH
replay_engine,STUB,HIGH
report-executive_1,STUB,HIGH
report-executive_2,STUB,HIGH
report-output-provider,STUB,HIGH
report-snippet,STUB,HIGH
reporter,STUB,HIGH
reporthtml,STUB,HIGH
reporting-cherrytree,STUB,HIGH
reporting-markdown,STUB,HIGH
reporting-remediation,STUB,HIGH
report_121,STUB,HIGH
report_14,STUB,HIGH
report_15,STUB,HIGH
report_16,STUB,HIGH
report_17,STUB,HIGH
report_18,STUB,HIGH
report_agent,STUB,HIGH
report_generator,STUB,HIGH
report_injector,STUB,HIGH
report_injector_1,STUB,HIGH
report_injector_2,STUB,HIGH
requirements,STUB,HIGH
requirements_11,STUB,HIGH
requirements_12,STUB,HIGH
requirements_14,STUB,HIGH
requirements_15,STUB,HIGH
requirements_16,STUB,HIGH
requirements_2,STUB,HIGH
requirements_3,STUB,HIGH
requirements_5,STUB,HIGH
requirements_6,STUB,HIGH
requirements_8,STUB,HIGH
requirements_9,STUB,HIGH
reset_juice_shop,STUB,HIGH
resilience,STUB,HIGH
resiliencetest,STUB,HIGH
resolve,STUB,HIGH
resolvers,STUB,HIGH
resolvers_1,STUB,HIGH
resolvers_test,STUB,HIGH
resolver_manager,STUB,HIGH
resources,STUB,HIGH
resource_availability,STUB,HIGH
responder,STUB,HIGH
response_headers,STUB,HIGH
RESPONSIBLE_DISCLOSURE,STUB,HIGH
rest_api,STUB,HIGH
result,STUB,HIGH
retrieval_postprocess,STUB,HIGH
retrieval_postprocess_test,STUB,HIGH
retry,STUB,HIGH
reverse,STUB,HIGH
reverse-engineer,STUB,HIGH
review,STUB,HIGH
riddler,STUB,HIGH
rigid,STUB,HIGH
rigid_test,STUB,HIGH
risk_mapper,STUB,HIGH
risk_scorer,STUB,HIGH
risk_scoring,STUB,HIGH
ROADMAP,STUB,HIGH
robot,STUB,HIGH
robot_en,STUB,HIGH
robtext,STUB,HIGH
role,STUB,HIGH
roles,STUB,HIGH
rollback-beta,STUB,HIGH
router,STUB,HIGH
route_correlator,STUB,HIGH
rpcclient,STUB,HIGH
rpcdump,STUB,HIGH
rsync-list-files,STUB,HIGH
run,STUB,HIGH
run-shannon-blackbox,STUB,HIGH
RunCommand,STUB,HIGH
runner,STUB,HIGH
runner_1,STUB,HIGH
runner_3,STUB,HIGH
runner_reasoning_history_test,STUB,HIGH
run_all,STUB,HIGH
run_bench,STUB,HIGH
run_benchmarks,STUB,HIGH
run_context,STUB,HIGH
run_dvwa_engagement,STUB,HIGH
run_dvwa_full,STUB,HIGH
run_summary,STUB,HIGH
run_summary_1,STUB,HIGH
run_tests,STUB,HIGH
rustscan,STUB,HIGH
rustscan_2,STUB,HIGH
rustscan_tool,STUB,HIGH
saml_xsw,STUB,HIGH
sandbox,STUB,HIGH
sanitize,STUB,HIGH
save-deliverable,STUB,HIGH
save_results,STUB,HIGH
scanners,STUB,HIGH
scanner_5,STUB,HIGH
scan_optimizer,STUB,HIGH
scheduler,STUB,HIGH
schedulertest,STUB,HIGH
scheduler_2,STUB,HIGH
schema-gen-agent,STUB,HIGH
schemas,STUB,HIGH
schemas_1,STUB,HIGH
scope,STUB,HIGH
scope_1,STUB,HIGH
scope_test,STUB,HIGH
SCORE,STUB,HIGH
SCORE_1,STUB,HIGH
SCORE_2,STUB,HIGH
score_juiceshop,STUB,HIGH
Screenshot1,STUB,HIGH
search,STUB,HIGH
search_2,STUB,HIGH
secretscfg,STUB,HIGH
SECURITY,STUB,HIGH
security-header-analyzer,STUB,HIGH
SecurityHeaderAnalyzer,STUB,HIGH
SecurityHeaderAnalyzertest,STUB,HIGH
securitytrails,STUB,HIGH
securitytrails_2,STUB,HIGH
SECURITY_2,STUB,HIGH
security_tools,STUB,HIGH
sensitive_detector,STUB,HIGH
sensitive_domains,STUB,HIGH
server,STUB,HIGH
server_1,STUB,HIGH
server_2,STUB,HIGH
server_3,STUB,HIGH
server_https_bootstrap,STUB,HIGH
service,STUB,HIGH
services_commands,STUB,HIGH
service_1,STUB,HIGH
service_correlator,STUB,HIGH
service_intelligence_view,STUB,HIGH
service_learning,STUB,HIGH
session,STUB,HIGH
sessions,STUB,HIGH
session_manager,STUB,HIGH
settings,STUB,HIGH
settings_1,STUB,HIGH
settings_3,STUB,HIGH
settings_4,STUB,HIGH
setup_2,STUB,HIGH
severity_engine,STUB,HIGH
shadow-it,STUB,HIGH
shadow-ittest,STUB,HIGH
shannon,STUB,HIGH
shannon-action,STUB,HIGH
SHANNON-PRO,STUB,HIGH
shannon-report-crapi,STUB,HIGH
shannon-report-juice-shop,STUB,HIGH
shannon-scan,STUB,HIGH
shannon-screen_1,STUB,HIGH
shared,STUB,HIGH
sherlock,STUB,HIGH
shodan_api,STUB,HIGH
shodan_apicpython-313,STUB,HIGH
shodan_recon_plugin,STUB,HIGH
shodan_search,STUB,HIGH
showmount,STUB,HIGH
shuffledns,STUB,HIGH
shuffledns_tool,STUB,HIGH
SimpleJson,STUB,HIGH
sipvicious,STUB,HIGH
sitedossier,STUB,HIGH
sitedossier_2,STUB,HIGH
sitemap-agent,STUB,HIGH
SKILL,STUB,HIGH
skills,STUB,HIGH
SKILL_11,STUB,HIGH
SKILL_13,STUB,HIGH
SKILL_19,STUB,HIGH
SKILL_2,STUB,HIGH
SKILL_20,STUB,HIGH
SKILL_22,STUB,HIGH
SKILL_23,STUB,HIGH
SKILL_3,STUB,HIGH
SKILL_5,STUB,HIGH
SKILL_6,STUB,HIGH
SKILL_7,STUB,HIGH
SKILL_8,STUB,HIGH
SKILL_9,STUB,HIGH
sleep,STUB,HIGH
smart-scan,STUB,HIGH
smart-scan-expanded-toolset,STUB,HIGH
smart-scan-on-search,STUB,HIGH
smbclient,STUB,HIGH
smbmap,STUB,HIGH
snmpwalk,STUB,HIGH
solution,STUB,HIGH
solved-challenges,STUB,HIGH
source-gen-agent,STUB,HIGH
sources,STUB,HIGH
sources_test,STUB,HIGH
sources_wo_auth_test,STUB,HIGH
sources_w_auth_test,STUB,HIGH
spa_probes,STUB,HIGH
SPEC,STUB,HIGH
spiderfoot,STUB,HIGH
splash,STUB,HIGH
spotter,STUB,HIGH
sqli_fuzz,STUB,HIGH
sqli_login_bypass,STUB,HIGH
SQLmap,STUB,HIGH
sqlmap-agent,STUB,HIGH
srv,STUB,HIGH
sse_keepalive,STUB,HIGH
sse_stream,STUB,HIGH
ssh_manager,STUB,HIGH
sslscan,STUB,HIGH
SslTrustAll,STUB,HIGH
SslTrustAll1,STUB,HIGH
SslTrustAllTimeoutSslSocketFactory,STUB,HIGH
ssl_checker,STUB,HIGH
ssti_fuzz,STUB,HIGH
ssti_polyglot,STUB,HIGH
ssti_stored,STUB,HIGH
stage121_catalog,STUB,HIGH
stage121_web,STUB,HIGH
stage122_catalog,STUB,HIGH
stage123_catalog,STUB,HIGH
STAGE2,STUB,HIGH
start,STUB,HIGH
stats,STUB,HIGH
status,STUB,HIGH
stderr,STUB,HIGH
stderr_1,STUB,HIGH
stdout,STUB,HIGH
stdout_1,STUB,HIGH
stealth_crawler,STUB,HIGH
steghide,STUB,HIGH
stig-analyst,STUB,HIGH
stored_xss,STUB,HIGH
style,STUB,HIGH
styles,STUB,HIGH
subdomain,STUB,HIGH
subdomain-enumeration,STUB,HIGH
subdomain-hunter-agent,STUB,HIGH
subdomainstxt,STUB,HIGH
subdomains_1,STUB,HIGH
subdomains_2,STUB,HIGH
subdomains_v0,STUB,HIGH
subdomains_v1,STUB,HIGH
subdomains_v2,STUB,HIGH
subfinder-logo,STUB,HIGH
subfinder-run,STUB,HIGH
subfinder_2,STUB,HIGH
sublist3r_tool,STUB,HIGH
submd,STUB,HIGH
SUBPROCESSORS,STUB,HIGH
subprocess_mixin,STUB,HIGH
subprocess_runner,STUB,HIGH
subs,STUB,HIGH
sub_agent_context,STUB,HIGH
sub_agent_context_test,STUB,HIGH
suggestion_engine,STUB,HIGH
SUMMARY,STUB,HIGH
summary-mapper,STUB,HIGH
support,STUB,HIGH
support_test,STUB,HIGH
swagger,STUB,HIGH
swagger_2,STUB,HIGH
swagger_parser,STUB,HIGH
swarm-orchestrator,STUB,HIGH
tag_engine,STUB,HIGH
takeover_detector,STUB,HIGH
target-model,STUB,HIGH
targets,STUB,HIGH
target_classifier,STUB,HIGH
task-management,STUB,HIGH
tasks,STUB,HIGH
task_handler,STUB,HIGH
task_manager,STUB,HIGH
task_processor,STUB,HIGH
task_tree_manager,STUB,HIGH
tech-fingerprinter-agent,STUB,HIGH
telemetry,STUB,HIGH
templates,STUB,HIGH
template_manager,STUB,HIGH
terminal,STUB,HIGH
terminal_ws_unix,STUB,HIGH
TERMS,STUB,HIGH
terrascan,STUB,HIGH
test-cortex-integration,STUB,HIGH
test-gen-agent,STUB,HIGH
test-lsg-v2,STUB,HIGH
test-multibar,STUB,HIGH
test-suite,STUB,HIGH
test1,STUB,HIGH
test2,STUB,HIGH
testLogin,STUB,HIGH
tests,STUB,HIGH
testssl,STUB,HIGH
test_agents_parallel,STUB,HIGH
test_agent_loop,STUB,HIGH
test_agent_mode_cli,STUB,HIGH
test_anthropic_agent,STUB,HIGH
test_api_security_e2e_smoke,STUB,HIGH
test_api_server,STUB,HIGH
test_arjun_integration,STUB,HIGH
test_async_prompt,STUB,HIGH
test_authenticated_scan_coverage,STUB,HIGH
test_auth_profiles,STUB,HIGH
test_auth_profiles_smoke,STUB,HIGH
test_auth_profile_cli,STUB,HIGH
test_auth_runner,STUB,HIGH
test_auth_scan_e2e_smoke,STUB,HIGH
test_auth_session,STUB,HIGH
test_auth_session_bearer_flow,STUB,HIGH
test_backend_interface,STUB,HIGH
test_base_agent_coverage,STUB,HIGH
test_benchmarks_scoring_common,STUB,HIGH
test_browser_agent,STUB,HIGH
test_browser_agent_e2e_smoke,STUB,HIGH
test_browser_crawler,STUB,HIGH
test_cache,STUB,HIGH
test_chain,STUB,HIGH
test_chain_quality,STUB,HIGH
test_checkpoint,STUB,HIGH
test_ci_mode,STUB,HIGH
test_cli,STUB,HIGH
test_cli_auth_coverage,STUB,HIGH
test_cli_vps_count,STUB,HIGH
test_common,STUB,HIGH
test_config,STUB,HIGH
test_connection,STUB,HIGH
test_controller,STUB,HIGH
test_core,STUB,HIGH
test_cost_tracker,STUB,HIGH
test_csrf_auth_e2e_smoke,STUB,HIGH
test_dashboard,STUB,HIGH
test_dedup,STUB,HIGH
test_dns_resolver_auto,STUB,HIGH
test_e2e_probes,STUB,HIGH
test_engagement_lifecycle_e2e,STUB,HIGH
test_ensure_webs_all,STUB,HIGH
test_events,STUB,HIGH
test_evidence,STUB,HIGH
test_evidence_contract,STUB,HIGH
test_exec_context,STUB,HIGH
test_exports,STUB,HIGH
test_export_cli,STUB,HIGH
test_file_transfer,STUB,HIGH
test_full_flow,STUB,HIGH
test_full_workflow,STUB,HIGH
test_handlers_misc,STUB,HIGH
test_handler_meta,STUB,HIGH
test_handler_web_probes,STUB,HIGH
test_hitl_coverage,STUB,HIGH
test_injection,STUB,HIGH
test_install_planner,STUB,HIGH
test_install_preferences,STUB,HIGH
test_integration,STUB,HIGH
test_integration_dvwa,STUB,HIGH
test_juiceshop_e2e_smoke,STUB,HIGH
test_langfuse,STUB,HIGH
test_langfuse_1,STUB,HIGH
test_legacy_probe_migration,STUB,HIGH
test_list_targets,STUB,HIGH
test_llm,STUB,HIGH
test_llm_e2e_smoke,STUB,HIGH
test_llm_redteam,STUB,HIGH
test_mcp_action_surface,STUB,HIGH
test_mcp_auth_profile,STUB,HIGH
test_mcp_auth_session_reuse,STUB,HIGH
test_mcp_client_and_hitl,STUB,HIGH
test_mcp_honeypot_e2e,STUB,HIGH
test_mcp_security_tools,STUB,HIGH
test_mcp_server,STUB,HIGH
test_mcp_server_coverage,STUB,HIGH
test_mcp_setup,STUB,HIGH
test_misc_coverage,STUB,HIGH
test_mobile_agent_e2e_smoke,STUB,HIGH
test_monitor,STUB,HIGH
test_monitor_mode,STUB,HIGH
test_new_high_roi_probes,STUB,HIGH
test_new_tool_integrations,STUB,HIGH
test_observation_normalization,STUB,HIGH
test_os_execution,STUB,HIGH
test_output_parser,STUB,HIGH
test_parallel,STUB,HIGH
test_payload_library,STUB,HIGH
test_perf_profile,STUB,HIGH
test_permutation_wordlist_select,STUB,HIGH
test_phase6,STUB,HIGH
test_playbook,STUB,HIGH
test_plugin_loader,STUB,HIGH
test_primitives_evidence_capture,STUB,HIGH
test_probe_asset_secrets,STUB,HIGH
test_probe_business_logic_fuzz,STUB,HIGH
test_probe_captcha_replay,STUB,HIGH
test_probe_cors_reflection,STUB,HIGH
test_probe_coupon_forging,STUB,HIGH
test_probe_crawler,STUB,HIGH
test_probe_cve_poc,STUB,HIGH
test_probe_deserialization,STUB,HIGH
test_probe_dom_xss,STUB,HIGH
test_probe_exif_metadata,STUB,HIGH
test_probe_file_upload_validation,STUB,HIGH
test_probe_forced_error,STUB,HIGH
test_probe_graphql_introspection,STUB,HIGH
test_probe_hidden_discovery,STUB,HIGH
test_probe_host_header_reset_poisoning,STUB,HIGH
test_probe_idor_authenticated,STUB,HIGH
test_probe_idor_authz_differential,STUB,HIGH
test_probe_idor_sequential,STUB,HIGH
test_probe_ldap_injection,STUB,HIGH
test_probe_leaked_credentials,STUB,HIGH
test_probe_mass_assignment,STUB,HIGH
test_probe_nosql_fuzz,STUB,HIGH
test_probe_oauth_pkce_downgrade,STUB,HIGH
test_probe_path_traversal,STUB,HIGH
test_probe_primitives,STUB,HIGH
test_probe_prototype_pollution,STUB,HIGH
test_probe_race_condition,STUB,HIGH
test_probe_reflected_xss,STUB,HIGH
test_probe_registry,STUB,HIGH
test_probe_response_headers,STUB,HIGH
test_probe_sqli_fuzz,STUB,HIGH
test_probe_ssti_fuzz,STUB,HIGH
test_probe_ssti_polyglot,STUB,HIGH
test_probe_ssti_stored,STUB,HIGH
test_probe_stored_xss,STUB,HIGH
test_probe_web3,STUB,HIGH
test_probe_web_cache_deception,STUB,HIGH
test_probe_xss_fuzz,STUB,HIGH
test_probe_xxe_upload,STUB,HIGH
test_process_registry,STUB,HIGH
test_profile_migration,STUB,HIGH
test_providers,STUB,HIGH
test_registry_bridge,STUB,HIGH
test_registry_coverage,STUB,HIGH
test_registry_extended,STUB,HIGH
test_reporting,STUB,HIGH
test_report_only,STUB,HIGH
test_resolvers_external,STUB,HIGH
test_resolvers_hardening,STUB,HIGH
test_resolver_env,STUB,HIGH
test_sanitize,STUB,HIGH
test_scanners,STUB,HIGH
test_scope,STUB,HIGH
test_secure_credential,STUB,HIGH
test_session,STUB,HIGH
test_severity_calibration,STUB,HIGH
test_shell_syntax,STUB,HIGH
test_smoke,STUB,HIGH
test_spa_probes,STUB,HIGH
test_specialist_agents_coverage,STUB,HIGH
test_stage1,STUB,HIGH
test_stage121_integration,STUB,HIGH
test_stage122_integration,STUB,HIGH
test_stage123_integration,STUB,HIGH
test_stage13_orchestration,STUB,HIGH
test_stage14_tui,STUB,HIGH
test_stage15_plugins,STUB,HIGH
test_stage181_burp,STUB,HIGH
test_stage182_traffic,STUB,HIGH
test_stage19_plugins,STUB,HIGH
test_stage2,STUB,HIGH
test_stage20_services,STUB,HIGH
test_stage2_integration,STUB,HIGH
test_stealth_crawler,STUB,HIGH
test_subdomains_asn,STUB,HIGH
test_subdomains_filtering,STUB,HIGH
test_sub_tls_no_match,STUB,HIGH
test_target_expander,STUB,HIGH
test_terminal_output_modes,STUB,HIGH
test_tool_bridge,STUB,HIGH
test_tool_bridge_e2e,STUB,HIGH
test_tool_installer,STUB,HIGH
test_tool_installer_coverage,STUB,HIGH
test_tool_installer_extended,STUB,HIGH
test_tool_result_persistence,STUB,HIGH
test_tracing_and_telemetry,STUB,HIGH
test_tracing_coverage,STUB,HIGH
test_trigger_system,STUB,HIGH
test_ui_snapshots,STUB,HIGH
test_utils,STUB,HIGH
test_validation,STUB,HIGH
test_verbosity,STUB,HIGH
test_vps_count_cli,STUB,HIGH
test_webprobe_full_formats,STUB,HIGH
test_web_agent_crawl_inject,STUB,HIGH
test_web_agent_set_auth,STUB,HIGH
test_working_memory,STUB,HIGH
THANKS,STUB,HIGH
thc,STUB,HIGH
theharvester,STUB,HIGH
threat-modeler,STUB,HIGH
threatbook,STUB,HIGH
threatcrowd,STUB,HIGH
threatcrowd_2,STUB,HIGH
threatminer,STUB,HIGH
throttle,STUB,HIGH
TIER2-EXECUTION,STUB,HIGH
TIMELINE,STUB,HIGH
tlsx,STUB,HIGH
tls_cert,STUB,HIGH
tls_cert_1,STUB,HIGH
tls_fingerprint,STUB,HIGH
tmux_manager,STUB,HIGH
tool-checker,STUB,HIGH
tool-responses,STUB,HIGH
tool-runner,STUB,HIGH
tools,STUB,HIGH
tools_commands,STUB,HIGH
tooltipcpython-313,STUB,HIGH
tool_bridge,STUB,HIGH
tool_browser,STUB,HIGH
tool_chains,STUB,HIGH
tool_error_middleware,STUB,HIGH
tool_error_middleware_test,STUB,HIGH
tool_health,STUB,HIGH
tool_installer,STUB,HIGH
tool_invoke_notify,STUB,HIGH
tool_lessons,STUB,HIGH
tool_registry,STUB,HIGH
tool_result,STUB,HIGH
tool_schemas,STUB,HIGH
tool_versions,STUB,HIGH
totp-validator,STUB,HIGH
tracer,STUB,HIGH
tracing,STUB,HIGH
traffic_commands,STUB,HIGH
traffic_parser,STUB,HIGH
traffic_view,STUB,HIGH
train-archnet,STUB,HIGH
train-filternet,STUB,HIGH
train-simple,STUB,HIGH
training-data-2025-12-24T03-29-17-267Z,STUB,HIGH
training-data-2025-12-24T03-31-48-760Z,STUB,HIGH
training-data-2025-12-24T04-13-25-236Z,STUB,HIGH
training-data-2025-12-24T04-32-35-147Z,STUB,HIGH
training-data-2025-12-24T04-43-48-405Z,STUB,HIGH
transform,STUB,HIGH
transform_test,STUB,HIGH
transparentbanner,STUB,HIGH
triage,STUB,HIGH
triage-results,STUB,HIGH
triage-rubric,STUB,HIGH
triage-summary,STUB,HIGH
triage_sample,STUB,HIGH
trigger_system,STUB,HIGH
trivy,STUB,HIGH
TROUBLESHOOTING,STUB,HIGH
truncate,STUB,HIGH
truncate_test,STUB,HIGH
trusted_header_bypass,STUB,HIGH
tsconfig,STUB,HIGH
tsconfigbase,STUB,HIGH
tsconfig_1,STUB,HIGH
tsdownconfig,STUB,HIGH
tshark,STUB,HIGH
tshark_engine,STUB,HIGH
tui,STUB,HIGH
turbo,STUB,HIGH
txt,STUB,HIGH
txt_1,STUB,HIGH
type,STUB,HIGH
types,STUB,HIGH
types_1,STUB,HIGH
types_2,STUB,HIGH
types_6,STUB,HIGH
types_7,STUB,HIGH
types_9,STUB,HIGH
unauthed-decision-log,STUB,HIGH
unauthed-findings,STUB,HIGH
unauthed-findings_1,STUB,HIGH
update,STUB,HIGH
upgrade,STUB,HIGH
url,STUB,HIGH
urlscan,STUB,HIGH
urlscan_2,STUB,HIGH
utils,STUB,HIGH
utils_2,STUB,HIGH
uv_1,STUB,HIGH
validate,STUB,HIGH
validate-authentication,STUB,HIGH
validate_2,STUB,HIGH
validation-harness,STUB,HIGH
validator,STUB,HIGH
validatorcpython-313,STUB,HIGH
vars,STUB,HIGH
vault,STUB,HIGH
version,STUB,HIGH
virtual-host-enumeration,STUB,HIGH
virustotal,STUB,HIGH
virustotal_1,STUB,HIGH
virustotal_3,STUB,HIGH
viz,STUB,HIGH
volatility3,STUB,HIGH
wayback,STUB,HIGH
waybackarchive,STUB,HIGH
waybackurls,STUB,HIGH
waybackurls_2,STUB,HIGH
wayback_1,STUB,HIGH
waymore,STUB,HIGH
web,STUB,HIGH
web-app-quick,STUB,HIGH
web-hunter,STUB,HIGH
web3_probe,STUB,HIGH
webhook-reporter,STUB,HIGH
webhooks,STUB,HIGH
webshell,STUB,HIGH
webshell-management,STUB,HIGH
webshell_context,STUB,HIGH
webshell_context_test,STUB,HIGH
webshell_probe,STUB,HIGH
websocket,STUB,HIGH
web_agent,STUB,HIGH
web_cache_deception,STUB,HIGH
web_enum,STUB,HIGH
web_intelligence_view,STUB,HIGH
web_parser,STUB,HIGH
web_pipeline,STUB,HIGH
web_probes,STUB,HIGH
wechat,STUB,HIGH
wechat-robot,STUB,HIGH
wechat_robot,STUB,HIGH
whatweb,STUB,HIGH
whatweb_2,STUB,HIGH
whoisxmlapi,STUB,HIGH
whois_lookup,STUB,HIGH
wildcard_detector,STUB,HIGH
windvane,STUB,HIGH
winrm-detection,STUB,HIGH
wireless-pentester,STUB,HIGH
wireless_agent,STUB,HIGH
wordlist,STUB,HIGH
wordlist_test,STUB,HIGH
workflow-errors,STUB,HIGH
workflow-logger,STUB,HIGH
workflow_builder,STUB,HIGH
workflow_definitions,STUB,HIGH
workflow_engine,STUB,HIGH
workflow_engine_1,STUB,HIGH
workflow_planner,STUB,HIGH
workflow_player,STUB,HIGH
workflow_recorder,STUB,HIGH
workflow_templates,STUB,HIGH
workspaces_1,STUB,HIGH
world-model,STUB,HIGH
WorldModel,STUB,HIGH
WorldModeltest,STUB,HIGH
wpscan,STUB,HIGH
writer,STUB,HIGH
xbow-performance-comparison,STUB,HIGH
xss,STUB,HIGH
xss-validator-agent,STUB,HIGH
xss_fuzz,STUB,HIGH
xxe_upload,STUB,HIGH
zap,STUB,HIGH
zetalytics,STUB,HIGH
zoomeyeapi,STUB,HIGH
zoomeye_search,STUB,HIGH
zsteg,STUB,HIGH
_11,STUB,HIGH
_12,STUB,HIGH
_13,STUB,HIGH
_14,STUB,HIGH
_15,STUB,HIGH
_rules_1,STUB,HIGH
_scope-guard,STUB,HIGH
_target_1,STUB,HIGH
__init__cpython-313,STUB,HIGH
__init__cpython-313_1,STUB,HIGH
__init___105,STUB,HIGH
__init___106,STUB,HIGH
__init___107,STUB,HIGH
__init___109,STUB,HIGH
__init___11,STUB,HIGH
__init___112,STUB,HIGH
__init___115,STUB,HIGH
__init___116,STUB,HIGH
__init___117,STUB,HIGH
__init___121,STUB,HIGH
__init___122,STUB,HIGH
__init___129,STUB,HIGH
__init___135,STUB,HIGH
__init___141,STUB,HIGH
__init___142,STUB,HIGH
__init___144,STUB,HIGH
__init___146,STUB,HIGH
__init___147,STUB,HIGH
__init___148,STUB,HIGH
__init___149,STUB,HIGH
__init___153,STUB,HIGH
__init___156,STUB,HIGH
__init___17,STUB,HIGH
__init___201,STUB,HIGH
__init___202,STUB,HIGH
__init___203,STUB,HIGH
__init___205,STUB,HIGH
__init___207,STUB,HIGH
__init___211,STUB,HIGH
__init___212,STUB,HIGH
__init___213,STUB,HIGH
__init___214,STUB,HIGH
__init___215,STUB,HIGH
__init___216,STUB,HIGH
__init___217,STUB,HIGH
__init___218,STUB,HIGH
__init___219,STUB,HIGH
__init___22,STUB,HIGH
__init___224,STUB,HIGH
__init___231,STUB,HIGH
__init___28,STUB,HIGH
__init___29,STUB,HIGH
__init___30,STUB,HIGH
__init___31,STUB,HIGH
__init___33,STUB,HIGH
__init___34,STUB,HIGH
__init___35,STUB,HIGH
__init___36,STUB,HIGH
__init___37,STUB,HIGH
__init___38,STUB,HIGH
__init___43,STUB,HIGH
__init___50,STUB,HIGH
__init___51,STUB,HIGH
__init___52,STUB,HIGH
__init___54,STUB,HIGH
__init___55,STUB,HIGH
__init___57,STUB,HIGH
__init___58,STUB,HIGH
__init___6,STUB,HIGH
__init___64,STUB,HIGH
__init___70,STUB,HIGH
__init___71,STUB,HIGH
__main__,STUB,HIGH
__main___1,STUB,HIGH
AGENT-GUIDE,STUB,HIGH
agent_mode_controller,STUB,HIGH
attackchain_1,STUB,HIGH
balanced-active-scan,STUB,HIGH
BigQueryInjection,STUB,HIGH
cache,STUB,HIGH
CassandraInjection,STUB,HIGH
checkpoint-provider,STUB,HIGH
concurrency,STUB,HIGH
container,STUB,HIGH
context,STUB,HIGH
conversation_1,STUB,HIGH
cve_mapper,STUB,HIGH
cvss,STUB,HIGH
database,STUB,HIGH
DB2Injection,STUB,HIGH
db_1,STUB,HIGH
db_test,STUB,HIGH
deliverables,STUB,HIGH
detection_agent,STUB,HIGH
eino_adk_run_loop,STUB,HIGH
eino_meta_test,STUB,HIGH
eino_retriever_adapter,STUB,HIGH
eino_retrieve_chain,STUB,HIGH
eino_sqlite_indexer,STUB,HIGH
endpoint-prober,STUB,HIGH
ErrorPatternAnalyzer,STUB,HIGH
exploit,STUB,HIGH
exploit-authz_1,STUB,HIGH
exploit-authz_3,STUB,HIGH
exploit-auth_1,STUB,HIGH
exploit-auth_3,STUB,HIGH
exploit-chainer,STUB,HIGH
exploit-guide,STUB,HIGH
exploit-injection_1,STUB,HIGH
exploit-injection_2,STUB,HIGH
exploit-injection_3,STUB,HIGH
exploit-ssrf,STUB,HIGH
exploit-ssrf_1,STUB,HIGH
exploit-ssrf_2,STUB,HIGH
exploit-ssrf_3,STUB,HIGH
exploit-xss_1,STUB,HIGH
exploit-xss_3,STUB,HIGH
exploitation-checker,STUB,HIGH
export,STUB,HIGH
export-metrics,STUB,HIGH
finalizers,STUB,HIGH
findings,STUB,HIGH
FINDINGS-DB,STUB,HIGH
findings-provider,STUB,HIGH
findings-renderer,STUB,HIGH
generators,STUB,HIGH
gowitness,STUB,HIGH
Hackable2_3,STUB,HIGH
handoff,STUB,HIGH
index_pipeline,STUB,HIGH
Kioptrix_level_1,STUB,HIGH
listener_http_test,STUB,HIGH
manager,STUB,HIGH
manager_start_test,STUB,HIGH
menu_system,STUB,HIGH
metasploit,STUB,HIGH
metasploit_aux,STUB,HIGH
metatron,STUB,HIGH
migrate,STUB,HIGH
net-recon-agent,STUB,HIGH
nikto,STUB,HIGH
nmap-distccd,STUB,HIGH
nmap_2,STUB,HIGH
notification,STUB,HIGH
output-formatter,STUB,HIGH
output-formatters,STUB,HIGH
payloads,STUB,HIGH
pentestTarget,STUB,HIGH
pipeline,STUB,HIGH
primitives,STUB,HIGH
prompt_class,STUB,HIGH
pwntools,STUB,HIGH
query-execution-result,STUB,HIGH
queue-schemas,STUB,HIGH
queue-validation,STUB,HIGH
report-executive,STUB,HIGH
report-executive_3,STUB,HIGH
report-generator,STUB,HIGH
reporting,STUB,HIGH
requester,STUB,HIGH
requestercpython-313,STUB,HIGH
retriever,STUB,HIGH
schema,STUB,HIGH
schema_migrate,STUB,HIGH
session-manager,STUB,HIGH
settings-writer,STUB,HIGH
SKILL_10,STUB,HIGH
SKILL_15,STUB,HIGH
SKILL_21,STUB,HIGH
smb-vuln,STUB,HIGH
target,STUB,HIGH
task,STUB,HIGH
test_aup_consent,STUB,HIGH
test_benchmark_registry,STUB,HIGH
test_chain_dedup,STUB,HIGH
test_chain_validation,STUB,HIGH
test_cve_db,STUB,HIGH
test_cvss,STUB,HIGH
test_diff,STUB,HIGH
test_findings,STUB,HIGH
test_findings_db_reaper,STUB,HIGH
test_findings_db_reconciler,STUB,HIGH
test_handler_finalizers,STUB,HIGH
test_intensity_safe,STUB,HIGH
test_orchestrator,STUB,HIGH
test_probe_cookie_prefix_bypass,STUB,HIGH
test_probe_jwt_jku_x5u_ssrf,STUB,HIGH
test_probe_nextjs_rsc_rce,STUB,HIGH
test_probe_saml_xsw,STUB,HIGH
test_probe_sqli_login_bypass,STUB,HIGH
test_sarif,STUB,HIGH
test_webhooks,STUB,HIGH
tls-analyzer,STUB,HIGH
TOKEN-OPTIMIZATION,STUB,HIGH
tool,STUB,HIGH
types_5,STUB,HIGH
vuln-authz_1,STUB,HIGH
vuln-authz_3,STUB,HIGH
vuln-auth_1,STUB,HIGH
vuln-auth_3,STUB,HIGH
vuln-hypothesizer,STUB,HIGH
vuln-injection_1,STUB,HIGH
vuln-injection_3,STUB,HIGH
vuln-mapper,STUB,HIGH
vuln-mappertest,STUB,HIGH
vuln-scanner,STUB,HIGH
vuln-ssrf,STUB,HIGH
vuln-ssrf_1,STUB,HIGH
vuln-ssrf_2,STUB,HIGH
vuln-ssrf_3,STUB,HIGH
vuln-xss_1,STUB,HIGH
vuln-xss_3,STUB,HIGH
vulnerability,STUB,HIGH
vulnerability-triage,STUB,HIGH
vulnerability_1,STUB,HIGH
vulnerability_concepts,STUB,HIGH
vulns,STUB,HIGH
vuln_analysis,STUB,HIGH
vuln_correlator,STUB,HIGH
vuln_pipeline,STUB,HIGH
vuln_scanner_agent,STUB,HIGH
worker,STUB,HIGH
working_memory,STUB,HIGH
xsser,STUB,HIGH
_exploit-scope,STUB,HIGH
_exploit-scope_1,STUB,HIGH
_vuln-scope,STUB,HIGH
_vuln-scope_1,STUB,HIGH
